-- MySQL dump 10.13  Distrib 8.0.33, for Linux (x86_64)
--
-- Host: localhost    Database: sdn1kalibagorkbm_raport
-- ------------------------------------------------------
-- Server version	8.0.33-cll-lve

/*!40101 SET @OLD_CHARACTER_SET_CLIENT=@@CHARACTER_SET_CLIENT */;
/*!40101 SET @OLD_CHARACTER_SET_RESULTS=@@CHARACTER_SET_RESULTS */;
/*!40101 SET @OLD_COLLATION_CONNECTION=@@COLLATION_CONNECTION */;
/*!50503 SET NAMES utf8mb4 */;
/*!40103 SET @OLD_TIME_ZONE=@@TIME_ZONE */;
/*!40103 SET TIME_ZONE='+00:00' */;
/*!40014 SET @OLD_UNIQUE_CHECKS=@@UNIQUE_CHECKS, UNIQUE_CHECKS=0 */;
/*!40014 SET @OLD_FOREIGN_KEY_CHECKS=@@FOREIGN_KEY_CHECKS, FOREIGN_KEY_CHECKS=0 */;
/*!40101 SET @OLD_SQL_MODE=@@SQL_MODE, SQL_MODE='NO_AUTO_VALUE_ON_ZERO' */;
/*!40111 SET @OLD_SQL_NOTES=@@SQL_NOTES, SQL_NOTES=0 */;

--
-- Current Database: `sdn1kalibagorkbm_raport`
--


--
-- Table structure for table `achievements`
--

DROP TABLE IF EXISTS `achievements`;
/*!40101 SET @saved_cs_client     = @@character_set_client */;
/*!50503 SET character_set_client = utf8mb4 */;
CREATE TABLE `achievements` (
  `id` bigint unsigned NOT NULL AUTO_INCREMENT,
  `slug` varchar(255) COLLATE utf8mb4_unicode_ci DEFAULT NULL,
  `id_student_class` bigint unsigned DEFAULT NULL,
  `id_teacher` int unsigned NOT NULL,
  `id_study_class` int unsigned NOT NULL,
  `ranking` varchar(255) COLLATE utf8mb4_unicode_ci DEFAULT NULL,
  `level` varchar(255) COLLATE utf8mb4_unicode_ci DEFAULT NULL,
  `id_school_year` int unsigned NOT NULL,
  `name` varchar(255) COLLATE utf8mb4_unicode_ci NOT NULL,
  `description` text COLLATE utf8mb4_unicode_ci,
  `status` tinyint NOT NULL DEFAULT '1',
  `created_at` timestamp NULL DEFAULT NULL,
  `updated_at` timestamp NULL DEFAULT NULL,
  `deleted_at` timestamp NULL DEFAULT NULL,
  PRIMARY KEY (`id`),
  KEY `achievements_id_student_class_foreign` (`id_student_class`),
  KEY `achievements_id_teacher_foreign` (`id_teacher`),
  KEY `achievements_id_study_class_foreign` (`id_study_class`),
  KEY `achievements_id_school_year_foreign` (`id_school_year`),
  CONSTRAINT `achievements_id_school_year_foreign` FOREIGN KEY (`id_school_year`) REFERENCES `school_years` (`id`) ON DELETE CASCADE,
  CONSTRAINT `achievements_id_student_class_foreign` FOREIGN KEY (`id_student_class`) REFERENCES `student_classes` (`id`) ON DELETE CASCADE,
  CONSTRAINT `achievements_id_study_class_foreign` FOREIGN KEY (`id_study_class`) REFERENCES `study_classes` (`id`) ON DELETE CASCADE,
  CONSTRAINT `achievements_id_teacher_foreign` FOREIGN KEY (`id_teacher`) REFERENCES `teachers` (`id`) ON DELETE CASCADE
) ENGINE=InnoDB AUTO_INCREMENT=4 DEFAULT CHARSET=utf8mb4 COLLATE=utf8mb4_unicode_ci;
/*!40101 SET character_set_client = @saved_cs_client */;

--
-- Dumping data for table `achievements`
--

LOCK TABLES `achievements` WRITE;
/*!40000 ALTER TABLE `achievements` DISABLE KEYS */;
/*!40000 ALTER TABLE `achievements` ENABLE KEYS */;
UNLOCK TABLES;

--
-- Table structure for table `admins`
--

DROP TABLE IF EXISTS `admins`;
/*!40101 SET @saved_cs_client     = @@character_set_client */;
/*!50503 SET character_set_client = utf8mb4 */;
CREATE TABLE `admins` (
  `id` int unsigned NOT NULL AUTO_INCREMENT,
  `slug` varchar(255) COLLATE utf8mb4_unicode_ci DEFAULT NULL,
  `name` varchar(255) COLLATE utf8mb4_unicode_ci NOT NULL,
  `email` varchar(255) COLLATE utf8mb4_unicode_ci DEFAULT NULL,
  `gender` enum('male','female') COLLATE utf8mb4_unicode_ci NOT NULL,
  `phone` varchar(255) COLLATE utf8mb4_unicode_ci DEFAULT NULL,
  `address` text COLLATE utf8mb4_unicode_ci,
  `file` varchar(255) COLLATE utf8mb4_unicode_ci DEFAULT NULL,
  `place_of_birth` varchar(255) COLLATE utf8mb4_unicode_ci DEFAULT NULL,
  `date_of_birth` date DEFAULT NULL,
  `password` varchar(255) COLLATE utf8mb4_unicode_ci NOT NULL,
  `last_ip` varchar(255) COLLATE utf8mb4_unicode_ci DEFAULT NULL,
  `last_login` datetime DEFAULT NULL,
  `status` tinyint NOT NULL DEFAULT '1',
  `remember_token` varchar(100) COLLATE utf8mb4_unicode_ci DEFAULT NULL,
  `created_at` timestamp NULL DEFAULT NULL,
  `updated_at` timestamp NULL DEFAULT NULL,
  `deleted_at` timestamp NULL DEFAULT NULL,
  PRIMARY KEY (`id`),
  UNIQUE KEY `admins_email_unique` (`email`)
) ENGINE=InnoDB AUTO_INCREMENT=4 DEFAULT CHARSET=utf8mb4 COLLATE=utf8mb4_unicode_ci;
/*!40101 SET character_set_client = @saved_cs_client */;

--
-- Dumping data for table `admins`
--

LOCK TABLES `admins` WRITE;
/*!40000 ALTER TABLE `admins` DISABLE KEYS */;
INSERT INTO `admins` (`id`, `slug`, `name`, `email`, `gender`, `phone`, `address`, `file`, `place_of_birth`, `date_of_birth`, `password`, `last_ip`, `last_login`, `status`, `remember_token`, `created_at`, `updated_at`, `deleted_at`) VALUES (1,'adminah-q6z8h','adminah','admin@mail.com','male','085729081092','banjarsari, kebumen pringsurat',NULL,'temanggung','2000-08-17','$2y$10$5VxlfdD1NMESBfaMxb/tousaXI9tYCK7A2eGEaQgcZ2Stp1AVa64e',NULL,NULL,1,NULL,'2023-05-16 10:41:40','2023-05-23 02:51:25',NULL),(2,'mohamad-ambyah-ObnNQ','Mohamad Ambyah','ambyahku@gmail.com','male','08172811042','Wonosari Kebumen',NULL,'Kebumen','1974-02-25','$2a$12$JsRp.a.srvRHvB1f07H4p.ANnO3Yvlf8DvYV5op6PFRqqYmtYKQBS',NULL,NULL,1,NULL,'2023-05-25 03:23:54','2023-06-22 19:40:42',NULL),(3,'fenty-wakhidayah-2LxNM','Fenty Wakhidayah','fwakhidayah@gmail.com','female','087737767048','KEBUMEN',NULL,'KEBUMEN','1991-07-04','$2y$10$gDxAk93MLPXd4VRjuwRawOPCqvD2n9PpHqZbA9F7eotSX5xK.3Ay.',NULL,NULL,1,NULL,'2023-06-15 01:21:41','2023-06-17 00:19:03',NULL);
/*!40000 ALTER TABLE `admins` ENABLE KEYS */;
UNLOCK TABLES;

--
-- Table structure for table `assesment_weightings`
--

DROP TABLE IF EXISTS `assesment_weightings`;
/*!40101 SET @saved_cs_client     = @@character_set_client */;
/*!50503 SET character_set_client = utf8mb4 */;
CREATE TABLE `assesment_weightings` (
  `id` int unsigned NOT NULL AUTO_INCREMENT,
  `slug` varchar(255) COLLATE utf8mb4_unicode_ci DEFAULT NULL,
  `type` enum('uts','uas') COLLATE utf8mb4_unicode_ci DEFAULT NULL,
  `id_teacher` int unsigned NOT NULL,
  `id_course` int unsigned NOT NULL,
  `id_study_class` int unsigned NOT NULL,
  `id_school_year` int unsigned NOT NULL,
  `formative_weight` int DEFAULT NULL,
  `sumative_weight` int DEFAULT NULL,
  `uts_weight` int DEFAULT NULL,
  `uas_weight` int DEFAULT NULL,
  `status` tinyint NOT NULL DEFAULT '1',
  `created_at` timestamp NULL DEFAULT NULL,
  `updated_at` timestamp NULL DEFAULT NULL,
  `deleted_at` timestamp NULL DEFAULT NULL,
  PRIMARY KEY (`id`),
  KEY `assesment_weightings_id_course_foreign` (`id_course`),
  KEY `assesment_weightings_id_study_class_foreign` (`id_study_class`),
  KEY `assesment_weightings_id_teacher_foreign` (`id_teacher`),
  KEY `assesment_weightings_id_school_year_foreign` (`id_school_year`),
  CONSTRAINT `assesment_weightings_id_course_foreign` FOREIGN KEY (`id_course`) REFERENCES `courses` (`id`) ON DELETE CASCADE,
  CONSTRAINT `assesment_weightings_id_school_year_foreign` FOREIGN KEY (`id_school_year`) REFERENCES `school_years` (`id`) ON DELETE CASCADE,
  CONSTRAINT `assesment_weightings_id_study_class_foreign` FOREIGN KEY (`id_study_class`) REFERENCES `study_classes` (`id`) ON DELETE CASCADE,
  CONSTRAINT `assesment_weightings_id_teacher_foreign` FOREIGN KEY (`id_teacher`) REFERENCES `teachers` (`id`) ON DELETE CASCADE
) ENGINE=InnoDB AUTO_INCREMENT=55 DEFAULT CHARSET=utf8mb4 COLLATE=utf8mb4_unicode_ci;
/*!40101 SET character_set_client = @saved_cs_client */;

--
-- Dumping data for table `assesment_weightings`
--

LOCK TABLES `assesment_weightings` WRITE;
/*!40000 ALTER TABLE `assesment_weightings` DISABLE KEYS */;
INSERT INTO `assesment_weightings` (`id`, `slug`, `type`, `id_teacher`, `id_course`, `id_study_class`, `id_school_year`, `formative_weight`, `sumative_weight`, `uts_weight`, `uas_weight`, `status`, `created_at`, `updated_at`, `deleted_at`) VALUES (1,NULL,'uas',2,1,1,1,25,25,25,25,1,'2023-05-16 08:22:37','2023-06-29 05:48:11','2023-06-29 05:48:11'),(2,NULL,'uas',2,2,1,1,25,25,25,25,1,'2023-05-16 08:22:37','2023-05-16 08:22:37',NULL),(3,NULL,'uas',3,1,2,3,25,25,25,25,1,'2023-05-23 02:13:43','2023-06-29 05:48:11','2023-06-29 05:48:11'),(4,NULL,'uas',3,2,2,3,25,25,25,25,1,'2023-05-23 02:13:43','2023-05-23 02:13:43',NULL),(5,NULL,'uts',2,1,1,3,30,40,30,NULL,1,'2023-05-23 07:45:54','2023-06-29 05:48:11','2023-06-29 05:48:11'),(6,NULL,'uts',2,2,1,3,30,40,30,NULL,1,'2023-05-23 07:45:54','2023-05-23 07:45:54',NULL),(7,NULL,'uas',2,1,1,3,40,40,0,20,1,'2023-05-24 01:25:10','2023-06-29 05:48:11','2023-06-29 05:48:11'),(8,NULL,'uas',2,2,1,3,20,20,40,20,1,'2023-05-24 01:25:10','2023-05-24 01:25:10',NULL),(9,NULL,'uas',13,1,4,3,40,30,0,30,1,'2023-06-17 03:10:44','2023-06-29 05:48:11','2023-06-29 05:48:11'),(10,NULL,'uas',13,3,4,3,0,0,0,100,1,'2023-06-17 03:10:44','2023-06-29 05:49:19','2023-06-29 05:49:19'),(11,NULL,'uas',13,7,4,3,0,0,0,100,1,'2023-06-17 03:10:44','2023-06-17 03:32:19',NULL),(12,NULL,'uas',16,4,4,3,0,0,0,100,1,'2023-06-17 03:21:38','2023-06-29 05:49:11','2023-06-29 05:49:11'),(13,NULL,'uts',13,1,4,3,0,0,0,NULL,1,'2023-06-17 03:27:34','2023-06-29 05:48:11','2023-06-29 05:48:11'),(14,NULL,'uts',13,3,4,3,0,0,0,NULL,1,'2023-06-17 03:27:34','2023-06-29 05:49:19','2023-06-29 05:49:19'),(15,NULL,'uts',13,7,4,3,0,0,0,NULL,1,'2023-06-17 03:27:34','2023-06-17 03:27:34',NULL),(16,NULL,'uts',16,4,4,3,0,0,0,NULL,1,'2023-06-17 03:27:34','2023-06-29 05:49:11','2023-06-29 05:49:11'),(17,NULL,'uas',11,1,1,3,0,0,0,100,1,'2023-06-17 03:31:10','2023-06-29 05:48:11','2023-06-29 05:48:11'),(18,NULL,'uas',11,3,1,3,0,0,0,100,1,'2023-06-17 03:31:10','2023-06-29 05:49:19','2023-06-29 05:49:19'),(19,NULL,'uas',11,7,1,3,0,0,0,100,1,'2023-06-17 03:31:10','2023-06-17 03:31:10',NULL),(20,NULL,'uas',16,4,1,3,0,0,0,100,1,'2023-06-17 03:31:10','2023-06-29 05:49:11','2023-06-29 05:49:11'),(21,NULL,'uas',18,1,2,1,60,0,0,40,1,'2023-06-24 10:17:29','2023-06-29 05:48:11','2023-06-29 05:48:11'),(22,NULL,'uas',18,3,2,1,60,0,0,40,1,'2023-06-24 10:17:29','2023-06-29 05:49:19','2023-06-29 05:49:19'),(23,NULL,'uas',18,11,2,1,60,0,0,40,1,'2023-06-24 11:22:48','2023-06-29 05:47:22','2023-06-29 05:47:22'),(24,NULL,'uas',15,1,5,3,0,0,0,0,1,'2023-06-26 10:54:19','2023-06-29 05:48:11','2023-06-29 05:48:11'),(25,NULL,'uas',15,3,5,3,0,0,0,0,1,'2023-06-26 10:54:19','2023-06-29 05:49:19','2023-06-29 05:49:19'),(26,NULL,'uas',15,7,5,3,0,0,0,0,1,'2023-06-26 10:54:19','2023-06-26 10:55:03',NULL),(27,NULL,'uas',12,1,2,1,30,30,20,20,1,'2023-06-28 09:55:04','2023-06-29 05:48:11','2023-06-29 05:48:11'),(28,NULL,'uas',12,12,2,1,30,30,20,20,1,'2023-06-28 09:55:04','2023-06-29 05:48:34','2023-06-29 05:48:34'),(29,NULL,'uas',12,3,2,1,30,30,20,20,1,'2023-06-28 09:55:04','2023-06-29 05:49:19','2023-06-29 05:49:19'),(30,NULL,'uas',15,14,5,1,60,0,0,40,1,'2023-06-30 11:27:15','2023-06-30 11:30:50',NULL),(31,NULL,'uas',15,15,5,1,60,0,0,40,1,'2023-06-30 11:27:16','2023-06-30 11:30:50',NULL),(32,NULL,'uas',15,16,5,1,60,0,0,40,1,'2023-06-30 11:27:16','2023-06-30 11:30:50',NULL),(33,NULL,'uas',15,17,5,1,60,0,0,40,1,'2023-06-30 11:27:16','2023-06-30 11:30:50',NULL),(34,NULL,'uas',15,19,5,1,60,0,0,40,1,'2023-06-30 11:27:16','2023-06-30 11:30:50',NULL),(35,NULL,'uas',18,14,2,1,60,0,0,40,1,'2023-07-01 09:14:10','2023-07-01 09:14:10',NULL),(36,NULL,'uas',18,15,2,1,60,0,0,40,1,'2023-07-01 09:14:10','2023-07-01 09:14:10',NULL),(37,NULL,'uas',18,16,2,1,60,0,0,40,1,'2023-07-01 09:14:10','2023-07-01 09:14:10',NULL),(38,NULL,'uas',18,19,2,1,60,0,0,40,1,'2023-07-01 09:14:10','2023-07-01 09:14:10',NULL),(39,NULL,'uas',11,14,1,1,40,0,0,60,1,'2023-07-02 15:18:14','2023-07-02 15:18:14',NULL),(40,NULL,'uas',11,15,1,1,40,0,0,60,1,'2023-07-02 15:18:14','2023-07-02 15:18:14',NULL),(41,NULL,'uas',11,16,1,1,40,0,0,60,1,'2023-07-02 15:18:14','2023-07-02 15:18:14',NULL),(42,NULL,'uas',11,22,1,1,40,0,0,60,1,'2023-07-02 15:18:14','2023-07-02 15:18:14',NULL),(43,NULL,'uas',11,26,1,1,40,0,0,60,1,'2023-07-02 15:18:14','2023-07-02 15:18:14',NULL),(44,NULL,'uas',11,27,1,1,40,0,0,60,1,'2023-07-02 15:18:14','2023-07-02 15:18:14',NULL),(45,NULL,'uas',14,2,4,1,40,0,0,60,1,'2023-07-02 15:22:22','2023-07-02 15:22:22',NULL),(46,NULL,'uas',13,14,4,1,60,0,0,40,1,'2023-07-11 12:40:33','2023-07-11 12:40:33',NULL),(47,NULL,'uas',13,15,4,1,60,0,0,40,1,'2023-07-11 12:40:33','2023-07-11 12:40:33',NULL),(48,NULL,'uas',13,16,4,1,60,0,0,40,1,'2023-07-11 12:40:33','2023-07-11 12:40:33',NULL),(49,NULL,'uas',13,17,4,1,60,0,0,40,1,'2023-07-11 12:40:33','2023-07-11 12:40:33',NULL),(50,NULL,'uas',13,22,4,1,60,0,0,40,1,'2023-07-11 12:40:33','2023-07-11 12:40:33',NULL),(51,NULL,'uas',13,24,4,1,60,0,0,40,1,'2023-07-11 12:40:33','2023-07-11 12:40:33',NULL),(52,NULL,'uas',13,25,4,1,60,0,0,40,1,'2023-07-11 12:40:33','2023-07-11 12:40:33',NULL),(53,NULL,'uas',13,26,4,1,60,0,0,40,1,'2023-07-11 12:40:33','2023-07-11 12:40:33',NULL),(54,NULL,'uas',13,27,4,1,60,0,0,40,1,'2023-07-11 12:40:33','2023-07-11 12:40:33',NULL);
/*!40000 ALTER TABLE `assesment_weightings` ENABLE KEYS */;
UNLOCK TABLES;

--
-- Table structure for table `attendance_scores`
--

DROP TABLE IF EXISTS `attendance_scores`;
/*!40101 SET @saved_cs_client     = @@character_set_client */;
/*!50503 SET character_set_client = utf8mb4 */;
CREATE TABLE `attendance_scores` (
  `id` bigint unsigned NOT NULL AUTO_INCREMENT,
  `slug` varchar(255) COLLATE utf8mb4_unicode_ci DEFAULT NULL,
  `id_student_class` bigint unsigned DEFAULT NULL,
  `id_school_year` int unsigned NOT NULL,
  `ill` tinyint NOT NULL DEFAULT '0',
  `excused` tinyint NOT NULL DEFAULT '0',
  `unexcused` tinyint NOT NULL DEFAULT '0',
  `status` tinyint NOT NULL DEFAULT '1',
  `created_at` timestamp NULL DEFAULT NULL,
  `updated_at` timestamp NULL DEFAULT NULL,
  `deleted_at` timestamp NULL DEFAULT NULL,
  PRIMARY KEY (`id`),
  KEY `attendance_scores_id_student_class_foreign` (`id_student_class`),
  KEY `attendance_scores_id_school_year_foreign` (`id_school_year`),
  CONSTRAINT `attendance_scores_id_school_year_foreign` FOREIGN KEY (`id_school_year`) REFERENCES `school_years` (`id`) ON DELETE CASCADE,
  CONSTRAINT `attendance_scores_id_student_class_foreign` FOREIGN KEY (`id_student_class`) REFERENCES `student_classes` (`id`) ON DELETE CASCADE
) ENGINE=InnoDB AUTO_INCREMENT=15 DEFAULT CHARSET=utf8mb4 COLLATE=utf8mb4_unicode_ci;
/*!40101 SET character_set_client = @saved_cs_client */;

--
-- Dumping data for table `attendance_scores`
--

LOCK TABLES `attendance_scores` WRITE;
/*!40000 ALTER TABLE `attendance_scores` DISABLE KEYS */;
/*!40000 ALTER TABLE `attendance_scores` ENABLE KEYS */;
UNLOCK TABLES;

--
-- Table structure for table `attitude_grades`
--

DROP TABLE IF EXISTS `attitude_grades`;
/*!40101 SET @saved_cs_client     = @@character_set_client */;
/*!50503 SET character_set_client = utf8mb4 */;
CREATE TABLE `attitude_grades` (
  `id` bigint unsigned NOT NULL AUTO_INCREMENT,
  `slug` varchar(255) COLLATE utf8mb4_unicode_ci DEFAULT NULL,
  `type` enum('social','spiritual') COLLATE utf8mb4_unicode_ci NOT NULL,
  `id_student_class` bigint unsigned DEFAULT NULL,
  `id_school_year` int unsigned NOT NULL,
  `id_teacher` int unsigned NOT NULL,
  `predicate` varchar(255) COLLATE utf8mb4_unicode_ci DEFAULT NULL,
  `attitudes` json NOT NULL,
  `status` tinyint NOT NULL DEFAULT '1',
  `created_at` timestamp NULL DEFAULT NULL,
  `updated_at` timestamp NULL DEFAULT NULL,
  `deleted_at` timestamp NULL DEFAULT NULL,
  PRIMARY KEY (`id`),
  KEY `attitude_grades_id_student_class_foreign` (`id_student_class`),
  KEY `attitude_grades_id_teacher_foreign` (`id_teacher`),
  KEY `attitude_grades_id_school_year_foreign` (`id_school_year`),
  CONSTRAINT `attitude_grades_id_school_year_foreign` FOREIGN KEY (`id_school_year`) REFERENCES `school_years` (`id`) ON DELETE CASCADE,
  CONSTRAINT `attitude_grades_id_student_class_foreign` FOREIGN KEY (`id_student_class`) REFERENCES `student_classes` (`id`) ON DELETE CASCADE,
  CONSTRAINT `attitude_grades_id_teacher_foreign` FOREIGN KEY (`id_teacher`) REFERENCES `teachers` (`id`) ON DELETE CASCADE
) ENGINE=InnoDB AUTO_INCREMENT=9 DEFAULT CHARSET=utf8mb4 COLLATE=utf8mb4_unicode_ci;
/*!40101 SET character_set_client = @saved_cs_client */;

--
-- Dumping data for table `attitude_grades`
--

LOCK TABLES `attitude_grades` WRITE;
/*!40000 ALTER TABLE `attitude_grades` DISABLE KEYS */;
/*!40000 ALTER TABLE `attitude_grades` ENABLE KEYS */;
UNLOCK TABLES;

--
-- Table structure for table `attitudes`
--

DROP TABLE IF EXISTS `attitudes`;
/*!40101 SET @saved_cs_client     = @@character_set_client */;
/*!50503 SET character_set_client = utf8mb4 */;
CREATE TABLE `attitudes` (
  `id` int unsigned NOT NULL AUTO_INCREMENT,
  `slug` varchar(255) COLLATE utf8mb4_unicode_ci DEFAULT NULL,
  `type` enum('social','spiritual') COLLATE utf8mb4_unicode_ci NOT NULL,
  `name` varchar(255) COLLATE utf8mb4_unicode_ci DEFAULT NULL,
  `status` tinyint NOT NULL DEFAULT '1',
  `created_at` timestamp NULL DEFAULT NULL,
  `updated_at` timestamp NULL DEFAULT NULL,
  `deleted_at` timestamp NULL DEFAULT NULL,
  PRIMARY KEY (`id`)
) ENGINE=InnoDB AUTO_INCREMENT=6 DEFAULT CHARSET=utf8mb4 COLLATE=utf8mb4_unicode_ci;
/*!40101 SET character_set_client = @saved_cs_client */;

--
-- Dumping data for table `attitudes`
--

LOCK TABLES `attitudes` WRITE;
/*!40000 ALTER TABLE `attitudes` DISABLE KEYS */;
INSERT INTO `attitudes` (`id`, `slug`, `type`, `name`, `status`, `created_at`, `updated_at`, `deleted_at`) VALUES (1,NULL,'social','jujur',1,'2023-05-24 08:30:51','2023-05-24 08:30:51',NULL),(2,NULL,'social','adil',1,'2023-05-24 08:30:51','2023-05-24 08:30:51',NULL),(3,NULL,'spiritual','memahami',1,'2023-05-24 08:31:17','2023-05-25 03:42:09','2023-05-25 03:42:09'),(4,NULL,'spiritual','mengerti',1,'2023-05-24 08:31:17','2023-05-24 08:31:17',NULL),(5,NULL,'social','sabar',1,'2023-05-25 03:41:31','2023-05-25 03:41:42','2023-05-25 03:41:42');
/*!40000 ALTER TABLE `attitudes` ENABLE KEYS */;
UNLOCK TABLES;

--
-- Table structure for table `basic_competencies`
--

DROP TABLE IF EXISTS `basic_competencies`;
/*!40101 SET @saved_cs_client     = @@character_set_client */;
/*!50503 SET character_set_client = utf8mb4 */;
CREATE TABLE `basic_competencies` (
  `id` int unsigned NOT NULL AUTO_INCREMENT,
  `slug` varchar(255) COLLATE utf8mb4_unicode_ci DEFAULT NULL,
  `id_course` int unsigned DEFAULT NULL,
  `id_level` int unsigned DEFAULT NULL,
  `name` json DEFAULT NULL,
  `status` tinyint NOT NULL DEFAULT '1',
  `created_at` timestamp NULL DEFAULT NULL,
  `updated_at` timestamp NULL DEFAULT NULL,
  `deleted_at` timestamp NULL DEFAULT NULL,
  PRIMARY KEY (`id`),
  KEY `basic_competencies_id_course_foreign` (`id_course`),
  KEY `basic_competencies_id_level_foreign` (`id_level`),
  CONSTRAINT `basic_competencies_id_course_foreign` FOREIGN KEY (`id_course`) REFERENCES `courses` (`id`) ON DELETE CASCADE,
  CONSTRAINT `basic_competencies_id_level_foreign` FOREIGN KEY (`id_level`) REFERENCES `levels` (`id`) ON DELETE CASCADE
) ENGINE=InnoDB AUTO_INCREMENT=175 DEFAULT CHARSET=utf8mb4 COLLATE=utf8mb4_unicode_ci;
/*!40101 SET character_set_client = @saved_cs_client */;

--
-- Dumping data for table `basic_competencies`
--

LOCK TABLES `basic_competencies` WRITE;
/*!40000 ALTER TABLE `basic_competencies` DISABLE KEYS */;
INSERT INTO `basic_competencies` (`id`, `slug`, `id_course`, `id_level`, `name`, `status`, `created_at`, `updated_at`, `deleted_at`) VALUES (1,'deskripsi-kd-1-kfN8A',1,1,'{\"code\": \"kd 1\", \"name\": \"deskripsi kd 1\"}',1,'2023-05-24 08:09:09','2023-06-29 05:48:11','2023-06-29 05:48:11'),(2,'ini-kd-1-ya-d9JHg',1,3,'{\"code\": \"kd1\", \"name\": \"ini kd 1 ya\"}',1,'2023-05-24 08:14:40','2023-06-29 05:48:11','2023-06-29 05:48:11'),(3,'ini-kd-2-ya-35wCy',1,3,'{\"code\": \"kd 2\", \"name\": \"ini kd 2 ya\"}',1,'2023-05-24 08:14:51','2023-06-29 05:48:11','2023-06-29 05:48:11'),(4,'memahami-majas-majas-dalam-bahasa-indonesia-Ksr4u',1,1,'{\"code\": \"KD0019\", \"name\": \"memahami majas-majas dalam bahasa indonesia\"}',1,'2023-06-15 07:20:05','2023-06-29 05:48:11','2023-06-29 05:48:11'),(5,'membaca-J7Yo0',1,6,'{\"code\": \"1.1\", \"name\": \"Membaca\"}',1,'2023-06-25 15:12:17','2023-06-29 05:48:11','2023-06-29 05:48:11'),(6,'memahami-arti-gambar-pada-lambang-negara-garuda-pancasila-mtlUK',14,3,'{\"code\": \"3.1\", \"name\": \"Memahami arti gambar pada lambang negara \'Garuda Pancasila\'\"}',1,'2023-07-01 08:44:27','2023-07-01 08:44:27',NULL),(7,'menjelaskan-makna-keberagaman-karakteristik-individu-dilinkungan-sekitar-ssjkr',14,3,'{\"code\": \"3.3\", \"name\": \"Menjelaskan makna keberagaman karakteristik individu dilinkungan sekitar\"}',1,'2023-07-01 08:49:13','2023-07-01 08:49:13',NULL),(8,'memahami-makna-bersatu-dalam-keberagaman-dilingkungan-sekitar-XVLsp',14,3,'{\"code\": \"3.4\", \"name\": \"Memahami makna bersatu dalam keberagaman dilingkungan sekitar\"}',1,'2023-07-01 08:53:34','2023-07-01 08:53:34',NULL),(9,'menceritakan-arti-gambar-pada-lambang-negara-garuda-pancasila-4NWab',14,3,'{\"code\": \"4.1\", \"name\": \"Menceritakan arti gambar pada lambang negara \' Garuda Pancasila \'\"}',1,'2023-07-01 08:57:40','2023-07-01 08:57:40',NULL),(10,'menyajikan-makna-keberagaman-karakterisik-individu-dilingkungan-BMuWj',14,3,'{\"code\": \"4.3\", \"name\": \"menyajikan makna keberagaman karakterisik individu dilingkungan\"}',1,'2023-07-01 09:00:38','2023-07-01 09:00:38',NULL),(11,'menyajikan-bentuk-bentuk-kebersatuan-dalam-keberagaman-0LlUr',14,3,'{\"code\": \"4.4\", \"name\": \"Menyajikan bentuk -bentuk kebersatuan dalam keberagaman\"}',1,'2023-07-01 09:03:45','2023-07-01 09:03:45',NULL),(12,'mengedentifikasi-kewajiban-dan-hak-sebagai-anggota-keluarga-dan-warga-sekolah-oBkJu',14,3,'{\"code\": \"3.2\", \"name\": \"Mengedentifikasi kewajiban dan hak sebagai anggota keluarga dan warga sekolah\"}',1,'2023-07-01 09:17:33','2023-07-01 09:17:33',NULL),(13,'menyajikan-hasil-identifikasi-kewajiban-dan-hak-sebagai-anggota-keluarga-dan-warga-sekolah-5P3N7',14,3,'{\"code\": \"4.2\", \"name\": \"Menyajikan hasil identifikasi kewajiban dan hak sebagai anggota keluarga dan warga sekolah\"}',1,'2023-07-01 09:24:13','2023-07-01 11:15:51',NULL),(14,'meggali-informasi-tentang-konsep-perubahan-wujud-benda-dalam-kehidupan-sehari-hari-yang-disajikan-dalam-bentuk-lisatulisvisualdan-atau-eksplorasi-lingkungan-q8lpK',15,3,'{\"code\": \"3.1\", \"name\": \"Meggali informasi tentang konsep perubahan wujud benda dalam kehidupan sehari -hari yang disajikan dalam bentuk lisa,tulis,visualdan /atau eksplorasi lingkungan.\"}',1,'2023-07-01 09:49:32','2023-07-01 09:49:32',NULL),(15,'mecermati-kosakata-dalam-teks-tentang-konsep-cri-ciri-kebutuhan-makanan-dan-tempat-hidup-pertumbuhandan-perkembangan-mahluk-hidup-yang-ada-dilingkungan-setempat-yang-disajikan-dalam-bentuk-lisan-tulis-visual-danatau-eksplorasi-lingkungan-Xu9mv',15,3,'{\"code\": \"3.4\", \"name\": \"Mecermati kosakata dalam teks tentang konsep cri-ciri  kebutuhan ( makanan dan tempat hidup) pertumbuhandan perkembangan mahluk hidup yang ada dilingkungan setempat yang disajikan dalam bentuk lisan ,tulis ,visual dan/atau eksplorasi lingkungan\"}',1,'2023-07-01 10:01:21','2023-07-01 10:01:21',NULL),(16,'menggali-informasi-tentang-cara-cara-perawatan-tumbuhan-dan-hewan-melalui-wawancara-danatau-eksploras-lingkungan-ls1dP',15,3,'{\"code\": \"3.5\", \"name\": \"Menggali informasi tentang cara-cara perawatan tumbuhan dan hewan melalui wawancara dan/atau eksploras lingkungan\"}',1,'2023-07-01 10:10:47','2023-07-01 10:10:47',NULL),(17,'menguraikan-pesan-dalam-dongeng-yang-disajikan-secara-lisan-tulis-dan-visual-dengan-tujuaqn-untuk-kesenangan-UXPmQ',15,3,'{\"code\": \"3.8\", \"name\": \"Menguraikan pesan dalam dongeng yang disajikan secara lisan ,tulis dan visual dengan tujuaqn untuk kesenangan.\"}',1,'2023-07-01 10:24:19','2023-07-01 10:24:19',NULL),(18,'mencermati-ungkapan-atau-kalimat-saramasukan-dan-penyelesaian-masalah-sederhana-dalam-teks-tulis-dg191',15,3,'{\"code\": \"3.10\", \"name\": \"Mencermati ungkapan atau kalimat sara,masukan dan penyelesaian masalah (sederhana ) dalam teks tulis.\"}',1,'2023-07-01 10:30:02','2023-07-01 10:30:02',NULL),(19,'menyajikan-hasil-informasi-tentang-konsep-perubahan-wujud-benda-dalam-kehidupan-sehari-hari-dalam-bentuk-lisantulisdan-visual-menggunakan-kosakata-baku-dan-kalimat-efektif-mBdjn',15,3,'{\"code\": \"4.1\", \"name\": \"Menyajikan hasil informasi tentang konsep perubahan wujud benda dalam kehidupan sehari-hari  dalam bentuk lisan,tulis,dan visual menggunakan kosakata baku dan kalimat efektif.\"}',1,'2023-07-01 10:39:01','2023-07-01 10:39:01',NULL),(20,'menyajikan-lap0ran-tentang-konsep-ciri-ciri-kebutuhan-makanan-dan-tempat-hidup-pertumbuhan-dan-perkembangan-mahluk-hidup-yang-ada-dilingkungan-setempat-secara-tertulis-menggunakan-kosa-kata-bakudalam-kalimat-efektif-MCH9N',15,3,'{\"code\": \"4.4\", \"name\": \"Menyajikan lap0ran tentang konsep ciri-ciri kebutuhan (makanan dan tempat hidup ), pertumbuhan dan perkembangan mahluk hidup yang ada dilingkungan  setempat secara tertulis  menggunakan kosa kata bakudalam kalimat efektif.\"}',1,'2023-07-01 10:46:32','2023-07-01 10:46:32',NULL),(21,'menyajikan-hasil-wawancara-tentang-cara-cara-perawatan-tumbuhan-dan-hewan-dalam-bentuk-tulis-dan-visual-menggunakan-kosakata-baku-dan-kalimat-efektif-2vA23',15,3,'{\"code\": \"4.5\", \"name\": \"Menyajikan hasil wawancara tentang cara-cara perawatan tumbuhan dan hewan dalam bentuk tulis dan visual menggunakan kosakata baku dan kalimat efektif.\"}',1,'2023-07-01 10:59:57','2023-07-01 10:59:57',NULL),(22,'memeragakan-pesan-dalam-dongeng-sebagai-bentuk-ungkapan-diri-menggunakan-kosa-kata-baku-dan-kalimat-efektif-HURGw',15,3,'{\"code\": \"4.8\", \"name\": \"Memeragakan pesan dalam dongeng sebagai bentuk ungkapan diri menggunakan kosa kata baku dan kalimat efektif\"}',1,'2023-07-01 11:06:52','2023-07-01 11:06:52',NULL),(23,'menganalisis-penerapan-nilai-nilai-pancasila-dalam-kehdupan-sehari-hari-d96cG',14,6,'{\"code\": \"3.1\", \"name\": \"Menganalisis penerapan nilai-nilai Pancasila dalam kehdupan sehari-hari.\"}',1,'2023-07-03 07:58:32','2023-07-03 07:58:32',NULL),(24,'menganalisis-pelaksanaan-kewajiban-hak-dan-tanggung-jawab-sebagai-warga-negara-beserta-dampaknya-dalam-kehidupan-sehari-hari-U3TvR',14,6,'{\"code\": \"3.2\", \"name\": \"Menganalisis pelaksanaan kewajiban, hak, dan tanggung jawab sebagai warga negara beserta dampaknya dalam kehidupan sehari-hari\"}',1,'2023-07-03 07:58:57','2023-07-03 07:58:57',NULL),(25,'menelaah-keberagaman-sosial-budaya-dan-ekonomi-masyarakat-NRr4S',14,6,'{\"code\": \"3.3\", \"name\": \"Menelaah keberagaman sosial, budaya, dan ekonomi masyarakat.\"}',1,'2023-07-03 07:59:31','2023-07-03 07:59:31',NULL),(26,'menelaah-persatuan-dan-kesatuan-terhadap-kehidupan-berbangsa-dan-bernegara-beserta-dampaknya-oQOaZ',14,6,'{\"code\": \"3.4\", \"name\": \"Menelaah persatuan dan kesatuan terhadap kehidupan berbangsa dan bernegara beserta dampaknya.\"}',1,'2023-07-03 07:59:50','2023-07-03 07:59:50',NULL),(27,'menyimpulkan-informasi-berdasarkan-teks-laporan-hasil-pengamatan-yang-didengar-dan-dibaca-4mBOq',15,6,'{\"code\": \"3.1\", \"name\": \"Menyimpulkan informasi berdasarkan teks laporan hasil pengamatan yang didengar dan dibaca.\"}',1,'2023-07-03 08:01:03','2023-07-03 08:01:03',NULL),(28,'menggali-isi-teks-penjelasan-eksplanasi-ilmiah-yang-didengar-dan-dibaca-MWcxS',15,6,'{\"code\": \"3.2\", \"name\": \"Menggali isi teks penjelasan (eksplanasi) ilmiah yang didengar dan dibaca\"}',1,'2023-07-03 08:02:49','2023-07-03 08:02:49',NULL),(29,'menggali-informasi-penting-dari-buku-sejarah-menggunakan-aspek-apa-di-mana-kapan-siapa-mengapa-dan-bagaimana-LlTOZ',15,6,'{\"code\": \"3.4\", \"name\": \"Menggali informasi penting dari buku sejarah menggunakan aspek: apa, di mana, kapan, siapa, mengapa, dan bagaimana.\"}',1,'2023-07-03 08:03:13','2023-07-03 08:03:13',NULL),(30,'mencermati-petunjuk-dan-isi-teks-formulir-pendaftaran-kartu-anggota-pengiriman-uang-melalui-bankkantor-pos-daftar-riwayat-hidup-dsb-zaP5g',15,6,'{\"code\": \"3.6\", \"name\": \"Mencermati petunjuk dan isi teks formulir (pendaftaran, kartu anggota, pengiriman uang melalui bank/kantor pos, daftar riwayat hidup, dsb.)\"}',1,'2023-07-03 08:03:35','2023-07-03 08:03:35',NULL),(31,'menyajikan-simpulan-secara-lisan-dan-tulis-dari-teks-laporan-hasil-pengamatan-atau-wawancara-yang-diperkuat-oleh-bukti-HZF5F',15,6,'{\"code\": \"4.1\", \"name\": \"Menyajikan simpulan secara lisan dan tulis dari teks laporan hasil pengamatan atau wawancara yang diperkuat oleh bukti\"}',1,'2023-07-03 08:04:05','2023-07-03 08:04:05',NULL),(32,'menyajikan-hasil-penggalian-informasi-dari-teks-penjelasan-eksplanasi-ilmiah-secara-lisan-tulis-dan-visual-dengan-menggunakan-kosakata-baku-dan-kalimat-efektif-a5Tlk',15,6,'{\"code\": \"4.2\", \"name\": \"Menyajikan hasil penggalian informasi dari teks penjelasan (eksplanasi) ilmiah secara lisan, tulis, dan visual dengan menggunakan kosakata baku dan kalimat efektif\"}',1,'2023-07-03 08:04:25','2023-07-03 08:04:25',NULL),(33,'memaparkan-informasi-penting-dari-buku-sejarah-secara-lisan-tulis-dan-visual-dengan-menggunakan-aspek-apa-di-mana-kapan-siapa-mengapa-dan-bagaimana-serta-memperhatikan-penggunaan-kosakata-baku-dan-kalimat-efektif-ZSllq',15,6,'{\"code\": \"4.4\", \"name\": \"Memaparkan informasi penting dari buku sejarah secara lisan, tulis, dan visual dengan menggunakan aspek: apa, di mana, kapan, siapa, mengapa, dan bagaimana serta memperhatikan penggunaan kosakata baku dan kalimat efektif.\"}',1,'2023-07-03 08:04:42','2023-07-03 08:04:42',NULL),(34,'mengisi-teks-formulir-pendaftaran-kartu-anggota-pengiriman-uang-melalui-bank-kantor-pos-daftar-riwayat-hidup-dll-sesuai-petunjuk-pengisiannya-VEu0V',15,6,'{\"code\": \"4.6\", \"name\": \"Mengisi teks formulir (pendaftaran, kartu anggota, pengiriman uang melalui bank/ kantor pos, daftar riwayat hidup, dll.) sesuai petunjuk pengisiannya.\"}',1,'2023-07-03 08:04:59','2023-07-03 08:04:59',NULL),(35,'menyajikan-hasil-analisis-pelaksanaan-nilai-nilai-pancasila-dalam-kehidupan-sehari-hari-Og8Bl',14,6,'{\"code\": \"4.1\", \"name\": \"Menyajikan hasil analisis pelaksanaan nilai-nilai Pancasila dalam kehidupan sehari-hari.\"}',1,'2023-07-03 08:05:24','2023-07-03 08:05:24',NULL),(36,'menyajikan-hasil-analisis-pelaksanaan-kewajiban-hak-dan-tanggung-jawab-sebagai-warga-masyarakat-beserta-dampaknya-dalam-kehidupan-sehari-hari-wp5Co',14,6,'{\"code\": \"4.2\", \"name\": \"Menyajikan hasil analisis pelaksanaan kewajiban, hak, dan tanggung jawab sebagai warga masyarakat beserta dampaknya dalam kehidupan sehari-hari.\"}',1,'2023-07-03 08:05:44','2023-07-03 08:05:44',NULL),(37,'meragakan-ungkapan-atau-kalimat-saranmasukandan-penyelesaian-masalah-sederhana-sebagai-bentuk-ungkapan-diri-menggunakan-kosakata-baku-dan-kalimat-efektif-yang-dibuat-sediri-rD6nl',15,3,'{\"code\": \"4.10\", \"name\": \"Meragakan ungkapan atau kalimat saran,masukan,dan penyelesaian masalah ( sederhana ) sebagai bentuk ungkapan diri menggunakan kosakata baku dan kalimat efektif yang dibuat sediri.\"}',1,'2023-07-03 08:05:58','2023-07-04 07:59:02',NULL),(38,'mengampanyekan-manfaat-keanekaragaman-sosial-budaya-dan-ekonomi-DhOoX',14,6,'{\"code\": \"4.3\", \"name\": \"Mengampanyekan manfaat keanekaragaman sosial, budaya, dan ekonomi.\"}',1,'2023-07-03 08:06:27','2023-07-03 08:06:27',NULL),(39,'menyajikan-hasil-telaah-persatuan-dan-kesatuan-terhadap-kehidupan-berbangsa-dan-bernegara-beserta-dampaknya-MkFUT',14,6,'{\"code\": \"4.4\", \"name\": \"Menyajikan hasil telaah persatuan dan kesatuan terhadap kehidupan berbangsa dan bernegara beserta dampaknya.\"}',1,'2023-07-03 08:06:48','2023-07-03 08:06:48',NULL),(40,'membandingkan-cara-perkembangbiakan-tumbuhan-dan-hewan-Wdy6F',20,6,'{\"code\": \"3.1\", \"name\": \"Membandingkan cara perkembangbiakan tumbuhan dan hewan.\"}',1,'2023-07-03 08:07:42','2023-07-03 08:07:42',NULL),(41,'menganalisis-cara-makhluk-hidup-menyesuaikan-diri-dengan-lingkungan-no4fm',20,6,'{\"code\": \"3.3\", \"name\": \"Menganalisis cara makhluk hidup menyesuaikan diri dengan lingkungan.\"}',1,'2023-07-03 08:08:02','2023-07-03 08:08:02',NULL),(42,'mengidentifikasi-komponen-komponen-listrik-dan-fungsinya-dalam-rangkaian-listrik-sederhana-SFpOa',20,6,'{\"code\": \"3.4\", \"name\": \"Mengidentifikasi komponen-komponen listrik dan fungsinya dalam rangkaian listrik sederhana\"}',1,'2023-07-03 08:08:20','2023-07-03 08:08:20',NULL),(43,'mengidentifikasi-sifat-sifat-magnet-dalam-kehidupan-seharihari-e1vwH',20,6,'{\"code\": \"3.5\", \"name\": \"Mengidentifikasi sifat-sifat magnet dalam kehidupan seharihari.\"}',1,'2023-07-03 08:08:37','2023-07-03 08:08:37',NULL),(44,'menjelaskan-cara-menghasilkan-menyalurkan-dan-menghemat-energi-listrik-4JRzk',20,6,'{\"code\": \"3.6\", \"name\": \"Menjelaskan cara menghasilkan, menyalurkan, dan menghemat energi listrik.\"}',1,'2023-07-03 08:08:53','2023-07-03 08:08:53',NULL),(45,'menyajikan-karya-tentang-perkembangangbiakan-tumbuhan-croAc',20,6,'{\"code\": \"4.1\", \"name\": \"Menyajikan karya tentang perkembangangbiakan tumbuhan.\"}',1,'2023-07-03 08:09:28','2023-07-03 08:09:28',NULL),(46,'menyajikan-karya-tentang-cara-makhluk-hidup-menyesuaikan-diri-dengan-lingkungannya-sebagai-hasil-penelusuran-berbagai-sumber-wV3S0',20,6,'{\"code\": \"4.3\", \"name\": \"Menyajikan karya tentang cara makhluk hidup menyesuaikan diri dengan lingkungannya, sebagai hasil penelusuran berbagai sumber.\"}',1,'2023-07-03 08:09:44','2023-07-03 08:09:44',NULL),(47,'melakukan-percobaan-rangkaian-listrik-sederhana-secara-seri-dan-paralel-c98IW',20,6,'{\"code\": \"4.4\", \"name\": \"Melakukan percobaan rangkaian listrik sederhana secara seri dan paralel\"}',1,'2023-07-03 08:10:07','2023-07-03 08:10:07',NULL),(48,'membuat-laporan-hasil-percobaan-tentang-sifat-sifat-magnet-dan-penerapannya-dalam-kehidupan-sehari-hari-N1jC4',20,6,'{\"code\": \"4.5\", \"name\": \"Membuat laporan hasil percobaan tentang sifat-sifat magnet dan penerapannya dalam kehidupan sehari-hari.\"}',1,'2023-07-03 08:10:23','2023-07-03 08:10:23',NULL),(49,'menyajikan-karya-tentang-berbagai-cara-melakukan-penghematan-energi-dan-usulan-sumber-alternatif-energi-listrik-TrnYX',20,6,'{\"code\": \"4.6\", \"name\": \"Menyajikan karya tentang berbagai cara melakukan penghematan energi dan usulan sumber alternatif energi listrik.\"}',1,'2023-07-03 08:10:44','2023-07-03 08:10:44',NULL),(50,'mengidentifikasi-karakteristik-geografis-dan-kehidupan-sosial-budaya-ekonomi-politik-di-wilayah-asean-q6CnR',21,6,'{\"code\": \"3.1\", \"name\": \"Mengidentifikasi karakteristik geografis dan kehidupan sosial budaya, ekonomi, politik di wilayah ASEAN.\"}',1,'2023-07-03 08:11:33','2023-07-03 08:11:33',NULL),(51,'menganalisis-perubahan-sosial-budaya-dalam-rangka-modernisasi-bangsa-indonesia-YJtJ0',21,6,'{\"code\": \"3.2\", \"name\": \"Menganalisis perubahan sosial budaya dalam rangka modernisasi bangsa Indonesia\"}',1,'2023-07-03 08:11:51','2023-07-03 08:11:51',NULL),(52,'menganalisis-posisi-dan-peran-indonesia-dalam-kerja-sama-di-bidang-ekonomi-politik-sosial-budaya-teknologi-dan-pendidikan-dalam-lingkup-asean-5jr0O',21,6,'{\"code\": \"3.3\", \"name\": \"Menganalisis posisi dan peran Indonesia dalam kerja sama di bidang ekonomi, politik, sosial, budaya, teknologi, dan pendidikan dalam lingkup ASEAN.\"}',1,'2023-07-03 08:12:10','2023-07-03 08:12:10',NULL),(53,'memahami-makna-proklamasi-kemerdekaan-upaya-mempertahankan-kemerdekaan-dan-upaya-mengembangkan-kehidupan-kebangsaan-yang-sejahtera-XnQkA',21,6,'{\"code\": \"3.4\", \"name\": \"Memahami makna proklamasi kemerdekaan, upaya mempertahankan kemerdekaan, dan upaya mengembangkan kehidupan kebangsaan yang sejahtera.\"}',1,'2023-07-03 08:12:25','2023-07-03 08:12:25',NULL),(54,'memeragakan-ungkapan-atau-kalimat-sarranmasukandan-penyelesaian-masalah-sederhana-sebagai-bentuk-ungkapan-diri-menggunakan-kosakataq-baku-dan-kalimat-efektif-yang-dibuat-sendiri-eOH38',15,3,'{\"code\": \"4.10\", \"name\": \"Memeragakan ungkapan atau kalimat sarran,masukan,dan penyelesaian masalah ( sederhana )sebagai bentuk ungkapan diri menggunakan kosakataq baku dan kalimat efektif yang dibuat sendiri\"}',1,'2023-07-03 08:13:34','2023-07-03 08:13:34',NULL),(55,'mejelaskan-sifat-sifat-oprasi-hitung-pada-bilangan-cacah-avfwV',16,3,'{\"code\": \"3.1\", \"name\": \"Mejelaskan sifat -sifat oprasi hitung pada bilangan cacah\"}',1,'2023-07-03 08:24:58','2023-07-03 08:24:58',NULL),(56,'menyelesaikan-masalah-yang-melibatkan-penggunaan-sifat-sifat-oprasi-hitung-pada-bilangan-cacah-B2Q8c',16,3,'{\"code\": \"4.1\", \"name\": \"Menyelesaikan masalah yang melibatkan penggunaan sifat-sifat oprasi hitung pada bilangan cacah.\"}',1,'2023-07-03 08:28:59','2023-07-03 08:28:59',NULL),(57,'menjelaskan-bilangan-cacah-dan-pecahan-sederhana-seperti-12-13-dan-14-yang-disajikan-pada-garis-bilangan-B8uF3',16,3,'{\"code\": \"3.2\", \"name\": \"Menjelaskan bilangan cacah dan pecahan sederhana ( seperti ( 1/2, 1/3 dan 1/4 ) yang disajikan pada garis bilangan.\"}',1,'2023-07-03 08:37:20','2023-07-03 08:37:20',NULL),(58,'menggunakan-penyajian-bilangan-cacah-dan-pecahan-sederhana-1213-dan-14-yang-disajikan-pada-garis-bilangan-WFWAC',16,3,'{\"code\": \"4.2\", \"name\": \"Menggunakan penyajian bilangan cacah dan pecahan sederhana ( 1/2.1/3 dan 1/4  yang disajikan pada garis bilangan.\"}',1,'2023-07-03 08:42:32','2023-07-03 08:42:32',NULL),(59,'mendiskripsikan-dan-menentukan-hubungan-antar-satuan-baku-untuk-panjang-beratwaktu-yang-umumnya-digunakan-dalam-kehidupan-sehari-hari-1ou4a',16,3,'{\"code\": \"3.7\", \"name\": \"Mendiskripsikan dan menentukan hubungan antar satuan baku untuk panjang berat,waktu, yang umumnya digunakan dalam kehidupan sehari -hari.\"}',1,'2023-07-03 08:47:14','2023-07-03 08:47:14',NULL),(60,'menyelesaikan-masalah-yang-berkaitan-dengan-hubungan-antar-satuan-baku-untuk-panjangberatdan-waktu-yang-umumnya-digunakan-kehidupan-sehari-hari-MTKEv',16,3,'{\"code\": \"4.7\", \"name\": \"Menyelesaikan masalah yang berkaitan dengan hubungan antar satuan baku untuk panjang,berat,dan waktu yang umumnya digunakan kehidupan sehari-hari.\"}',1,'2023-07-03 08:52:38','2023-07-03 08:52:38',NULL),(61,'menyatakan-suatu-bilangan-sebagai-jumlah-selisihhasil-kali-atau-hasil-bagi-dua-bilangan-cacah-Nn7XZ',16,3,'{\"code\": \"3.3\", \"name\": \"Menyatakan suatu bilangan sebagai jumlah ,selisih,hasil kali atau hasil bagi dua bilangan cacah.\"}',1,'2023-07-03 08:57:48','2023-07-03 08:57:48',NULL),(62,'menilai-apakah-suatu-bilangan-dapat-dinyatakan-sebagai-jumlah-selisihhasil-kaliatau-hasil-bsgi-dua-bilangan-cacah-zgI5V',16,3,'{\"code\": \"4.3\", \"name\": \"Menilai apakah suatu bilangan dapat dinyatakan sebagai jumlah ,selisih,hasil kali,atau hasil bsgi dua bilangan cacah.\"}',1,'2023-07-03 09:01:41','2023-07-03 09:01:41',NULL),(63,'mengetahui-unsur-unsur-seni-rupa-dalam-karya-dekoratif-9lYFH',19,3,'{\"code\": \"3.1\", \"name\": \"Mengetahui unsur-unsur seni rupa dalam karya dekoratif .\"}',1,'2023-07-03 09:07:25','2023-07-03 09:07:25',NULL),(64,'mengetahui-bentuk-bentuk-dan-variasi-pola-irama-dalam-lagu-2GPHT',19,3,'{\"code\": \"3.2\", \"name\": \"Mengetahui bentuk-bentuk dan variasi pola irama dalam lagu.\"}',1,'2023-07-03 09:09:45','2023-07-03 09:09:45',NULL),(65,'mengetahui-dinamika-gerak-tari-osAcm',19,3,'{\"code\": \"3.3\", \"name\": \"Mengetahui dinamika  gerak tari.\"}',1,'2023-07-03 09:11:24','2023-07-03 09:11:24',NULL),(66,'mengetahui-teknik-potonglipatdan-sambung-elR5t',19,3,'{\"code\": \"3.4\", \"name\": \"Mengetahui teknik potong,lipat,dan sambung.\"}',1,'2023-07-03 09:13:48','2023-07-03 09:13:48',NULL),(67,'membuat-karya-dekoratif-a9heC',19,3,'{\"code\": \"4.1\", \"name\": \"Membuat karya dekoratif.\"}',1,'2023-07-03 09:15:31','2023-07-03 09:15:31',NULL),(68,'menampilkan-bentuk-dan-variasi-irama-melalui-lagu-xIrfw',19,3,'{\"code\": \"4.2\", \"name\": \"Menampilkan bentuk dan variasi irama melalui lagu.\"}',1,'2023-07-03 09:18:15','2023-07-03 09:18:15',NULL),(69,'meragakan-dinamika-gerak-tari-pK1zt',19,3,'{\"code\": \"4.3\", \"name\": \"Meragakan dinamika gerak tari.\"}',1,'2023-07-03 09:20:33','2023-07-03 09:20:33',NULL),(70,'membuat-karya-dengan-teknik-potonglipat-dan-sambung-cwVoa',19,3,'{\"code\": \"4.4\", \"name\": \"Membuat karya dengan teknik potong,lipat, dan sambung.\"}',1,'2023-07-03 09:23:12','2023-07-03 09:23:12',NULL),(71,'memahami-makna-qs-al-kafirunqsal-maidah52-3-dan-qs-al-hujurat4912-13-dengan-benar-eHzp8',2,6,'{\"code\": \"3.1\", \"name\": \"Memahami makna Q.S. al-Kafirun,Q.S.al-Maidah/5:2-3 dan Q.S. al-Hujurat/49:12-13 dengan Benar\"}',1,'2023-07-04 07:43:36','2023-07-04 07:43:36',NULL),(72,'membaca-qs-al-kafirunal-maidah-ayat-2-3dan-al-hujurat-ayat-12-13-dengan-jelas-dan-benar-bUQ45',2,6,'{\"code\": \"4.1\", \"name\": \"Membaca Q.S. al-Kafirun,al-Maidah ayat 2-3,dan al-Hujurat ayat 12-13 dengan jelas dan benar\"}',1,'2023-07-04 07:46:34','2023-07-04 07:46:34',NULL),(73,'menulis-qs-al-kafirunal-maidah-ayat-2-3-dan-al-hujurat-ayat-12-13-dengan-benar-ZJSRr',2,6,'{\"code\": \"4.1.2\", \"name\": \"Menulis Q.S. al-Kafirun,al-Maidah ayat 2-3 dan al-Hujurat ayat 12-13 dengan benar\"}',1,'2023-07-04 07:48:13','2023-07-04 07:48:13',NULL),(74,'memahami-hikmah-beriman-kepada-hari-akhir-yang-dapat-membentuk-prilaku-ahlak-mulia-doekA',2,6,'{\"code\": \"3.3\", \"name\": \"Memahami hikmah beriman kepada hari akhir yang dapat membentuk prilaku ahlak mulia\"}',1,'2023-07-04 07:51:22','2023-07-04 07:51:22',NULL),(75,'menunjukkan-contoh-hikmah-beriman-kepada-hari-akhir-yang-dapat-membentuk-prilaku-ahlak-mulia-zGrti',2,6,'{\"code\": \"4.3\", \"name\": \"Menunjukkan contoh hikmah beriman kepada hari akhir yang dapat membentuk prilaku ahlak mulia.\"}',1,'2023-07-04 07:52:51','2023-07-04 07:52:51',NULL),(76,'memahami-makna-asmaul-husna-as-somad-al-muqtadiral-muqoddimdan-al-baqi-jH9tv',2,6,'{\"code\": \"3.2\", \"name\": \"Memahami makna asmaul husna; as-Somad, al-Muqtadir,al-Muqoddim,dan al-Baqi\"}',1,'2023-07-04 07:54:42','2023-07-04 07:54:42',NULL),(77,'membaca-as-maul-husnaas-somadal-muqtadiral-muqoddimdan-al-baqi-zauN9',2,6,'{\"code\": \"4.2\", \"name\": \"Membaca as-Maul husna;as-Somad,al-Muqtadir,al-Muqoddim,dan al-Baqi\"}',1,'2023-07-04 07:56:11','2023-07-04 07:56:11',NULL),(78,'memahami-hikmah-zakatinfaqdan-sedekah-sebagai-implementasi-dari-rukun-islam-ILwTn',2,6,'{\"code\": \"3.7\", \"name\": \"Memahami hikmah zakat,infaq,dan sedekah sebagai implementasi dari rukun islam\"}',1,'2023-07-04 08:00:40','2023-07-04 08:00:40',NULL),(79,'menunjukkan-hikmah-zakatinfaq-dan-sedekah-sebagai-implementasi-dari-rukun-islam-6IFED',2,6,'{\"code\": \"4.7\", \"name\": \"Menunjukkan hikmah zakat,infaq dan sedekah sebagai implementasi dari rukun islam\"}',1,'2023-07-04 08:02:15','2023-07-04 08:02:15',NULL),(80,'memahami-kisah-keteladanan-nabi-muhammad-saw-cyY0L',2,6,'{\"code\": \"3.12\", \"name\": \"Memahami kisah keteladanan Nabi Muhammad SAW.\"}',1,'2023-07-04 08:04:02','2023-07-04 08:04:02',NULL),(81,'menceritakan-kisah-keteladanan-nabi-muhammad-saw-M4Uor',2,6,'{\"code\": \"4.12\", \"name\": \"Menceritakan kisah keteladanan Nabi Muhammad SAW.\"}',1,'2023-07-04 08:05:05','2023-07-04 08:05:05',NULL),(82,'memahami-kisah-keteladanan-sahabat-sahabat-nabi-muhammad-saw-DjwxV',2,6,'{\"code\": \"3.13\", \"name\": \"Memahami kisah keteladanan sahabat-sahabat Nabi Muhammad SAW\"}',1,'2023-07-04 08:06:03','2023-07-04 08:06:03',NULL),(83,'menceritakan-kisah-keteladanan-sahabat-sahabat-nabi-muhammad-saw-etd6n',2,6,'{\"code\": \"4.13\", \"name\": \"Menceritakan kisah keteladanan sahabat-sahabat Nabi Muhammad SAW.\"}',1,'2023-07-04 08:07:04','2023-07-04 08:07:04',NULL),(84,'mengenal-cerita-wayang-tentang-tokoh-pandhawa-EQ4J1',22,3,'{\"code\": \"3.1\", \"name\": \"Mengenal cerita wayang tentang tokoh pandhawa..\"}',1,'2023-07-04 08:21:38','2023-07-04 08:21:38',NULL),(85,'memahami-teks-nonsastra-bertema-kepahlawanan-WqIZk',22,3,'{\"code\": \"3.2\", \"name\": \"Memahami teks nonsastra bertema kepahlawanan.\"}',1,'2023-07-04 08:26:29','2023-07-04 08:26:29',NULL),(86,'memahami-tembang-dolanan-bertema-kerja-sama-OiIhQ',22,3,'{\"code\": \"3.3\", \"name\": \"Memahami tembang dolanan bertema kerja sama.\"}',1,'2023-07-04 08:32:32','2023-07-04 08:32:32',NULL),(87,'mengenal-aksara-jawa-legena-10-huruf-izwSk',22,3,'{\"code\": \"3.4\", \"name\": \"Mengenal aksara jawa legena ( 10 huruf ).\"}',1,'2023-07-04 08:36:44','2023-07-04 08:36:44',NULL),(88,'mengungkapkan-cerita-wayang-tentang-tokoh-pandhawa-dengan-ragam-ngoko-secara-lisan-cH6OH',22,3,'{\"code\": \"4.1\", \"name\": \"Mengungkapkan cerita wayang tentang tokoh Pandhawa dengan ragam ngoko secara lisan.\"}',1,'2023-07-04 08:41:28','2023-07-04 08:41:28',NULL),(89,'meceritakan-kembali-isi-teks-nonsastra-bertema-kepahlawanan-edLcU',22,3,'{\"code\": \"4.2\", \"name\": \"Meceritakan kembali isi teks nonsastra bertema kepahlawanan..\"}',1,'2023-07-04 09:42:34','2023-07-04 09:42:34',NULL),(90,'menceritakan-isi-tembang-dolanan-BcQJy',22,3,'{\"code\": \"4.3\", \"name\": \"Menceritakan isi tembang dolanan.\"}',1,'2023-07-04 09:45:05','2023-07-04 09:45:05',NULL),(91,'membaca-dan-menulis-aksara-jawa-legena-10-huruf-xu8Cs',22,3,'{\"code\": \"4.4\", \"name\": \"Membaca dan menulis aksara jawa legena ( 10 huruf ).\"}',1,'2023-07-04 09:48:52','2023-07-04 09:48:52',NULL),(92,'memahami-hadis-yang-terkait-dengan-perilaku-mandiripercaya-diridan-tanggung-jawab-F9xbV',2,3,'{\"code\": \"3.2\", \"name\": \"Memahami hadis yang terkait dengan perilaku mandiri,percaya diri,dan tanggung jawab.\"}',1,'2023-07-04 13:50:09','2023-07-04 13:58:33',NULL),(93,'mencontohkan-perilaku-mandiripercaya-diridan-tanggung-jawab-sebagai-implementasi-hadis-TXnBO',2,3,'{\"code\": \"4.2\", \"name\": \"mencontohkan perilaku mandiri,percaya diri,dan tanggung jawab sebagai implementasi hadis\"}',1,'2023-07-04 13:56:37','2023-07-04 14:01:23',NULL),(94,'mengetahui-keesaan-allah-yang-maha-pencipta-memahami-makna-surah-an-nasr-126Ob',2,3,'{\"code\": \"3.1\", \"name\": \"Mengetahui keesaan Allah yang maha pencipta memahami makna surah an-Nasr\"}',1,'2023-07-04 14:04:55','2023-07-04 14:04:55',NULL),(95,'membacamenulisdan-menghafal-surat-an-nasr-sesuai-tajwid-al-quran-zC7E7',2,3,'{\"code\": \"4.1\", \"name\": \"membaca,menulis,dan menghafal surat an-Nasr sesuai tajwid al-Qur\'an\"}',1,'2023-07-04 14:07:04','2023-07-04 14:07:04',NULL),(96,'memahami-reklame-aZoaV',19,6,'{\"code\": \"3.1\", \"name\": \"Memahami reklame.\"}',1,'2023-07-05 07:32:55','2023-07-05 07:32:55',NULL),(97,'memahami-intreval-nada-yPxp0',19,6,'{\"code\": \"3.2\", \"name\": \"memahami intreval nada\"}',1,'2023-07-05 07:33:11','2023-07-05 07:33:11',NULL),(98,'memahami-penampilan-tari-kreasi-daerah-K1XTG',19,6,'{\"code\": \"3.3\", \"name\": \"Memahami penampilan tari kreasi daerah.\"}',1,'2023-07-05 07:33:31','2023-07-05 07:33:31',NULL),(99,'memahami-patung-1B8Ew',19,6,'{\"code\": \"3.4\", \"name\": \"memahami patung\"}',1,'2023-07-05 07:33:47','2023-07-05 07:33:47',NULL),(100,'membuat-reklame-4pxZM',19,6,'{\"code\": \"4.1\", \"name\": \"membuat reklame\"}',1,'2023-07-05 07:34:20','2023-07-05 07:34:20',NULL),(101,'memainkan-interval-nada-melalui-lagu-dan-alat-musik-9A8Y5',19,6,'{\"code\": \"4.2\", \"name\": \"Memainkan interval nada  melalui lagu dan alat musik\"}',1,'2023-07-05 07:34:29','2023-07-05 07:34:29',NULL),(102,'menampilkan-tari-kreasi-daerah-He52h',19,6,'{\"code\": \"4.3\", \"name\": \"\\\" Menampilkan tari kreasi\\r\\ndaerah.\\\"\"}',1,'2023-07-05 07:34:48','2023-07-05 07:34:48',NULL),(103,'membuat-patung-oGFLb',19,6,'{\"code\": \"4.4\", \"name\": \"membuat patung\"}',1,'2023-07-05 07:35:04','2023-07-05 07:35:04',NULL),(104,'menyajikan-hasil-identifikasi-karakteristik-geografis-dan-kehidupan-sosial-budaya-ekonomi-dan-politik-di-wilayah-asean-v9uP6',21,6,'{\"code\": \"4.1\", \"name\": \"Menyajikan hasil identifikasi karakteristik geografis dan kehidupan sosial budaya, ekonomi, dan politik di wilayah ASEAN.\"}',1,'2023-07-05 07:35:38','2023-07-05 07:35:38',NULL),(105,'menyajikan-hasil-analisis-mengenai-perubahan-sosial-budaya-dalam-rangka-modernisasi-bangsa-indonesia-av6o2',21,6,'{\"code\": \"4.2\", \"name\": \"Menyajikan hasil analisis mengenai perubahan sosial budaya dalam rangka modernisasi bangsa Indonesia\"}',1,'2023-07-05 07:35:58','2023-07-05 07:35:58',NULL),(106,'menyajikan-hasil-analisis-tentang-posisi-dan-peran-indonesia-dalam-kerja-sama-di-bidang-ekonomi-politik-sosial-budaya-teknologi-dan-pendidikan-dalam-lingkup-asean-gBqgV',21,6,'{\"code\": \"4.3\", \"name\": \"Menyajikan hasil analisis tentang posisi dan peran Indonesia dalam kerja sama di bidang ekonomi, politik, sosial, budaya, teknologi, dan pendidikan dalam lingkup ASEAN.\"}',1,'2023-07-05 07:36:19','2023-07-05 07:36:19',NULL),(107,'menyajikan-laporan-tentang-makna-proklamasi-kemerdekaan-upaya-mempertahankan-kemerdekaan-dan-upaya-mengembangkan-kehidupan-kebangsaan-yang-sejahtera-ONgT6',21,6,'{\"code\": \"4.4\", \"name\": \"Menyajikan laporan tentang makna proklamasi kemerdekaan, upaya mempertahankan kemerdekaan, dan upaya mengembangkan kehidupan kebangsaan yang sejahtera.\"}',1,'2023-07-05 07:36:40','2023-07-05 07:36:40',NULL),(108,'menjelaskan-bilangan-bulat-negatif-termasuk-menggunakan-garis-bilangan-3fAqm',16,6,'{\"code\": \"3.1\", \"name\": \"Menjelaskan bilangan bulat negatif (termasuk menggunakan garis bilangan)\"}',1,'2023-07-05 07:39:42','2023-07-05 07:39:42',NULL),(109,'menjelaskan-dan-melakukan-operasi-penjumlahan-pengurangan-perkalian-dan-pembagian-yang-melibatkan-bilangan-bulat-negatif-rxi6t',16,6,'{\"code\": \"3.2\", \"name\": \"Menjelaskan dan melakukan operasi penjumlahan, pengurangan, perkalian, dan pembagian yang melibatkan bilangan bulat negatif\"}',1,'2023-07-05 07:40:07','2023-07-05 07:40:07',NULL),(110,'menjelaskan-dan-melakukan-operasi-hitung-campuran-yang-melibatkan-bilangan-cacah-pecahan-danatau-desimal-dalam-berbagai-bentuk-sesuai-urutan-operasi-53fqY',16,6,'{\"code\": \"3.3\", \"name\": \"Menjelaskan dan melakukan operasi hitung campuran yang melibatkan bilangan cacah, pecahan dan/atau desimal dalam berbagai bentuk sesuai urutan operasi\"}',1,'2023-07-05 07:40:33','2023-07-05 07:40:33',NULL),(111,'menjelaskan-titik-pusat-jari-jari-diameter-busur-tali-busur-tembereng-dan-juring-ZUHY4',16,6,'{\"code\": \"3.4\", \"name\": \"Menjelaskan titik pusat, jari-jari, diameter busur, tali busur, tembereng, dan juring.\"}',1,'2023-07-05 07:40:55','2023-07-05 07:40:55',NULL),(112,'menjelaskan-taksiran-keliling-dan-luas-lingkaran-jdK2f',16,6,'{\"code\": \"3.5\", \"name\": \"Menjelaskan taksiran keliling dan luas lingkaran\"}',1,'2023-07-05 07:41:40','2023-07-05 07:41:40',NULL),(113,'menggunakan-konsep-bilangan-bulat-negatif-termasuk-menggunakan-garis-bilangan-untuk-menyatakan-situasi-sehari-hari-bw3Jw',16,6,'{\"code\": \"4.1\", \"name\": \"\\\"Menggunakan konsep bilangan bulat negatif (termasuk menggunakan garis\\r\\nbilangan) untuk menyatakan situasi sehari-hari\\\"\"}',1,'2023-07-05 07:42:05','2023-07-05 07:42:05',NULL),(114,'menyelesaikan-masalah-yang-berkaitan-dengan-operasi-penjumlahan-pengurangan-perkalian-dan-pembagian-yang-melibatkan-bilangan-bulat-negatif-dalam-kehidupan-sehari-hari-rBbCX',16,6,'{\"code\": \"4.2\", \"name\": \"Menyelesaikan masalah yang berkaitan dengan operasi penjumlahan, pengurangan, perkalian, dan pembagian yang melibatkan bilangan bulat negatif dalam kehidupan sehari-hari\"}',1,'2023-07-05 07:42:37','2023-07-05 07:42:37',NULL),(115,'menyelesaikan-masalah-yang-berkaitan-operasi-hitung-campuran-yang-melibatkan-bilangan-cacah-pecahan-danatau-desimal-dalam-berbagai-bentuk-sesuai-urutan-operasi-q34D4',16,6,'{\"code\": \"4.3\", \"name\": \"Menyelesaikan masalah yang berkaitan operasi hitung campuran yang melibatkan bilangan cacah, pecahan dan/atau desimal dalam berbagai bentuk sesuai urutan operasi\"}',1,'2023-07-05 07:43:00','2023-07-05 07:43:00',NULL),(116,'mengidentifikasi-titik-pusat-jari-jari-diameter-busur-tali-busur-tembereng-dan-juring-NuyRI',16,6,'{\"code\": \"4.4\", \"name\": \"Mengidentifikasi titik pusat, jari-jari, diameter, busur, tali busur, tembereng, dan juring.\"}',1,'2023-07-05 07:43:19','2023-07-05 07:43:19',NULL),(117,'menaksir-keliling-dan-luas-lingkaran-serta-menggunakannya-untuk-menyelesaikan-masalah-dalam-kehidupan-sehari-hari-wUqjN',16,6,'{\"code\": \"4.5\", \"name\": \"Menaksir keliling dan luas lingkaran serta menggunakannya untuk menyelesaikan\\r\\nmasalah dalam kehidupan sehari-hari.\"}',1,'2023-07-05 07:43:53','2023-07-05 07:43:53',NULL),(118,'memahami-teks-percakapandialog-dengan-teman-sebaya-atau-orang-tua-CpI8N',22,6,'{\"code\": \"3.2\", \"name\": \"memahami teks percakapan/dialog dengan teman sebaya atau orang tua\"}',1,'2023-07-05 08:00:33','2023-07-05 08:01:42','2023-07-05 08:01:42'),(119,'memahami-teks-pidato-tentang-perpisahan-kelas-vi-HRgLo',22,6,'{\"code\": \"3.1\", \"name\": \"memahami teks pidato tentang perpisahan kelas VI\"}',1,'2023-07-05 08:01:19','2023-07-05 08:05:07','2023-07-05 08:05:07'),(120,'memahami-teks-percakapandialog-dengan-teman-sebaya-atau-orang-tua-CXNIX',22,6,'{\"code\": \"3.2\", \"name\": \"memahami teks percakapan/dialog dengan teman sebaya atau orang tua\"}',1,'2023-07-05 08:01:52','2023-07-05 08:05:18','2023-07-05 08:05:18'),(121,'memahami-teks-deskripsi-tentang-peristiwa-budaya-aijAi',22,6,'{\"code\": \"3.1\", \"name\": \"memahami teks deskripsi tentang peristiwa budaya\"}',1,'2023-07-05 08:04:55','2023-07-05 08:04:55',NULL),(122,'memahami-teks-cerita-gatutkaca-gugur-xyNXx',22,6,'{\"code\": \"3.2\", \"name\": \"memahami teks cerita \\\"Gatutkaca Gugur\\\"\"}',1,'2023-07-05 08:06:03','2023-07-05 08:06:03',NULL),(123,'memahami-teks-cerita-pengalaman-yang-mengesankan-L33YC',22,6,'{\"code\": \"3.3\", \"name\": \"memahami teks cerita pengalaman yang mengesankan\"}',1,'2023-07-05 08:06:37','2023-07-05 08:06:37',NULL),(124,'memahami-tembang-kinanthi-1SQI7',22,6,'{\"code\": \"3.4\", \"name\": \"memahami tembang kinanthi\"}',1,'2023-07-05 08:07:31','2023-07-05 08:07:31',NULL),(125,'menyampaikan-pendapat-tentang-peristiwa-budaya-A6lJx',22,6,'{\"code\": \"4.1\", \"name\": \"menyampaikan pendapat tentang peristiwa budaya\"}',1,'2023-07-05 08:08:10','2023-07-05 08:08:10',NULL),(126,'menanggapi-nilai-luhur-yang-terdapat-dalam-cerita-wayang-phandawa-gatutkaca-gugur-qEodl',22,6,'{\"code\": \"4.2\", \"name\": \"menanggapi nilai luhur yang terdapat dalam cerita wayang Phandawa \\\"Gatutkaca Gugur\\\"\"}',1,'2023-07-05 08:09:02','2023-07-05 08:09:02',NULL),(127,'menulis-dan-menyajikan-teks-cerita-pengalaman-yang-mengesankan-vvWQ6',22,6,'{\"code\": \"4.3\", \"name\": \"menulis dan menyajikan teks cerita pengalaman yang mengesankan\"}',1,'2023-07-05 08:09:40','2023-07-05 08:09:40',NULL),(128,'membaca-dan-menulis-kalimat-huruf-jawa-yang-menggunakan-pasagan-Kgc2J',22,6,'{\"code\": \"4.4\", \"name\": \"membaca dan menulis kalimat huruf jawa yang menggunakan pasagan\"}',1,'2023-07-05 08:10:43','2023-07-05 08:10:43',NULL),(129,'memahami-kombinasi-gerak-dasar-lokomotor-sesuai-dengan-konsep-tubuhruangusaha-dan-keterhubungan-dalam-berbagai-bentuk-permainan-sederhana-dan-atau-tradisional-vdfW6',18,3,'{\"code\": \"3.1\", \"name\": \"Memahami kombinasi gerak dasar lokomotor sesuai dengan konsep tubuh,ruang,usaha dan keterhubungan dalam berbagai bentuk permainan sederhana dan atau tradisional\"}',1,'2023-07-05 08:38:09','2023-07-05 08:38:09',NULL),(130,'memahami-kombinasi-gerak-gerak-dasar-nonlokomotor-sesuai-dengan-konsep-tubuhruangusahadan-keterhubungan-dalamberbagai-bentuk-permainan-sederhana-dan-atau-tradisional-tF419',18,3,'{\"code\": \"3.2\", \"name\": \"Memahami kombinasi gerak gerak dasar nonlokomotor sesuai dengan konsep tubuh,ruang,usaha,dan keterhubungan dalamberbagai bentuk permainan sederhana dan atau tradisional\"}',1,'2023-07-05 08:40:42','2023-07-05 08:40:42',NULL),(131,'memahami-kombinasigerak-dasar-manipulatif-sesuaidengankonsep-tubuhruangusahadan-keterhubungan-dalam-berbagai-bentuk-permainan-sederhana-dan-atau-tradisional-DXwTQ',18,3,'{\"code\": \"3.3\", \"name\": \"Memahami kombinasigerak dasar manipulatif sesuaidengankonsep tubuh,ruang,usaha,dan keterhubungan dalam berbagai bentuk permainan sederhana dan atau tradisional\"}',1,'2023-07-05 08:43:17','2023-07-05 08:43:17',NULL),(132,'memahami-bergerak-secara-seimbang-lenturlincah-dan-berdaya-tahan-dalamrangka-pengembangan-kebugaran-jasmani-malalui-permainan-sederhana-dan-atau-tradisional-NIhLX',18,3,'{\"code\": \"3.4\", \"name\": \"Memahami bergerak secara seimbang, lentur,lincah dan berdaya tahan dalamrangka pengembangan kebugaran jasmani malalui permainan sederhana dan atau tradisional\"}',1,'2023-07-05 08:46:22','2023-07-05 08:46:22',NULL),(133,'memahami-kombinasi-berbagai-pola-gerak-dominanbertumpubergantungkeseimbanganberpindahlokomotortolakan-putaranayunanmelayangdanmendarat-dalam-aktivitas-senamlantai-kNv0y',18,3,'{\"code\": \"3.S\", \"name\": \"Memahami kombinasi berbagai pola gerak dominan(bertumpu,bergantung,keseimbangan,berpindah/lokomotor,tolakan putaran,ayunan,melayang,danmendarat) dalam aktivitas senamlantai\"}',1,'2023-07-05 08:49:54','2023-07-05 08:49:54',NULL),(134,'m5amahami-penggunaan-kombinasi-gerak-dasar-lokomotor-dan-nonlokomotor-dan-manipulatif-sesuai-dengan-irama-ketukan5-tanpadengan-musik-dalam-aktivitas-gerak-berirama-yVIz3',18,3,'{\"code\": \"3.6\", \"name\": \"M5amahami penggunaan kombinasi gerak dasar lokomotor dan nonlokomotor dan manipulatif sesuai dengan irama (%ketukan)5 tanpa/dengan musik dalam aktivitas gerak berirama\"}',1,'2023-07-05 08:52:15','2023-07-05 08:52:15',NULL),(135,'memahami-prosedur-gerakdasar-mengambang-water-trappen-dan-meluncur-di-air-serta-menjaga-keselamatan-diriorang-lain-dalamaktivitas-air-bBwmA',18,3,'{\"code\": \"3.7\", \"name\": \"Memahami prosedur gerakdasar mengambang (water trappen) dan meluncur di air serta menjaga keselamatan diri/orang lain dalamaktivitas air\"}',1,'2023-07-05 08:56:18','2023-07-05 08:56:18',NULL),(136,'memahami-bentuk-dan-manfaat-istirahat-danpengisian-waktu-luang-untuk-menjaga-kesehatan-35Ju9',18,3,'{\"code\": \"3.8\", \"name\": \"Memahami bentuk dan manfaat istirahat danpengisian waktu luang untuk menjaga kesehatan\"}',1,'2023-07-05 08:57:34','2023-07-05 08:57:34',NULL),(137,'memahami-perlunya-memilih-makanan-bergizi-dan-jajanan-sehat-untuk-menjaga-kesehatan-tubuh-CDy6w',18,3,'{\"code\": \"3.9\", \"name\": \"Memahami perlunya memilih makanan bergizi dan jajanan sehat untuk menjaga kesehatan tubuh\"}',1,'2023-07-05 08:58:56','2023-07-05 08:58:56',NULL),(138,'mempraktikkangerakkombinasi-gerak-dasar-lokomotor-sesuai-dengankonsep-tubuhruangusahadanketerhubungan-dalamberbagai-bentukpermainan-sederhana-dan-atau-tradisional-Ahw2i',18,3,'{\"code\": \"4.1\", \"name\": \"Mempraktikkangerakkombinasi gerak dasar lokomotor sesuai dengankonsep tubuh,ruang,usaha,danketerhubungan dalamberbagai bentukpermainan sederhana dan atau tradisional\"}',1,'2023-07-05 09:06:12','2023-07-05 09:06:12',NULL),(139,'mempraktikkangerak-kombinasi-gerak-dasar-non-lokomotor-sesuai-dengankonsep-tubuhruangusaha-dan-keterhubungan-dalamberbagai-bentuk-permainan-sederhana-dan-atau-tradisional-AEtZR',18,3,'{\"code\": \"4.2\", \"name\": \"Mempraktikkangerak kombinasi gerak dasar non-lokomotor sesuai dengankonsep tubuh,ruang,usaha dan keterhubungan dalamberbagai bentuk permainan sederhana dan atau tradisional\"}',1,'2023-07-05 09:08:28','2023-07-05 09:08:28',NULL),(140,'mempraktikkan-kombinasi-gerak-dasar-manipulatif-sesuai-dengan-konsep-tubuhruangusahadan-keterhubungan-dalam-berbagai-bentuk-permainan-sederhanadan-atau-tradisional-vmu1e',18,3,'{\"code\": \"4.3\", \"name\": \"Mempraktikkan kombinasi gerak dasar manipulatif sesuai dengan konsep tubuh,ruang,usaha,dan keterhubungan dalam berbagai bentuk permainan sederhanadan atau tradisional\"}',1,'2023-07-05 09:10:43','2023-07-05 09:10:43',NULL),(141,'mempraktikkanbergerak-secara-seimbang-lenturlincahdanberdaya-tahan-dalamrangkapengembangankebugaran-jasmani-melalui-permainan-sederhana-dan-atau-tradisional-CBt2g',18,3,'{\"code\": \"4.4\", \"name\": \"Mempraktikkanbergerak secara seimbang ,lentur,lincah,danberdaya tahan dalamrangkapengembangankebugaran jasmani melalui permainan sederhana dan atau tradisional\"}',1,'2023-07-05 09:15:01','2023-07-05 09:15:01',NULL),(142,'mempraktikkan-kombinasi-berbagai-pola-gerak-dominanbertumpubergantungkeseimbanganberpindahlokomotortolakanputaranayunanmelayang-danmendarat-dalam-aktivitas-senam-lantai-aqpVu',18,3,'{\"code\": \"4.S\", \"name\": \"Mempraktikkan kombinasi berbagai pola gerak dominan(bertumpu,bergantung,keseimbangan,berpindah/lokomotor,tolakan,putaran,ayunan,melayang danmendarat) dalam aktivitas senam lantai\"}',1,'2023-07-05 09:18:34','2023-07-05 09:18:34',NULL),(143,'mempraktikkan-penggunaan-kombinasigerak-dasar-lokomotornon-lokomotor-danmanipulatif-sesuai-denganirama-ketukan-tanpadengan-musik-dalam-aktivitas-gerak-berirama-U0PRr',18,3,'{\"code\": \"4.6\", \"name\": \"Mempraktikkan penggunaan kombinasigerak dasar lokomotor,non-lokomotor danmanipulatif sesuai denganirama (ketukan) tanpa/dengan musik dalam aktivitas gerak berirama\"}',1,'2023-07-05 09:21:07','2023-07-05 09:21:07',NULL),(144,'mempraktikkan-gerak-dasar-mengambang-water-trappen-dan-meluncur-di-air-serta-menjaga-keselamatan-dirorang-lain-dalam-aktivitas-air-3BQm1',18,3,'{\"code\": \"4.7\", \"name\": \"Mempraktikkan gerak dasar mengambang (water trappen) dan meluncur di air serta menjaga keselamatan dir/orang lain dalam aktivitas air\"}',1,'2023-07-05 09:23:46','2023-07-05 09:23:46',NULL),(145,'menceritakan-bentuk-dan-manfaat-istirahat-dan-pengisian-waktu-luang-untuk-menjaga-kesehatan-kBDTh',18,3,'{\"code\": \"4.8\", \"name\": \"Menceritakan bentuk dan manfaat istirahat dan pengisian waktu luang untuk menjaga kesehatan\"}',1,'2023-07-05 09:25:16','2023-07-05 09:25:16',NULL),(146,'menceritakan-perlunya-memilih-makanan-bergizi-dan-jajanan-sehat-untuk-menjaga-kesehatan-tubuh-U8mPP',18,3,'{\"code\": \"4.9\", \"name\": \"Menceritakan perlunya memilih makanan bergizi dan jajanan sehat untuk menjaga kesehatan tubuh\"}',1,'2023-07-05 09:26:44','2023-07-05 09:26:44',NULL),(147,'mamahami-variasi-dan-kombinasi-gerak-dasar-lokomotornon-lokomotordan-manipulatif-dengan-kontrok-yang-baik-dalam-permainan-bola-besar-sederhana-dan-atau-tradisional-pMHCp',18,6,'{\"code\": \"3.1\", \"name\": \"Mamahami variasi dan kombinasi gerak dasar lokomotor,non-lokomotor,dan manipulatif dengan kontrok yang baik dalam permainan bola besar sederhana dan atau tradisional\"}',1,'2023-07-05 09:34:31','2023-07-05 09:34:31',NULL),(148,'mamahami-variasi-dan-kombinasi-gerak-dasar-lokomotor-dan-non-lokomotor-dan-manipulatif-dengan-kontrol-yang-baik-dalam-permainan-bola-kecil-sederhana-dan-atau-tradisional-lFfog',18,6,'{\"code\": \"3.2\", \"name\": \"Mamahami variasi dan kombinasi gerak dasar lokomotor dan non-lokomotor dan manipulatif dengan kontrol yang baik dalam permainan bola kecil sederhana dan atau tradisional\"}',1,'2023-07-05 09:37:10','2023-07-05 09:37:10',NULL),(149,'memahami-variasi-dan-kombinasi-gerak-dasar-jalanlarilompat-dan-lempar-dengan-kontrol-yang-baik-melalui-permainan-dan-atau-olahraga-tradisional-hImhH',18,6,'{\"code\": \"3.3\", \"name\": \"Memahami variasi dan kombinasi gerak dasar jalan,lari,lompat dan lempar dengan kontrol yang baik melalui permainan dan atau olahraga tradisional\"}',1,'2023-07-05 09:39:37','2023-07-05 09:39:37',NULL),(150,'memahami-variasi-dan-kombinasi-gerak-dasar-lokomotornon-lokomotor-dan-manipulatif-untuk-membentuk-gerak-dasar-seni-bela-diri-RgM4z',18,6,'{\"code\": \"3.4\", \"name\": \"Memahami variasi dan kombinasi gerak dasar lokomotor,non-lokomotor ,dan manipulatif untuk membentuk gerak dasar seni bela diri\"}',1,'2023-07-05 09:41:18','2023-07-05 09:41:18',NULL),(151,'mamahami-latihan-kebugaran-jasmani-dan-pengukuran-tingkat-kebugaran-jasmani-pribadi-secara-sederhana-contoh-menghitung-denyut-nadimenghitung-kemampuan-melakukan-push-upmenghitung-kelenturan-tungkai-c7r0k',18,6,'{\"code\": \"3.S\", \"name\": \"Mamahami latihan kebugaran jasmani dan pengukuran tingkat kebugaran jasmani pribadi secara sederhana (contoh menghitung denyut nadi,menghitung kemampuan melakukan push  up,menghitung kelenturan tungkai)\"}',1,'2023-07-05 09:45:16','2023-07-05 09:45:16',NULL),(152,'memahami-rangkaiantiga-pola-gerak-dominan-bertumpubergantungkeseimbanganberpindahlokomotortolakanputaranayunanmelayang-dan-mendarat-dengan-konsistentepat-dan-terkontrol-dalam-aktifitas-senam-WFAT3',18,6,'{\"code\": \"3.6\", \"name\": \"Memahami rangkaiantiga pola gerak dominan (bertumpu,bergantung,keseimbangan,berpindah/lokomotor,tolakan,putaran,ayunan.melayang dan mendarat) dengan konsisten,tepat dan terkontrol dalam aktifitas senam\"}',1,'2023-07-05 09:48:27','2023-07-05 09:48:27',NULL),(153,'memahami-penggunaan-variasi-dan-kombinasi-gerak-dasar-rangkaian-langkah-dan-ayunan-lengan-mengikuti-irama-ketukan-tanpadengan-musik-dalam-aktivitas-gerak-berirama-Rao6o',18,6,'{\"code\": \"3.7\", \"name\": \"Memahami penggunaan variasi dan kombinasi gerak dasar rangkaian langkah dan ayunan lengan mengikuti irama (ketukan) tanpa/dengan musik dalam aktivitas gerak berirama\"}',1,'2023-07-05 09:51:33','2023-07-05 09:51:33',NULL),(154,'memahami-keterampilan-salah-satu-gaya-renang-dan-dasar-dasar-penyelamatan-diri-wGjOf',18,6,'{\"code\": \"3.8\", \"name\": \"Memahami keterampilan salah satu gaya renang dan dasar-dasar penyelamatan diri\"}',1,'2023-07-05 09:52:53','2023-07-05 09:52:53',NULL),(155,'memahami-perlunya-pemeliharaan-kebersihan-alat-reproduksi-wYo8x',18,6,'{\"code\": \"3.9\", \"name\": \"Memahami perlunya pemeliharaan kebersihan alat reproduksi\"}',1,'2023-07-05 09:54:33','2023-07-05 09:54:33',NULL),(156,'mempraktikkan-variasi-dan-kombinasi-gerak-dasr-lokomotornon-lokomotordan-manipulatif-dengan-kontrol-yang-baik-dalam-permainan-bola-besar-sederhana-dan-atau-tradisional-hryxS',18,6,'{\"code\": \"4.1\", \"name\": \"Mempraktikkan variasi dan kombinasi gerak dasr lokomotor,non-lokomotor,dan manipulatif dengan kontrol yang baik dalam permainan bola besar sederhana dan atau tradisional\"}',1,'2023-07-05 10:02:38','2023-07-05 10:02:38',NULL),(157,'mempraktikkan-variaso-dan-kombinasi-gerak-dasar-lokomotornon-lokomotor-dan-manipulatif-dengan-kontrol-yang-baik-dalam-permainan-bola-kecil-sederhana-dan-atau-tradisional-quYzc',18,6,'{\"code\": \"4.2\", \"name\": \"Mempraktikkan variaso dan kombinasi gerak dasar lokomotor,non-lokomotor dan manipulatif dengan kontrol yang baik dalam permainan bola kecil sederhana dan atau tradisional\"}',1,'2023-07-05 10:05:04','2023-07-05 10:05:04',NULL),(158,'mempraktikkan-variasi-dan-kombinasi-gerak-dasar-jalanlarilompat-danlempar-dengan-kontrol-yang-baik-melalui-permainan-dan-atau-olahraga-tradisional-2G3xc',18,6,'{\"code\": \"4.3\", \"name\": \"Mempraktikkan variasi dan kombinasi gerak dasar jalan,lari,lompat dan,lempar dengan kontrol yang baik melalui permainan dan atau olahraga tradisional\"}',1,'2023-07-05 10:07:40','2023-07-05 10:07:40',NULL),(159,'mempraktikkan-variasi-dan-kombinasi-gerak-dasar-lokomotornon-lokomotordan-manipulatif-untuk-membentuk-gerak-dasar-seni-bela-diri-lsJaK',18,6,'{\"code\": \"4.4\", \"name\": \"Mempraktikkan variasi dan kombinasi gerak dasar lokomotor,non-lokomotor,dan manipulatif untuk membentuk gerak dasar seni bela diri\"}',1,'2023-07-05 10:09:31','2023-07-05 10:09:31',NULL),(160,'mempraktikkan-latihan-kebugaran-jasmani-dan-pengukuran-tingkat-kebugaran-jasmani-pribadi-secara-sederhana-contoh-menghitung-deyut-nadimenghitung-kemampuan-melakukan-push-upmenghitung-kelenturan-tungkai-Kixy3',18,6,'{\"code\": \"4.S\", \"name\": \"Mempraktikkan latihan kebugaran jasmani dan pengukuran tingkat kebugaran jasmani pribadi secara sederhana (contoh: menghitung deyut nadi,menghitung kemampuan melakukan push up,menghitung kelenturan tungkai)\"}',1,'2023-07-05 10:13:00','2023-07-05 10:13:00',NULL),(161,'mempraktikkan-rangkaian-tigapola-gerak-dominan-bertumpubergantungkeseimbangan-berpindahlokomotor-tolakanputaranayunanmelayang-dan-mendarat-dengan-konsistentepat-dan-terkontrol-dalam-aktivitas-senam-qHTLE',18,6,'{\"code\": \"4.6\", \"name\": \"Mempraktikkan rangkaian tigapola gerak dominan (bertumpu,bergantung,keseimbangan berpindah/lokomotor ,tolakan,putaran,ayunan,melayang dan mendarat) dengan konsisten,tepat dan terkontrol dalam aktivitas senam\"}',1,'2023-07-05 10:24:33','2023-07-05 10:24:33',NULL),(162,'mempraktikkan-penggunaan-variasi-dan-kombinasi-gerak-dasar-rangkaian-langkah-dan-ayunan-lengan-mengikuti-irama-ketukan-tanpadengan-musik-dalam-aktivitas-gerak-berirama-Cp1bh',18,6,'{\"code\": \"4.7\", \"name\": \"Mempraktikkan penggunaan variasi dan kombinasi gerak dasar rangkaian langkah dan ayunan lengan mengikuti irama (ketukan) tanpa/dengan musik dalam aktivitas gerak berirama\"}',1,'2023-07-05 10:27:22','2023-07-05 10:27:22',NULL),(163,'mempraktikkan-ketrampilan-salah-satu-gaya-renangdan-dasar-dasar-penyelamatan-diri-hc8wP',18,6,'{\"code\": \"4.8\", \"name\": \"Mempraktikkan ketrampilan salah satu gaya renangdan dasar-dasar penyelamatan diri\"}',1,'2023-07-05 10:28:30','2023-07-05 10:28:30',NULL),(164,'memaparkan-perlunya-pemeliharaan-kebersihan-alat-reproduksi-srtdS',18,6,'{\"code\": \"4.9\", \"name\": \"Memaparkan perlunya pemeliharaan kebersihan alat reproduksi\"}',1,'2023-07-05 10:29:38','2023-07-05 10:29:38',NULL),(165,'memahami-keesaan-allah-yang-maha-pencipta-berdasarkan-pengamatan-terhadap-dirinya-dan-makhluk-ciptaanya-yang-dijumpai-di-sekitar-di-rumah-dan-sekolah-thTHS',2,3,'{\"code\": \"3.3\", \"name\": \"Memahami keesaan Allah yang maha pencipta berdasarkan pengamatan terhadap dirinya dan makhluk ciptaanya yang dijumpai di sekitar di rumah dan sekolah\"}',1,'2023-07-06 08:00:33','2023-07-06 08:00:33',NULL),(166,'melakukan-pengamatan-terhadap-diri-dan-mahluk-ciptaan-allah-yang-dijumpai-di-sekitar-rumah-dan-sekolah-sebagai-implementasi-iman-terhadap-keesaan-allah-yang-maha-pencipta-u2Kdg',2,3,'{\"code\": \"4.3\", \"name\": \"Melakukan pengamatan terhadap diri dan mahluk ciptaan Allah yang dijumpai di sekitar rumah dan sekolah sebagai implementasi iman terhadap keesaan Allah yang maha pencipta.\"}',1,'2023-07-06 08:02:43','2023-07-06 08:02:43',NULL),(167,'memahami-hadis-yang-terkait-dengan-prilaku-mandiripercaya-diri-dan-tanggung-jawab-Memf8',2,3,'{\"code\": \"3.2\", \"name\": \"Memahami hadis yang terkait dengan prilaku mandiri,percaya diri, dan tanggung jawab.\"}',1,'2023-07-06 08:04:52','2023-07-06 08:04:52',NULL),(168,'mencontohkan-perilaku-mandiripercaya-diri-dan-tanggung-jawab-sebagai-implementasi-hadis-NFnr4',2,3,'{\"code\": \"4.2\", \"name\": \"mencontohkan perilaku mandiri,percaya diri, dan tanggung jawab sebagai implementasi hadis\"}',1,'2023-07-06 08:06:08','2023-07-06 08:06:08',NULL),(169,'memahami-makna-salat-sebagai-wujud-dari-pemahaman-qs-al-kausar-lh8dP',2,3,'{\"code\": \"3.8\", \"name\": \"Memahami makna salat sebagai wujud dari pemahaman Q.S. al-Kausar\"}',1,'2023-07-06 08:09:01','2023-07-06 08:09:01',NULL),(170,'mnunjukkan-contoh-makna-salat-sebagai-wujud-dari-pemahaman-qs-al-kausar-jOrKW',2,3,'{\"code\": \"4.8\", \"name\": \"Mnunjukkan contoh makna salat sebagai wujud dari pemahaman Q.S. al-Kausar\"}',1,'2023-07-06 08:10:08','2023-07-06 08:10:08',NULL),(171,'memahami-kisah-keteladanan-nabi-yusuf-as-bedGI',2,3,'{\"code\": \"3.11\", \"name\": \"Memahami kisah keteladanan nabi Yusuf a.s.\"}',1,'2023-07-06 08:12:46','2023-07-06 08:12:46',NULL),(172,'menceritakan-kisah-keteladanan-nabi-yusuf-as-DF0rk',2,3,'{\"code\": \"4.11\", \"name\": \"Menceritakan kisah keteladanan nabi Yusuf a.s.\"}',1,'2023-07-06 08:13:33','2023-07-06 08:13:33',NULL),(173,'memahami-kisah-keteladanan-nabi-syuaib-as-METxn',2,3,'{\"code\": \"3.12\", \"name\": \"Memahami kisah keteladanan nabi Syu\'aib a.s\"}',1,'2023-07-06 08:15:09','2023-07-06 08:15:09',NULL),(174,'menceritakan-kisah-keteladanan-nabi-syuaib-as-Y4qS5',2,3,'{\"code\": \"4.12\", \"name\": \"Menceritakan kisah keteladanan nabi Syu\'aib a.s.\"}',1,'2023-07-06 08:15:52','2023-07-06 08:15:52',NULL);
/*!40000 ALTER TABLE `basic_competencies` ENABLE KEYS */;
UNLOCK TABLES;

--
-- Table structure for table `competence_achievements`
--

DROP TABLE IF EXISTS `competence_achievements`;
/*!40101 SET @saved_cs_client     = @@character_set_client */;
/*!50503 SET character_set_client = utf8mb4 */;
CREATE TABLE `competence_achievements` (
  `id` int unsigned NOT NULL AUTO_INCREMENT,
  `slug` varchar(255) COLLATE utf8mb4_unicode_ci DEFAULT NULL,
  `id_type_competence` tinyint unsigned DEFAULT NULL,
  `id_course` int unsigned NOT NULL,
  `id_study_class` int unsigned NOT NULL,
  `id_teacher` int unsigned NOT NULL,
  `id_school_year` int unsigned NOT NULL,
  `code` varchar(255) COLLATE utf8mb4_unicode_ci DEFAULT NULL,
  `achievement` varchar(255) COLLATE utf8mb4_unicode_ci DEFAULT NULL,
  `description` text COLLATE utf8mb4_unicode_ci,
  `status` tinyint NOT NULL DEFAULT '1',
  `created_at` timestamp NULL DEFAULT NULL,
  `updated_at` timestamp NULL DEFAULT NULL,
  `deleted_at` timestamp NULL DEFAULT NULL,
  PRIMARY KEY (`id`),
  KEY `competence_achievements_id_course_foreign` (`id_course`),
  KEY `competence_achievements_id_study_class_foreign` (`id_study_class`),
  KEY `competence_achievements_id_teacher_foreign` (`id_teacher`),
  KEY `competence_achievements_id_school_year_foreign` (`id_school_year`),
  CONSTRAINT `competence_achievements_id_course_foreign` FOREIGN KEY (`id_course`) REFERENCES `courses` (`id`) ON DELETE CASCADE,
  CONSTRAINT `competence_achievements_id_school_year_foreign` FOREIGN KEY (`id_school_year`) REFERENCES `school_years` (`id`) ON DELETE CASCADE,
  CONSTRAINT `competence_achievements_id_study_class_foreign` FOREIGN KEY (`id_study_class`) REFERENCES `study_classes` (`id`) ON DELETE CASCADE,
  CONSTRAINT `competence_achievements_id_teacher_foreign` FOREIGN KEY (`id_teacher`) REFERENCES `teachers` (`id`) ON DELETE CASCADE
) ENGINE=InnoDB AUTO_INCREMENT=443 DEFAULT CHARSET=utf8mb4 COLLATE=utf8mb4_unicode_ci;
/*!40101 SET character_set_client = @saved_cs_client */;

--
-- Dumping data for table `competence_achievements`
--

LOCK TABLES `competence_achievements` WRITE;
/*!40000 ALTER TABLE `competence_achievements` DISABLE KEYS */;
INSERT INTO `competence_achievements` (`id`, `slug`, `id_type_competence`, `id_course`, `id_study_class`, `id_teacher`, `id_school_year`, `code`, `achievement`, `description`, `status`, `created_at`, `updated_at`, `deleted_at`) VALUES (1,'peserta-didik-dapat-melakukan-operasi-penjumlahan-dan-pengurangan-menggunakan-benda-benda-konkret-yang-banyaknya-sampai-20-A5tFT',1,3,1,9,3,'CP1','Peserta didik dapat melakukan operasi penjumlahan dan pengurangan menggunakan benda-benda konkret yang banyaknya sampai 20.','Peserta didik dapat melakukan operasi penjumlahan dan pengurangan menggunakan benda-benda konkret yang banyaknya sampai 20.',1,'2023-05-24 06:22:47','2023-06-29 05:49:19','2023-06-29 05:49:19'),(2,'peserta-didik-menunjukkan-pemahaman-pecahan-sebagai-bagian-dari-keseluruhan-melalui-konteks-membagi-sebuah-benda-atau-kumpulan-benda-sama-banyak-pecahan-yang-diperkenalkan-adalah-setengah-dan-seperempat-21IHL',1,3,1,9,3,'CP1','Peserta didik menunjukkan pemahaman pecahan sebagai bagian dari keseluruhan melalui konteks membagi sebuah benda atau kumpulan benda sama banyak pecahan yang diperkenalkan adalah setengah dan seperempat.','Peserta didik menunjukkan pemahaman pecahan sebagai bagian dari keseluruhan melalui konteks membagi sebuah benda atau kumpulan benda sama banyak pecahan yang diperkenalkan adalah setengah dan seperempat.',1,'2023-05-24 06:23:24','2023-05-24 06:27:40','2023-05-24 06:27:40'),(3,'mengenal-bilangan-dan-simbol-bilangan-1-10-berdasarkan-kumpulan-benda-PAuFb',2,3,1,9,3,'1.1.1','Mengenal bilangan dan simbol bilangan 1 - 10 berdasarkan kumpulan benda','Mengenal bilangan dan simbol\r\nbilangan 1 - 10 berdasarkan\r\nkumpulan benda',1,'2023-05-24 06:26:28','2023-05-24 06:27:09','2023-05-24 06:27:09'),(4,'peserta-didik-mampu-bersikap-menjadi-pendengar-yang-penuh-perhatian-OIHE9',2,1,1,2,3,'CP1','Peserta didik mampu bersikap menjadi pendengar yang penuh perhatian','Peserta didik mampu bersikap menjadi pendengar yang penuh\r\nperhatian',1,'2023-05-24 07:22:32','2023-06-29 05:48:11','2023-06-29 05:48:11'),(5,'mendengarkan-dengan-seksama-pertanyaan-dan-instruksi-WxLxi',2,1,1,2,3,'BD2A.2','Mendengarkan dengan seksama pertanyaan dan instruksi','Mendengarkan dengan seksama pertanyaan dan instruksi',1,'2023-05-24 07:23:16','2023-06-29 05:48:11','2023-06-29 05:48:11'),(6,'mengenali-dan-membedakan-suara-di-lingkungan-UGuYm',2,1,1,2,3,'BD2A.3','Mengenali dan membedakan suara di lingkungan','Mengenali dan membedakan suara di lingkungan',1,'2023-05-24 07:23:36','2023-06-29 05:48:11','2023-06-29 05:48:11'),(7,'menanggapi-arahan-atau-instruksi-sederhana-jeTwz',2,1,1,2,3,'BD2A.4','Menanggapi arahan atau instruksi sederhana','Menanggapi arahan atau instruksi sederhana',1,'2023-05-24 07:23:54','2023-06-29 05:48:11','2023-06-29 05:48:11'),(8,'mengembangkan-kesadaran-konvensi-sosial-kapan-harus-mendengarkan-atau-berbicara-CnqOP',2,1,1,2,3,'BD2A.5','Mengembangkan kesadaran konvensi sosial kapan harus mendengarkan atau berbicara','Mengembangkan kesadaran konvensi sosial kapan harus\r\nmendengarkan atau berbicara',1,'2023-05-24 07:24:13','2023-06-29 05:48:11','2023-06-29 05:48:11'),(9,'mendengarkan-dan-mengingat-urutan-instruksi-bMJXC',2,1,1,2,3,'BD2A.7','Mendengarkan dan mengingat urutan instruksi.','Mendengarkan dan mengingat urutan instruksi.',1,'2023-05-24 07:24:42','2023-06-29 05:48:11','2023-06-29 05:48:11'),(10,'membedakan-kata-per-kata-dalam-kalimat-pendek-yang-diucapkan-hGOkA',2,1,1,2,3,'BD2A.8','Membedakan kata per kata dalam kalimat pendek yang diucapkan.','Membedakan kata per kata dalam kalimat pendek yang\r\ndiucapkan.',1,'2023-05-24 07:24:56','2023-06-29 05:48:11','2023-06-29 05:48:11'),(11,'provident-dolor-mod-qocbb',1,1,1,11,3,'001','Provident dolor mod','Irure id in iusto pr',1,'2023-06-16 07:47:29','2023-06-29 05:48:11','2023-06-29 05:48:11'),(12,'menjelaskan-makna-nkri-vqhRP',2,1,4,13,3,'1','Menjelaskan makna NKRI','Menjelaskan makna NKRI',1,'2023-06-17 02:30:14','2023-06-29 05:48:11','2023-06-29 05:48:11'),(13,'mengidentifikasi-faktor-faktor-yang-dapat-memperkuat-keutuhan-nkri-yyDjH',2,1,4,13,3,'2','Mengidentifikasi faktor-faktor yang dapat memperkuat keutuhan NKRI','Mengidentifikasi faktor-faktor yang dapat memperkuat keutuhan NKRI',1,'2023-06-17 02:38:19','2023-06-29 05:48:11','2023-06-29 05:48:11'),(14,'mengindentifikasi-ucapan-ajakan-imbauan-berupa-perintah-tolong-penolakan-dan-permintaan-maaf-tHKWT',2,1,2,18,1,'1.1','Mengindentifikasi ucapan ajakan, imbauan berupa perintah, tolong, penolakan, dan permintaan maaf','Mengindentifikasi ucapan ajakan, imbauan berupa perintah, tolong, penolakan, dan permintaan maaf',1,'2023-06-24 10:08:30','2023-06-29 05:48:11','2023-06-29 05:48:11'),(15,'menyimpulkan-nama-benda-berdasarkan-informasi-pada-teks-deskripsi-aSmVX',2,1,2,18,1,'1.2','Menyimpulkan nama benda berdasarkan informasi pada teks deskripsi','Menyimpulkan nama benda berdasarkan informasi pada teks deskripsi',1,'2023-06-24 10:10:45','2023-06-29 05:48:11','2023-06-29 05:48:11'),(16,'menyimpulkan-nama-tempat-berdasarkan-informasi-pada-teks-deskripsi-XB9JG',2,1,2,18,1,'1.3','Menyimpulkan nama tempat berdasarkan informasi pada teks deskripsi','Menyimpulkan nama tempat berdasarkan informasi pada teks deskripsi',1,'2023-06-24 10:11:59','2023-06-29 05:48:11','2023-06-29 05:48:11'),(17,'membedakan-informasi-berupa-opini-dan-fakta-2cU5y',2,1,2,18,1,'1.4','Membedakan informasi berupa opini dan fakta','Membedakan informasi berupa opini dan fakta',1,'2023-06-24 10:13:03','2023-06-29 05:48:11','2023-06-29 05:48:11'),(18,'mengindentifikasi-ucapan-ajakan-imbauan-berupa-perintah-tolong-Fip59',2,11,2,18,1,'1.1','Mengindentifikasi ucapan ajakan, imbauan berupa perintah, tolong,','Mengindentifikasi ucapan ajakan, imbauan berupa perintah, tolong,',1,'2023-06-24 11:02:41','2023-06-29 05:47:22','2023-06-29 05:47:22'),(19,'test-capaian-kompetensi-DjLtV',2,1,1,11,3,'001','test capaian kompetensi','menggunakan tp sewaktu input nilai',1,'2023-06-26 09:31:09','2023-06-29 05:48:11','2023-06-29 05:48:11'),(20,'menjelasakan-sifat-sifat-bunyi-dan-cahaya-melalui-percobaan-sederhana-urTxA',2,9,5,15,1,'1.1','Menjelasakan sifat-sifat bunyi dan cahaya melalui percobaan sederhana','Menjelasakan sifat-sifat bunyi dan cahaya melalui percobaan sederhana',1,'2023-06-27 08:09:56','2023-06-29 05:48:52','2023-06-29 05:48:52'),(21,'mendemontrasikan-bagaimana-pendengaran-dan-penglihatan-manusia-bekerja-Eg08p',2,9,5,15,1,'1.2','Mendemontrasikan bagaimana pendengaran dan penglihatan manusia bekerja','Mendemontrasikan bagaimana pendengaran dan penglihatan manusia bekerja',1,'2023-06-27 08:10:55','2023-06-29 05:48:52','2023-06-29 05:48:52'),(22,'kjbjn-c4YmU',2,14,5,15,1,'1.1','kjbjn','kjbjn',1,'2023-06-30 11:32:16','2023-06-30 11:33:28','2023-06-30 11:33:28'),(23,'lhjhchghgj-X9rQf',2,14,5,15,1,'1.2','lhjhchghgj','lhjhchghgj',1,'2023-06-30 11:32:36','2023-06-30 11:33:32','2023-06-30 11:33:32'),(24,'menjelaskan-sifat-sifat-bunyi-dan-cahaya-melalui-percobaan-MXFRy',2,14,5,15,1,'1.1','Menjelaskan sifat-sifat bunyi dan cahaya melalui percobaan','Menjelaskan sifat-sifat bunyi dan cahaya melalui percobaan',1,'2023-07-01 08:28:33','2023-07-01 08:35:37','2023-07-01 08:35:37'),(25,'mendemontrasikan-bagaimana-sistem-pendengaran-dan-penglihatan-manusia-bekerja-pUwm3',2,14,5,15,1,'1.2','Mendemontrasikan bagaimana sistem pendengaran dan penglihatan manusia bekerja','Mendemontrasikan bagaimana sistem pendengaran dan penglihatan manusia bekerja',1,'2023-07-01 08:29:24','2023-07-01 08:35:42','2023-07-01 08:35:42'),(26,'menunjukkan-dan-mengidentifikasi-sikap-serta-menggabungkan-kata-menjadi-kalimat-sesuai-dengan-nilai-pancasila-X5CeK',2,14,1,11,1,'1.1','menunjukkan dan  mengidentifikasi sikap  serta menggabungkan kata menjadi kalimat sesuai dengan nilai Pancasila','menunjukkan dan  mengidentifikasi sikap  serta menggabungkan kata menjadi kalimat sesuai dengan nilai Pancasila',1,'2023-07-01 08:38:34','2023-07-01 08:45:24','2023-07-01 08:45:24'),(27,'mengungkapkan-sila-pancasila-secara-runtut-maupun-acakmenghubungkan-symbolmencocokan-gambar-symbol-sesuai-gambar-symbol-pancasila-mbcOO',2,14,1,11,1,'1.2','mengungkapkan sila Pancasila secara runtut maupun acak,menghubungkan symbol,mencocokan gambar symbol sesuai gambar symbol Pancasila.','mengungkapkan sila Pancasila secara runtut maupun acak,menghubungkan symbol,mencocokan gambar symbol sesuai gambar symbol Pancasila.',1,'2023-07-01 08:39:40','2023-07-01 08:45:37','2023-07-01 08:45:37'),(28,'mmenunjukan-sikap-sesuai-dengan-nilai-pancasila-terhadap-diri-sendiri-dan-orang-lain-sebagai-tanda-syukur-kepada-tuhan-yme-I1tJu',2,14,1,11,1,'1.1','Mmenunjukan sikap sesuai dengan nilai pancasila terhadap diri sendiri dan orang lain sebagai tanda syukur kepada Tuhan YME','Mmenunjukan sikap sesuai dengan nilai pancasila terhadap diri sendiri dan orang lain sebagai tanda syukur kepada Tuhan YME',1,'2023-07-01 08:50:05','2023-07-01 08:50:05',NULL),(29,'mengidentifikasi-nilai-pancasila-dalam-kehidupan-sehari-hari-sesuai-nilai-nilai-baik-pancasila-uzSQy',2,14,1,11,1,'1.2','Mengidentifikasi nilai pancasila dalam kehidupan sehari-hari sesuai nilai-nilai baik pancasila','Mengidentifikasi nilai pancasila dalam kehidupan sehari-hari sesuai nilai-nilai baik pancasila',1,'2023-07-01 08:52:33','2023-07-01 08:52:33',NULL),(30,'menghubungkan-simbol-simbol-pancasila-dengan-sila-sila-pancasila-DCBZj',2,14,1,11,1,'1.3','Menghubungkan simbol-simbol Pancasila dengan sila-sila Pancasila.','Menghubungkan simbol-simbol Pancasila dengan sila-sila Pancasila.',1,'2023-07-01 08:55:12','2023-07-01 08:55:12',NULL),(31,'mengaitkanmencocokan-gambar-simbol-sesuai-garuda-pancasila-DBxnq',2,14,1,11,1,'1.4','Mengaitkan/mencocokan gambar simbol sesuai Garuda Pancasila','Mengaitkan/mencocokan gambar simbol sesuai Garuda Pancasila',1,'2023-07-01 08:56:41','2023-07-01 08:56:41',NULL),(32,'ubungan-simbol-simbol-pancasila-dengan-sila-sila-dalam-pncasilapeserta-didik-dapat-mengenali-simbol-simbol-pancasila-dan-lambang-negara-garuda-pancasila-serta-menceritakan-h-9Z69O',1,15,2,18,1,'1.1','ubungan simbol-simbol pancasila dengan sila sila dalam PncasilaPeserta didik dapat mengenali simbol - simbol Pancasila dan Lambang Negara Garuda Pancasila serta menceritakan h','ubungan simbol-simbol pancasila dengan sila sila dalam Pncasila',1,'2023-07-01 08:57:13','2023-07-04 08:52:13','2023-07-04 08:52:13'),(33,'menyusun-karya-gambar-berwarna-yang-sesuai-warna-simbol-garuda-pancasila-4mNlP',2,14,1,11,1,'1.5','Menyusun karya gambar berwarna yang sesuai warna simbol Garuda Pancasila','Menyusun karya gambar berwarna yang sesuai warna simbol Garuda Pancasila',1,'2023-07-01 08:58:09','2023-07-01 08:58:09',NULL),(34,'mengenali-lima-simbol-pancasila-dalam-garuda-pancasila-dengan-tepat-2FfID',2,14,2,18,1,'1.1','mengenali lima simbol Pancasila dalam Garuda Pancasila dengan tepat','mengenali lima simbol Pancasila dalam Garuda Pancasila dengan tepat',1,'2023-07-01 08:58:47','2023-07-01 09:31:38',NULL),(35,'melaksanakan-aturan-dengan-bimbingan-orang-tua-dan-guru-zjYlK',2,14,1,11,1,'1.6','Melaksanakan aturan dengan bimbingan orang tua dan guru.','Melaksanakan aturan dengan bimbingan orang tua dan guru.',1,'2023-07-01 09:00:21','2023-07-04 07:10:32',NULL),(36,'menjelaskan-arti-makna-lima-simbol-pancasila-dengan-tepat-MVP1A',2,14,2,18,1,'1.2','menjelaskan arti makna lima simbol Pancasila dengan tepat','menjelaskan arti makna lima simbol Pancasila dengan tepat',1,'2023-07-01 09:00:27','2023-07-01 09:32:02',NULL),(37,'menceritakan-hubungan-simbol-simbol-pancasila-dengan-sila-sila-pancasila-dengan-tepat-ifg5H',2,14,2,18,1,'1.3','menceritakan hubungan simbol-simbol Pancasila dengan sila-sila Pancasila dengan tepat','menceritakan hubungan simbol-simbol Pancasila dengan sila-sila Pancasila dengan tepat',1,'2023-07-01 09:01:39','2023-07-01 09:32:26',NULL),(38,'menceritakan-contoh-sikap-mematuhi-dan-tidak-mematuhi-aturan-yang-berlaku-di-erumah-dan-di-sekolah-BOpkm',2,14,1,11,1,'1.7','menceritakan contoh sikap mematuhi dan tidak mematuhi aturan yang berlaku di erumah dan di sekolah.','menceritakan contoh sikap mematuhi dan tidak mematuhi aturan yang berlaku di erumah dan di sekolah.',1,'2023-07-01 09:01:51','2023-07-04 07:11:11',NULL),(39,'mengidentifikasi-dan-membedakan-tugas-dalam-kegiatan-bersama-dengan-tepat-QwfSA',2,14,2,18,1,'1.4','mengidentifikasi dan membedakan tugas dalam kegiatan bersama dengan tepat','mengidentifikasi dan membedakan tugas dalam kegiatan bersama dengan tepat',1,'2023-07-01 09:02:45','2023-07-01 09:33:03',NULL),(40,'menjabarkan-pendapat-tentang-manfaat-patuh-terhadap-aturan-di-rumah-dan-di-sekolah-S4tjc',2,14,1,11,1,'1.8','Menjabarkan pendapat tentang manfaat patuh terhadap aturan di rumah dan di sekolah.','Menjabarkan pendapat tentang manfaat patuh terhadap aturan di rumah dan di sekolah.',1,'2023-07-01 09:04:02','2023-07-04 07:11:46',NULL),(41,'mengidentifikasi-hal-penting-dan-memilih-bertanggungjawab-menjaga-hal-penting-dengan-tepat-9Mere',2,14,2,18,1,'1.5','mengidentifikasi hal penting dan memilih bertanggungjawab menjaga hal penting dengan tepat','mengidentifikasi hal penting dan memilih bertanggungjawab menjaga hal penting dengan tepat',1,'2023-07-01 09:05:50','2023-07-01 09:33:21',NULL),(42,'merancang-penerapan-kewajiban-di-sekolah-dengan-tepat-pL5YK',2,14,1,11,1,'1.9','Merancang penerapan kewajiban di sekolah dengan tepat.','Merancang penerapan kewajiban di sekolah dengan tepat.',1,'2023-07-01 09:08:18','2023-07-04 07:13:12',NULL),(43,'menjelaskan-sifat-sifat-bunyi-dan-cahaya-mQc00',1,14,5,15,1,'1.1','Menjelaskan sifat sifat bunyi dan cahaya.','Menjelaskan sifat sifat bunyi dan cahaya.',1,'2023-07-01 09:09:00','2023-07-01 09:35:26','2023-07-01 09:35:26'),(44,'memutuskan-nilai-nilai-yang-sesuai-pancasila-sehingga-dapat-menerapkannya-dalam-kehidupan-sehari-hari-dengan-baik-o5NgY',1,14,2,18,1,'1.6','memutuskan nilai-nilai yang sesuai Pancasila sehingga dapat menerapkannya dalam kehidupan sehari-hari dengan baik','memutuskan nilai-nilai yang sesuai Pancasila sehingga dapat menerapkannya dalam kehidupan sehari-hari dengan baik',1,'2023-07-01 09:09:44','2023-07-01 09:33:41',NULL),(45,'mengidentifikasi-aktifitas-patuh-aturan-di-sekolah-dan-di-rumah-qOXkB',2,14,1,11,1,'1.10','Mengidentifikasi aktifitas patuh aturan di sekolah dan di rumah.','Mengidentifikasi aktifitas patuh aturan di sekolah dan di rumah.',1,'2023-07-01 09:11:10','2023-07-11 08:11:18',NULL),(46,'menjelaskan-sifat-sifat-bunyi-dan-cahaya-43pVM',2,17,5,15,1,'5.1','Menjelaskan sifat sifat bunyi dan cahaya.','Menjelaskan sifat sifat bunyi dan cahaya.',1,'2023-07-01 09:12:11','2023-07-03 11:31:10',NULL),(47,'mendemonstrasikan-sistem-pendengaran-dan-penglihatan-manusia-bekerja-Avfpa',2,17,5,15,1,'5.2','Mendemonstrasikan  sistem pendengaran dan penglihatan manusia bekerja.','Mendemonstrasikan sistem pendengaran dan penglihatan manusia bekerja.',1,'2023-07-01 09:12:35','2023-07-11 09:54:49',NULL),(48,'mengidentifikasi-aturan-di-rumah-sehingga-dengan-bimbingan-orang-tua-dan-guru-dapat-melaksanakannya-dengan-baik-ueqId',2,14,2,18,1,'1.7','mengidentifikasi aturan di rumah sehingga dengan bimbingan orang tua dan guru dapat melaksanakannya dengan baik','mengidentifikasi aturan di rumah sehingga dengan bimbingan orang tua dan guru dapat melaksanakannya dengan baik',1,'2023-07-01 09:13:30','2023-07-01 09:33:57',NULL),(49,'menganalisis-hubungan-antar-makhluk-hidup-dalam-bentuk-jaring-jaring-v2EeT',2,17,5,15,1,'5.3','Menganalisis hubungan antar makhluk hidup dalam bentuk jaring jaring.','Menganalisis hubungan antar makhluk hidup dalam bentuk jaring jaring.',1,'2023-07-01 09:14:24','2023-07-03 11:33:51',NULL),(50,'mengidentifikasi-aturan-di-sekolah-sehingga-dengan-bimbingan-orang-tua-dan-guru-dapat-melaksanakannya-dengan-baik-8Rttt',2,14,2,18,1,'1.8','mengidentifikasi aturan di sekolah sehingga dengan bimbingan orang tua dan guru dapat melaksanakannya dengan baik','mengidentifikasi aturan di sekolah sehingga dengan bimbingan orang tua dan guru dapat melaksanakannya dengan baik',1,'2023-07-01 09:17:15','2023-07-01 09:34:15',NULL),(51,'mendeskripsikan-proses-transformasi-antarmakhluk-hidup-dalam-suatu-ekosistem-mqlUn',2,17,5,15,1,'5.4','Mendeskripsikan proses transformasi antarmakhluk hidup dalam suatu ekosistem','Mendeskripsikan proses transformasi antarmakhluk hidup dalam suatu ekosistem',1,'2023-07-01 09:17:53','2023-07-13 08:09:42',NULL),(52,'mentebutkan-identitas-dirinya-GwXgV',2,14,1,11,1,'3.1','Mentebutkan identitas dirinya.','Mentebutkan identitas dirinya.',1,'2023-07-01 09:17:58','2023-07-01 09:23:55','2023-07-01 09:23:55'),(53,'menyebutkan-karakteristik-fisik-dan-non-fisik-orang-sv6i7',2,14,1,11,1,'3.2','Menyebutkan karakteristik fisik dan non-fisik orang.','Menyebutkan karakteristik fisik dan non-fisik orang.',1,'2023-07-01 09:19:11','2023-07-01 09:24:17','2023-07-01 09:24:17'),(54,'membedakan-identitas-dirinya-dan-karakteristik-fisik-dengan-teman-temannya-aXp1o',2,14,1,11,1,'3.3','Membedakan identitas dirinya dan karakteristik fisik dengan teman-temannya.','Membedakan identitas dirinya dan karakteristik fisik dengan teman-temannya.',1,'2023-07-01 09:20:35','2023-07-01 09:24:36','2023-07-01 09:24:36'),(55,'mendeskripsikan-bagaimana-transformasi-energi-dalam-suatu-ekosistem-berperan-penting-dalam-menjaga-keseimbangan-alam-6ZTJQ',2,17,5,15,1,'5.5','Mendeskripsikan bagaimana transformasi energi dalam suatu ekosistem berperan penting dalam menjaga keseimbangan alam','Mendeskripsikan bagaimana transformasi energi dalam suatu ekosistem berperan penting dalam menjaga keseimbangan alam',1,'2023-07-01 09:21:45','2023-07-13 08:11:08',NULL),(56,'mencocokan-sikap-pasitif-atas-perbedaan-spesial-PXlXK',2,14,1,11,1,'3.4','Mencocokan sikap pasitif atas perbedaan spesial.','Mencocokan sikap pasitif atas perbedaan spesial.',1,'2023-07-01 09:21:45','2023-07-01 09:24:52','2023-07-01 09:24:52'),(57,'mengelompokkan-aturan-di-rumah-sehingg-dapat-menceritakan-sikap-patuh-dan-tidak-patuh-di-rumah-dengan-baik-JPdOT',2,14,2,18,1,'1.9','mengelompokkan aturan di rumah sehingg dapat menceritakan sikap patuh dan tidak patuh di rumah dengan baik','mengelompokkan aturan di rumah sehingg dapat menceritakan sikap patuh dan tidak patuh di rumah dengan baik',1,'2023-07-01 09:23:01','2023-07-01 09:34:41',NULL),(58,'mengelompokkan-aturan-di-sekolah-sehingga-dapat-menceritakan-sikap-patuh-dan-tidak-patuh-di-sekolah-dengan-baik-Ptl8R',2,14,2,18,1,'1.10','mengelompokkan aturan di sekolah sehingga dapat menceritakan sikap patuh dan tidak patuh  di sekolah dengan baik','mengelompokkan aturan di sekolah sehingga dapat menceritakan sikap patuh dan tidak patuh  di sekolah dengan baik',1,'2023-07-01 09:24:51','2023-07-01 09:36:33',NULL),(59,'memanfaatkan-gaya-magnet-untuk-menjalani-aktivitas-sehari-hari-xHjUT',2,17,5,15,1,'5.6','Memanfaatkan gaya magnet untuk menjalani aktivitas sehari- hari','Memanfaatkan gaya magnet untuk menjalani aktivitas sehari- hari',1,'2023-07-01 09:25:14','2023-07-13 08:12:30',NULL),(60,'berpendapat-dan-menyimak-pendapat-orang-lain-dengan-baik-OSKbP',2,14,2,18,1,'1.11','berpendapat dan menyimak pendapat orang lain dengan baik','dapat berpendapat dan menyimak pendapat orang lain dengan baik',1,'2023-07-01 09:26:29','2023-07-01 09:37:55',NULL),(61,'memuat-kesepakatan-sederhana-dengan-baik-yENNv',2,14,2,18,1,'1.12','memuat kesepakatan sederhana dengan baik','memuat kesepakatan sederhana dengan baik',1,'2023-07-01 09:27:11','2023-07-01 09:38:26',NULL),(62,'mendeskripsikan-dan-menggunakan-bagaimana-energi-listrik-diperoleh-dan-digunakan-17lgo',2,17,5,15,1,'5.7','Mendeskripsikan  dan menggunakan bagaimana energi listrik diperoleh dan digunakan','Mendeskripsikan  dan menggunakan bagaimana energi listrik diperoleh dan digunakan',1,'2023-07-01 09:29:07','2023-07-03 11:35:17',NULL),(63,'menggunakan-perangkat-teknologi-yang-memanfaaatkan-perubahan-energi-listrik-bkLql',2,17,5,15,1,'5.8','Menggunakan perangkat teknologi yang memanfaaatkan perubahan energi listrik','Menggunakan perangkat teknologi yang memanfaaatkan perubahan energi listrik',1,'2023-07-01 09:35:39','2023-07-13 08:14:06',NULL),(64,'membilang-dengan-menggunakan-benda-konkret-atau-abstrak-yang-dapat-dikelompokkan-menjadi-ratusan-uEbNk',2,16,2,18,1,'2.1','Membilang dengan menggunakan benda konkret atau abstrak yang dapat dikelompokkan menjadi ratusan','Membilang dengan menggunakan benda konkret atau abstrak yang dapat dikelompokkan menjadi ratusan',1,'2023-07-01 09:54:44','2023-07-04 08:14:07','2023-07-04 08:14:07'),(65,'mengetahui-susunan-bilangan-3-angka-cara-membaca-cara-menulis-dan-memahami-makna-dari-nilai-tempat-uSE5u',2,16,2,18,1,'2.2','Mengetahui susunan bilangan 3 angka, cara membaca, cara menulis dan memahami makna dari nilai tempat','Memahami besarnya dan nilai tempat bilangan 3 angka.',1,'2023-07-01 09:56:25','2023-07-04 08:13:53','2023-07-04 08:13:53'),(66,'memahami-cara-membaca-dan-cara-menulis-ketika-puluhan-atau-satuan-atau-keduanya-adalah-0-mogma',2,16,2,18,1,'2.3','Memahami cara membaca dan cara menulis ketika puluhan atau satuan atau keduanya adalah 0.','Memahami cara membaca dan cara menulis ketika puluhan atau satuan atau keduanya adalah 0.',1,'2023-07-01 09:57:18','2023-07-04 08:13:38','2023-07-04 08:13:38'),(67,'menunjukkan-dan-menceritakan-perilaku-yang-sesuai-dengan-nilai-nilai-pancasila-sebagaisuatu-kesatuan-dalam-bentuk-keimanan-ketakwaan-kepada-tuhan-yang-maha-esa-NQrQ6',2,14,5,15,1,'5.1','Menunjukkan dan menceritakan perilaku yang sesuai dengan nilai nilai Pancasila sebagaisuatu kesatuan dalam bentuk keimanan ketakwaan kepada Tuhan Yang Maha Esa','Menunjukkan dan menceritakan perilaku yang sesuai dengan nilai nilai Pancasila sebagaisuatu kesatuan dalam bentuk keimanan ketakwaan kepada Tuhan Yang Maha Esa',1,'2023-07-01 09:59:20','2023-07-11 08:10:43',NULL),(68,'membiasakan-perilaku-yang-sesuai-dengan-nilai-nilai-pancasila-sebagai-idiologi-nilai-dan-pandangan-hidup-swNz9',2,14,5,15,1,'5.2','Membiasakan perilaku yang sesuai dengan nilai nilai Pancasila sebagai idiologi ,nilai dan pandangan hidup.','Membiasakan perilaku yang sesuai dengan nilai nilai Pancasila sebagai idiologi ,nilai dan pandangan hidup',1,'2023-07-01 10:04:06','2023-07-11 08:11:01',NULL),(69,'memahami-komposisi-dan-susunan-bilangan-3-angka-cRcpX',2,16,2,18,1,'2.4','Memahami komposisi dan susunan bilangan 3 angka','Memahami komposisi dan susunan bilangan 3 angka',1,'2023-07-01 10:06:32','2023-07-04 08:13:30','2023-07-04 08:13:30'),(70,'memahami-nilai-dan-komposisi-bilngan-1000-ribu-ldVCl',2,16,2,18,1,'2.5','Memahami nilai dan komposisi bilngan 1.000 (ribu)','Memahami nilai dan komposisi bilngan 1.000 (ribu)',1,'2023-07-01 10:07:26','2023-07-04 08:13:18','2023-07-04 08:13:18'),(71,'merancang-cara-membilang-k2L2X',2,16,2,18,1,'2.6','Merancang cara membilang','Merancang cara membilang',1,'2023-07-01 10:08:32','2023-07-04 08:13:09','2023-07-04 08:13:09'),(72,'bersyukur-kepada-tuhan-yang-maha-esa-atas-nilai-dan-semangat-gotong-royong-yang-berkembang-di-indonesia-danmenelaah-kedudukan-manusia-sebagai-makhluk-sosial-yang-membutuhkan-orang-lain-a1urZ',2,14,5,15,1,'5.3','Bersyukur kepada Tuhan yang Maha Esa atas nilai dan semangat gotong royong yang berkembang di Indonesia  danmenelaah kedudukan manusia sebagai makhluk sosial yang membutuhkan orang lain.','Bersyukur kepada Tuhan yang Maha Esa atas nilai dan semangat gotong royong yang berkembang di Indonesia  danmenelaah kedudukan manusia sebagai makhluk sosial yang membutuhkan orang lain.',1,'2023-07-01 10:08:57','2023-07-11 08:13:01',NULL),(73,'memahami-komposisi-penyususn-bilangan-3-angka-OVsYx',2,16,2,18,1,'2.7','Memahami komposisi penyususn bilangan 3 angka','Memahami komposisi penyususn bilangan 3 angka',1,'2023-07-01 10:11:01','2023-07-04 08:13:01','2023-07-04 08:13:01'),(74,'menyajikan-hasil-telaah-terhadap-perbedaan-karakter-yang-ada-di-lingkungan-COQRV',2,14,5,15,1,'5.4','Menyajikan hasil telaah terhadap perbedaan karakter yang ada di lingkungan.','ajikan hasil telaah terhadap perbedaan karakter yang ada di lingkungan.',1,'2023-07-01 10:12:10','2023-07-11 09:05:07','2023-07-11 09:05:07'),(75,'mampu-memahami-nilai-bilangan-3-angka-jEPUa',2,16,2,18,1,'2.8','Mampu memahami nilai bilangan 3 angka','Mampu memahami nilai bilangan 3 angka',1,'2023-07-01 10:13:36','2023-07-04 08:12:00','2023-07-04 08:12:00'),(76,'menelaah-kedudukan-manusia-sebagai-mahkluk-sosial-yang-membutuhkan-orang-lain-UyP68',2,14,5,15,1,'5.4','Menelaah Kedudukan manusia sebagai mahkluk sosial yang membutuhkan orang lain','Menelaah Kedudukan manusia sebagai mahkluk sosial yang membutuhkan orang lain',1,'2023-07-01 10:18:22','2023-07-11 09:16:01',NULL),(77,'mampu-menghitung-penjumlahan-dan-pengurangan-dengan-menggunakan-bentuk-puluhan-qKDla',2,16,2,18,1,'2.9','Mampu menghitung penjumlahan dan pengurangan dengan menggunakan bentuk puluhan','Mampu menghitung penjumlahan dan pengurangan dengan menggunakan bentuk puluhan',1,'2023-07-01 10:19:04','2023-07-04 08:11:53','2023-07-04 08:11:53'),(78,'mampu-menemukan-urutan-dan-nilai-tempat-bilangan-3-angka-dari-lingkungan-sekitar-6aYmB',2,16,2,18,1,'2.10','Mampu menemukan urutan dan nilai tempat bilangan 3 angka dari lingkungan sekitar','Mampu menemukan urutan dan nilai tempat bilangan 3 angka dari lingkungan sekitar',1,'2023-07-01 10:20:54','2023-07-04 08:09:43','2023-07-04 08:09:43'),(79,'menyajikan-hasil-telaah-terhadap-perbedaan-karakter-yang-ada-dilingkungannya-8TXNH',2,14,5,15,1,'5.5','Menyajikan hasil telaah terhadap perbedaan karakter yang ada dilingkungannya','Menyajikan hasil telaah terhadap perbedaan karakter yang ada dilingkungannya',1,'2023-07-01 10:26:27','2023-07-11 09:17:00',NULL),(80,'melafalkan-hurufmembaca-suku-kata-yang-diawali-dengan-huruf-bdan-menulis-nama-sendiri-UwafQ',2,15,1,11,1,'1.1','Melafalkan huruf,membaca suku kata yang diawali dengan huruf \'b\'dan menulis nama sendiri.','Melafalkan huruf,membaca suku kata yang diawali dengan huruf \'b\'dan menulis nama sendiri.',1,'2023-07-01 10:32:08','2023-07-01 10:32:08',NULL),(81,'menganalisis-perilaku-terpuji-yang-harus-ditunjukkan-terhadap-orang-lain-dimanapun-berada-dYwyQ',2,14,5,15,1,'5.6','Menganalisis perilaku terpuji yang harus ditunjukkan terhadap orang lain dimanapun berada','Menganalisis perilaku terpuji yang harus ditunjukkan terhadap orang lain dimanapun berada',1,'2023-07-01 10:32:46','2023-07-11 09:18:40',NULL),(82,'membaca-dan-menulis-suku-kata-yang-diawali-dengan-huruf-h-dan-c-fFzQp',2,15,1,11,1,'1.2','Membaca dan menulis suku kata yang diawali dengan huruf \'h\' dan \'c\'','Membaca dan menulis suku kata yang diawali dengan huruf \'h\' dan \'c\'',1,'2023-07-01 10:34:36','2023-07-04 07:14:55',NULL),(83,'membaca-dan-menulis-suku-kata-ka-ki-ku-ke-ko-SXK6v',2,15,1,11,1,'1.3','Membaca dan menulis suku kata \' ka - \'ki-\'ku - \'ke - \'ko.','Membaca dan menulis suku kata \' ka - \'ki-\'ku - \'ke - \'ko.',1,'2023-07-01 10:36:33','2023-07-04 07:15:28',NULL),(84,'menyebutkan-norma-yang-berlaku-dilingkungannya-sebagai-bentuk-sikap-bermain-dan-bertakwa-kepada-tuhan-yang-maha-esa-i6Z6C',2,14,5,15,1,'5.7','Menyebutkan norma yang berlaku dilingkungannya sebagai bentuk sikap bermain dan bertakwa kepada Tuhan Yang Maha Esa','Menyebutkan norma yang berlaku dilingkungannya sebagai bentuk sikap bermain dan bertakwa kepada Tuhan Yang Maha Esa',1,'2023-07-01 10:36:54','2023-07-11 09:20:17',NULL),(85,'menirukan-gerakan-dalam-cerita-UMOY4',2,15,1,11,1,'1.4','Menirukan gerakan dalam cerita','Menirukan gerakan dalam cerita',1,'2023-07-01 10:37:59','2023-07-04 07:15:53',NULL),(86,'membaca-dan-menulis-suku-kata-la-li-lu-le-dan-lo-V6TiO',2,15,1,11,1,'1.5','Membaca dan menulis suku kata \'la - \'li - \'lu - -\'le dan \'lo','Membaca dan menulis suku kata \'la - \'li - \'lu - -\'le dan \'lo',1,'2023-07-01 10:39:15','2023-07-04 07:16:29',NULL),(87,'memiliki-akhlak-mulia-dengan-didasari-keimanan-dan-ketakwaan-kepada-tuhan-yang-maha-esa-29o2x',2,14,4,13,1,'1.1','memiliki akhlak mulia dengan didasari keimanan dan ketakwaan kepada Tuhan Yang Maha Esa','memiliki akhlak mulia dengan didasari keimanan dan ketakwaan kepada Tuhan Yang Maha Esa',1,'2023-07-01 10:41:08','2023-07-01 10:41:08',NULL),(88,'memahami-makna-dan-nilai-nilai-pancasila-serta-proses-perumusannya-sebagai-dasar-negara-pandangan-hidup-bangsa-dan-ideologi-negara-SvOfs',2,14,4,13,1,'1.2','memahami makna dan nilai-nilai Pancasila, serta proses perumusannya sebagai dasar negara, pandangan hidup bangsa dan ideologi negara','memahami makna dan nilai-nilai Pancasila, serta proses perumusannya sebagai dasar negara, pandangan hidup bangsa dan ideologi negara',1,'2023-07-01 10:41:43','2023-07-01 10:41:43',NULL),(89,'memberikan-contoh-sikap-dan-perilaku-yang-sesuai-dengan-sila-sila-pancasila-oUk3i',2,14,4,13,1,'1.3','memberikan contoh sikap dan perilaku yang sesuai dengan sila-sila Pancasila','memberikan contoh sikap dan perilaku yang sesuai dengan sila-sila Pancasila',1,'2023-07-01 10:42:08','2023-07-01 10:42:08',NULL),(90,'mengklasifikasikan-norma-dan-aturan-yang-berlaku-di-lingkungan-sekitarnya-BkRoq',2,14,4,13,1,'2.1','mengklasifikasikan norma dan aturan yang berlaku di lingkungan sekitarnya.','mengklasifikasikan norma dan aturan yang berlaku di lingkungan sekitarnya.',1,'2023-07-01 10:43:00','2023-07-01 10:43:00',NULL),(91,'memberikan-contoh-pelaksanaan-norma-di-lingkungan-sekitarnya-VUTTA',2,14,4,13,1,'2.2','memberikan contoh pelaksanaan norma di lingkungan sekitarnya','memberikan contoh pelaksanaan norma di lingkungan sekitarnya',1,'2023-07-01 10:43:30','2023-07-01 10:43:30',NULL),(92,'menuliskan-kalimat-matematika-dari-penjumlahan-dua-bilangan-yang-terdiri-dari-dua-angka-Mmd7D',2,16,2,18,1,'2.11','Menuliskan kalimat matematika dari penjumlahan dua bilangan yang terdiri dari dua angka','Menuliskan kalimat matematika dari penjumlahan dua bilangan yang terdiri dari dua angka',1,'2023-07-01 10:43:52','2023-07-04 08:09:51','2023-07-04 08:09:51'),(93,'mengidentifikasi-hak-dan-kewajibannya-sebagai-peserta-didik-fJleY',2,14,4,13,1,'2.3','mengidentifikasi hak dan kewajibannya sebagai peserta didik','mengidentifikasi hak dan kewajibannya sebagai peserta didik',1,'2023-07-01 10:45:58','2023-07-01 10:45:58',NULL),(94,'menuliskan-kalimat-matematika-dari-pengurangan-dua-bilangan-yang-terdiri-dari-dua-angka-dari-situasi-tertentu-l4ibz',2,16,2,18,1,'2.12','Menuliskan kalimat matematika dari pengurangan dua bilangan yang terdiri dari dua angka dari situasi tertentu','Menuliskan kalimat matematika dari pengurangan dua bilangan yang terdiri dari dua angka dari situasi tertentu',1,'2023-07-01 10:46:08','2023-07-04 08:10:01','2023-07-04 08:10:01'),(95,'mengidentifikasi-hak-dan-kewajibannya-sebagai-anggota-keluarga-nJeiN',2,14,4,13,1,'2.4','mengidentifikasi hak dan kewajibannya sebagai anggota keluarga','mengidentifikasi hak dan kewajibannya sebagai anggota keluarga',1,'2023-07-01 10:46:37','2023-07-01 10:46:37',NULL),(96,'merumuskan-pendapat-secara-sistematis-dan-logis-eddXT',2,14,4,13,1,'2.5','merumuskan pendapat secara sistematis dan logis','merumuskan pendapat secara sistematis dan logis',1,'2023-07-01 10:47:08','2023-07-01 10:47:08',NULL),(97,'menunjukkan-sikap-dan-perilaku-positif-apabila-pendapatnya-tidak-diterima-oleh-orang-lain-UyF6o',2,14,4,13,1,'2.6','menunjukkan sikap dan perilaku positif apabila pendapatnya tidak diterima oleh orang lain','menunjukkan sikap dan perilaku positif apabila pendapatnya tidak diterima oleh orang lain',1,'2023-07-01 10:48:08','2023-07-01 10:48:08',NULL),(98,'menganalisis-pelaksanaan-musyawarah-di-lingkungannya-XW5SO',2,14,4,13,1,'2.7','menganalisis pelaksanaan musyawarah di lingkungannya','menganalisis pelaksanaan musyawarah di lingkungannya',1,'2023-07-01 10:49:06','2023-07-01 10:49:06',NULL),(99,'mengenal-dan-mendalami-keragaman-budaya-di-lingkungan-sekitar-IQvFG',2,14,4,13,1,'3.1','mengenal dan mendalami keragaman budaya di lingkungan sekitar','mengenal dan mendalami keragaman budaya di lingkungan sekitar',1,'2023-07-01 10:50:47','2023-07-01 10:50:47',NULL),(100,'menghargai-keberagaman-melalui-sikap-mencintai-sesama-dan-lingkungannya-ERQyy',2,14,4,13,1,'3.2','menghargai keberagaman melalui sikap mencintai sesama dan lingkungannya','menghargai keberagaman melalui sikap mencintai sesama dan lingkungannya',1,'2023-07-01 10:51:49','2023-07-01 10:51:49',NULL),(101,'memahami-contoh-sikap-dan-perilaku-yang-menghargai-keberagaman-budaya-KQin8',2,14,4,13,1,'3.3','memahami contoh sikap dan perilaku yang menghargai keberagaman budaya','menyampaikan contoh sikap dan perilaku menjaga dan merusak kebhinnekaan',1,'2023-07-01 10:52:30','2023-07-01 10:52:30',NULL),(102,'mengasosiasikan-devinisi-indah-atau-artistik-dari-benda-benda-disekitarnya-bOVwp',2,15,1,11,1,'1.6','Mengasosiasikan devinisi \'indah\' atau \'artistik dari benda-benda disekitarnya.','Mengasosiasikan devinisi \'indah\' atau \'artistik dari benda-benda disekitarnya.',1,'2023-07-01 10:54:46','2023-07-04 07:17:01',NULL),(103,'mengasosiasikan-devinisi-indah-atau-artistik-dari-benda-benda-di-sekitarnya-dRcw3',2,16,1,11,1,'1.1','mengasosiasikan devinisi \'indah\' atau \'artistik\' dari benda-benda di sekitarnya','mengasosiasikan devinisi \'indah\' atau \'artistik\' dari benda-benda di sekitarnya',1,'2023-07-01 10:56:28','2023-07-04 09:41:50','2023-07-04 09:41:50'),(104,'mendokumentasikan-hasil-pengamatannya-5Ec1L',2,16,1,11,1,'1.2','Mendokumentasikan hasil pengamatannya','Mendokumentasikan hasil pengamatannya',1,'2023-07-01 10:57:26','2023-07-04 09:41:41','2023-07-04 09:41:41'),(105,'percaya-diri-dalam-memilih-alat-dalam-proses-dalam-berkreasi-tg25n',2,16,1,11,1,'1.3','Percaya diri dalam memilih alat dalam proses dalam berkreasi','Percaya diri dalam memilih alat dalam proses dalam berkreasi',1,'2023-07-01 11:01:15','2023-07-04 09:41:31','2023-07-04 09:41:31'),(106,'mengidentivikasi-berbagai-jenis-garis-pada-gambar-ataupun-pada-benda-benda-di-sekitar-X1cr1',2,16,1,11,1,'1.4','Mengidentivikasi  berbagai jenis garis pada gambar ataupun pada benda-benda di sekitar.','Mengidentivikasi  berbagai jenis garis pada gambar ataupun pada benda-benda di sekitar.',1,'2023-07-01 11:02:42','2023-07-04 09:41:19','2023-07-04 09:41:19'),(107,'menggambar-sebuah-pohon-dengan-menggunakan-beberapa-macam-jenis-9psak',2,16,1,11,1,'1.5','Menggambar sebuah pohon dengan menggunakan beberapa macam jenis.','Menggambar sebuah pohon dengan menggunakan beberapa macam jenis.',1,'2023-07-01 11:03:36','2023-07-04 09:41:09','2023-07-04 09:41:09'),(108,'membandingkan-dan-mengambil-kesimpulan-tentang-arti-garis-tipis-dan-garis-tebal-yang-ditemukan-dalam-pohon-Ani9f',2,16,1,11,1,'1.6','Membandingkan dan mengambil kesimpulan tentang arti garis tipis dan garis tebal yang ditemukan dalam pohon.','Membandingkan dan mengambil kesimpulan tentang arti garis tipis dan garis tebal yang ditemukan dalam pohon.',1,'2023-07-01 11:05:22','2023-07-04 09:40:53','2023-07-04 09:40:53'),(109,'merasakan-arah-dan-gerakan-yang-direpresentasikan-oleh-garis-L6TPt',2,16,1,11,1,'1.7','Merasakan arah dan gerakan yang direpresentasikan oleh garis.','Membandingkan dan mengambil kesimpulan tentang arti garis tipis dan garis tebal yang ditemukan dalam pohon.',1,'2023-07-01 11:06:59','2023-07-04 09:40:39','2023-07-04 09:40:39'),(110,'mengenal-karakter-unik-yang-dimiliki-menghargai-karakter-unik-teman-lain-serta-menunjukkan-integritas-dan-berakhlak-baik-dalam-lingkungan-belajar-da-sosial-melalui-berbagaii-kegiatan-bersama-kbMUD',2,15,5,15,1,'5.1','Mengenal karakter unik yang dimiliki ,menghargai karakter unik teman lain ,serta menunjukkan integritas dan berakhlak baik dalam lingkungan belajar da sosial melalui berbagaii kegiatan bersama','Mengenal karakter unik yang dimiliki ,menghargai karakter unik teman lain ,serta menunjukkan integritas dan berakhlak baik dalam lingkungan belajar da sosial melalui berbagaii kegiatan bersama',1,'2023-07-01 11:07:09','2023-07-13 07:17:17',NULL),(111,'mengeksplorasi-garis-dalam-hubungannya-dengan-musik-dan-perasaan-4KZ66',2,16,1,11,1,'1.8','Mengeksplorasi garis dalam hubungannya dengan musik dan perasaan','Mengeksplorasi garis dalam hubungannya dengan musik dan perasaan',1,'2023-07-01 11:08:25','2023-07-04 09:40:23','2023-07-04 09:40:23'),(112,'memahami-bahwa-berbagai-jenis-bentuk-dibentuk-oleh-berbagai-macam-garis-nzbHJ',2,16,1,11,1,'1.9','Memahami bahwa berbagai jenis bentuk dibentuk oleh berbagai macam garis','Memahami bahwa berbagai jenis bentuk dibentuk oleh berbagai macam garis',1,'2023-07-01 11:10:47','2023-07-04 09:40:10','2023-07-04 09:40:10'),(113,'mengidentifikasi-nama-nama-bentuk-geometris-segitigaovaltrapesium-dan-bentuk-organik-w27N3',2,16,1,11,1,'1.10','Mengidentifikasi nama-nama bentuk geometris ( segitiga,oval,trapesium ) dan bentuk organik','Mengidentifikasi nama-nama bentuk geometris ( segitiga,oval,trapesium ) dan bentuk organik',1,'2023-07-01 11:12:45','2023-07-04 09:38:12','2023-07-04 09:38:12'),(114,'antusias-dan-mandiri-dalam-mempelajari-berbagai-jenis-buku-baik-fiksi-maupun-non-fiksimemupuk-kegemaran-membaca-mengenal-bagian-bagian-buku-dan-proses-pembuatannya-hingga-belajar-menulis-cerita-sendiri-mQaPs',3,15,5,15,1,'5.2','Antusias dan mandiri dalam mempelajari berbagai jenis buku baik fiksi maupun non fiksi,memupuk kegemaran membaca ,mengenal bagian bagian buku dan proses pembuatannya, hingga belajar menulis cerita sendiri.','Antusias dan mandiri dalam mempelajari berbagai jenis buku baik fiksi maupun non fiksi,memupuk kegemaran membaca ,mengenal bagian bagian buku dan proses pembuatannya, hingga belajar menulis cerita sendiri.',1,'2023-07-01 11:13:53','2023-07-13 07:17:34',NULL),(115,'berkreasi-dan-mampu-memilih-bentuk-yang-diperlukannya-TwQ1t',2,16,1,11,1,'5.1','Berkreasi dan mampu memilih bentuk yang diperlukannya.','Berkreasi dan mampu memilih bentuk yang diperlukannya.',1,'2023-07-01 11:14:16','2023-07-04 09:38:39','2023-07-04 09:38:39'),(116,'mengidentivikasi-nama-nama-bentuk-geometris-dari-bentuk-organik-Xtz6Y',2,16,1,11,1,'5.2','Mengidentivikasi nama-nama bentuk geometris dari bentuk organik.','Mengidentivikasi nama-nama bentuk geometris dari bentuk organik.',1,'2023-07-01 11:15:49','2023-07-04 09:39:00','2023-07-04 09:39:00'),(117,'kreatif-dan-berkomitmen-dalam-mengembangka-bakat-diri-serta-tulus-dalam-menghargai-karya-orang-lain-bwciQ',2,15,5,15,1,'5.3','Kreatif dan berkomitmen dalam mengembangka bakat diri serta tulus dalam menghargai karya orang lain','Kreatif dan berkomitmen dalam mengembangka bakat diri serta tulus dalam menghargai karya orang lain',1,'2023-07-01 11:26:57','2023-07-13 07:17:50',NULL),(118,'berkreasi-dan-mampu-memilih-bentuk-yang-diperlukannya-D6oDM',2,16,1,11,1,'5.1','Berkreasi dan mampu memilih bentuk yang diperlukannya.','Berkreasi dan mampu memilih bentuk yang diperlukannya.',1,'2023-07-01 11:29:41','2023-07-04 09:39:19','2023-07-04 09:39:19'),(119,'mengidentfiikasi-nama-nama-bentuk-geometris-dan-bentuk-organik-OX5WB',2,16,1,11,1,'5.2','Mengidentfiikasi nama-nama bentuk geometris dan bentuk organik','Mengidentfiikasi nama-nama bentuk geometris dan bentuk organik',1,'2023-07-01 11:30:55','2023-07-04 09:39:34','2023-07-04 09:39:34'),(120,'menggunakan-lem-dan-gunting-untuk-membuat-kolase-VdfWi',2,16,1,11,1,'5.3','Menggunakan lem dan gunting untuk membuat kolase','Menggunakan lem dan gunting untuk membuat kolase',1,'2023-07-01 11:31:44','2023-07-04 09:39:49','2023-07-04 09:39:49'),(121,'mengenal-nilai-nilai-kewirausahaan-dengan-meneladani-kisah-tokoh-pada-teks-mencari-informasi-dari-tokoh-melalui-wawancara-dan-menjadi-pribadi-yang-unggul-serta-berprestasi-yang-melaksanakan-nilai-nilai-luhur-tersebut-dalam-kehidupaqn-sehari-hari-erRAL',2,15,5,15,1,'5.4','Mengenal nilai nilai kewirausahaan  dengan meneladani kisah tokoh pada teks ,mencari informasi dari tokoh melalui wawancara ,dan menjadi pribadi yang unggul serta berprestasi yang melaksanakan nilai nilai luhur tersebut dalam kehidupaqn sehari hari.','Mengenal nilai nilai kewirausahaan  dengan meneladani kisah tokoh pada teks ,mencari informasi dari tokoh melalui wawancara ,dan menjadi pribadi yang unggul serta berprestasi yang melaksanakan nilai nilai luhur tersebut dalam kehidupaqn sehari hari.',1,'2023-07-01 11:32:21','2023-07-13 07:18:06',NULL),(122,'membacamenghafal-dan-menulis-surat-al-hujurat-ayat-13-08soA',2,2,4,14,1,'1.1','Membaca,menghafal dan menulis surat al-Hujurat ayat 13','Membaca,menghafal dan menulis surat al-Hujurat ayat 13',1,'2023-07-01 13:08:33','2023-07-08 09:22:31',NULL),(123,'menghafal-surat-al-hujurat-ayat-13-dengan-lancar-OmjQ5',2,2,4,14,1,'1.2','Menghafal surat al Hujurat ayat 13 dengan lancar','Menghafal surat al Hujurat ayat 13 dengan lancar',1,'2023-07-01 13:11:46','2023-07-08 09:22:57','2023-07-08 09:22:57'),(124,'menjelaskan-dan-membuat-paparan-isi-pokok-surat-al-hujurat-ayat-13-dengan-TOqvC',2,2,4,14,1,'1.2','Menjelaskan dan membuat paparan isi pokok surat  al Hujurat ayat 13 dengan','Menjelaskan dan membuat paparan isi pokok surat  al Hujurat ayat 13 dengan',1,'2023-07-01 13:15:29','2023-07-08 09:23:31',NULL),(125,'membacamenulis-dan-menghafal-hadis-tentang-keragaman-dengan-baik-QK1Z2',2,2,4,14,1,'1.3','Membaca,menulis dan menghafal hadis tentang keragaman dengan baik','Membaca,menulis dan menghafal hadis tentang keragaman dengan baik',1,'2023-07-01 13:21:06','2023-07-08 09:23:54',NULL),(126,'berani-mempresentasikan-paparan-tentang-paparan-tentang-pesan-pokok-surat-al-hujurat-ayat-13-dan-hadis-tentang-keragaman-WeWRk',2,2,4,14,1,'1.4','Berani mempresentasikan paparan tentang paparan tentang pesan pokok surat al hujurat ayat 13 dan hadis tentang keragaman.','Berani mempresentasikan paparan tentang paparan tentang pesan pokok surat al hujurat ayat 13 dan hadis tentang keragaman.',1,'2023-07-01 13:26:58','2023-07-08 09:24:15',NULL),(127,'membiasakan-membaca-al-quran-dengan-tartil-dan-sikap-menghargai-keragaman-dan-perbedaan-sebagai-sunatullah-QJBTv',2,2,4,14,1,'1.5','Membiasakan membaca al qur\'an dengan tartil dan sikap menghargai keragaman dan perbedaan sebagai sunatullah.','Membiasakan membaca al qur\'an dengan tartil dan sikap menghargai keragaman dan perbedaan sebagai sunatullah.',1,'2023-07-01 13:38:53','2023-07-08 09:24:46',NULL),(128,'sistem-bilangan-desimal-danbilangan-bulat-ujZPN',2,16,5,15,1,'5.1','Sistem bilangan desimal danbilangan bulat','Sistem bilangan desimal danbilangan bulat',1,'2023-07-03 07:50:54','2023-07-03 07:50:54',NULL),(129,'nnilai-rata-rata-MmLa0',2,16,5,15,1,'5.2','nNilai rata rata','nNilai rata rata',1,'2023-07-03 07:53:22','2023-07-03 07:53:22',NULL),(130,'pengukuran-perkuantitas-unita-urVuM',2,16,5,15,1,'5.3','Pengukuran perkuantitas unita','nNilai rata rata',1,'2023-07-03 07:56:53','2023-07-03 07:56:53',NULL),(131,'menghitung-bilangan-bulatx-bilangan-desimal-5mwVo',2,16,5,15,1,'5.4','Menghitung (Bilangan Bulat)x (Bilangan Desimal))','Menghitung (Bilangan Bulat)x (Bilangan Desimal))',1,'2023-07-03 08:04:03','2023-07-03 08:04:03',NULL),(132,'menghitung-bilangan-desimalx-bilangan-desimal-qazgK',2,16,5,15,1,'5.5','Menghitung (Bilangan Desimal)x (Bilangan Desimal )','Menghitung (Bilangan Desimal)x (Bilangan Desimal )',1,'2023-07-03 08:08:11','2023-07-03 08:08:11',NULL),(133,'aturan-perhitungana-gkIuH',2,16,5,15,1,'5.6','Aturan Perhitungana','Menghitung (Bilangan Desimal)x (Bilangan Desimal )',1,'2023-07-03 08:10:45','2023-07-03 08:10:45',NULL),(134,'11-menjelaskan-dan-mempraktikkan-gerak-berjalanberlaridanmelompat-tAb4v',2,18,1,16,1,'1.1','1.1 Menjelaskan dan mempraktikkan gerak berjalan,berlari,danmelompat','1.1 Menjelaskan dan mempraktikkan gerak berjalan,berlari,danmelompat',1,'2023-07-03 08:11:23','2023-07-03 08:11:23',NULL),(135,'gambar-datar-yang-kongruen-x9S5K',2,16,5,15,1,'5.7','Gambar Datar yang Kongruen','Gambar Datar yang Kongruen',1,'2023-07-03 08:14:09','2023-07-03 08:14:09',NULL),(136,'sudut-sudut-dari-segitiga-dan-segi-empat-5Y8HN',2,16,5,15,1,'5.8','Sudut  sudut Dari Segitiga dan Segi Empat.','Sudut  sudut Dari Segitiga dan Segi Empat.',1,'2023-07-03 08:17:38','2023-07-03 08:17:38',NULL),(137,'menghitung-bilangan-bulat-bilangan-desimal-E6NBX',2,16,5,15,1,'5.9','Menghitung ( Bilangan Bulat ) : (Bilangan Desimal )','Menghitung ( Bilangan Bulat ) : (Bilangan Desimal )',1,'2023-07-03 08:21:24','2023-07-03 08:21:24',NULL),(138,'menjelaskan-dan-mempraktekkan-gerak-menekukmeliukdan-mengayun-cmcLX',2,18,1,16,1,'1.2','menjelaskan dan mempraktekkan gerak menekuk,meliuk,dan mengayun','menjelaskan dan mempraktekkan gerak menekuk,meliuk,dan mengayun',1,'2023-07-03 08:22:46','2023-07-03 08:22:46',NULL),(139,'menghitung-bilangan-desimal-bilangan-desimalac-CD1Ap',2,16,5,15,1,'5.10','Menghitung ( Bilangan Desimal ) : ( Bilangan Desimal)ac','Menghitung ( Bilangan Bulat ) : (Bilangan Desimal )',1,'2023-07-03 08:25:21','2023-07-03 08:25:21',NULL),(140,'menjelaskan-dan-mempraktekkan-gerak-melompatmenangkapdan-memukul-oJADL',2,18,1,16,1,'1.3','menjelaskan dan mempraktekkan gerak melompat,menangkap,dan memukul','menjelaskan dan mempraktekkan gerak melompat,menangkap,dan memukul',1,'2023-07-03 08:26:59','2023-07-03 08:26:59',NULL),(141,'jenis-perhitungan-membuat-diagram-untuk-membantu-berpikirac-Y9Ih6',2,16,5,15,1,'5.11','Jenis Perhitungan Membuat Diagram untuk Membantu Berpikir.ac','Menghitung ( Bilangan Bulat ) : (Bilangan Desimal )',1,'2023-07-03 08:27:51','2023-07-03 08:27:51',NULL),(142,'volum-kubus-dan-balok-mM2cF',2,16,5,15,1,'5.12','Volum Kubus dan Balok','Volum Kubus dan Balok',1,'2023-07-03 08:31:42','2023-07-03 08:31:42',NULL),(143,'menjelaskan-dan-mempraktekkan-gerak-bertumpu-GT3IJ',2,18,1,16,1,'1.4','menjelaskan dan mempraktekkan gerak bertumpu','menjelaskan dan mempraktekkan gerak bertumpu',1,'2023-07-03 08:32:30','2023-07-03 08:39:56',NULL),(144,'rumus-volume-slyXe',2,16,5,15,1,'5.13','Rumus Volume.','Rumus Volume.',1,'2023-07-03 08:34:03','2023-07-03 08:34:03',NULL),(145,'menjelaskan-dan-mempraktekkan-gerak-bergantung-iAqaJ',2,18,1,16,1,'1.5','menjelaskan dan mempraktekkan gerak bergantung','menjelaskan dan mempraktekkan gerak bergantung',1,'2023-07-03 08:35:00','2023-07-03 08:35:00',NULL),(146,'menjelaskandan-mempraktekkan-gerak-keseimbangan-gAg0b',2,18,1,16,1,'1.6','menjelaskandan mempraktekkan gerak keseimbangan','enjelaskandan mempraktekkan gerak keseimbangan',1,'2023-07-03 08:37:26','2023-07-03 08:37:26',NULL),(147,'volum-besar-xyxCg',2,16,5,15,1,'5.14','Volum Besar','Volum Besar',1,'2023-07-03 08:37:30','2023-07-03 08:37:30',NULL),(148,'kelipatan-dan-kelipatan-persekutuan-mGudS',2,16,5,15,1,'5.15','Kelipatan dan Kelipatan Persekutuan.','Kelipatan dan Kelipatan Persekutuan.',1,'2023-07-03 08:40:55','2023-07-03 08:40:55',NULL),(149,'faktor-dan-faktor-persekutuan-Ab7yM',2,16,5,15,1,'5.16','Faktor dan Faktor Persekutuan','Faktor dan Faktor Persekutuan',1,'2023-07-03 08:42:47','2023-07-03 08:42:47',NULL),(150,'bilangan-genap-dan-bilangan-ganjil-jKTmw',2,16,5,15,1,'5.17','Bilangan Genap dan Bilangan Ganjil','Bilangan Genap dan Bilangan Ganjil',1,'2023-07-03 08:44:19','2023-07-03 08:44:19',NULL),(151,'menjelaskandan-mempraktekkan-gerak-berpindah-dengan-benar-ysF8P',2,18,1,16,1,'1.7','Menjelaskandan mempraktekkan gerak   berpindah dengan benar','Menjelaskandan mempraktekkan gerak   berpindah dengan benar',1,'2023-07-03 08:46:09','2023-07-03 08:46:09',NULL),(152,'pecahan-yang-senilai-1JFOg',2,16,5,15,1,'5.18','Pecahan Yang Senilai','Bilangan Genap dan Bilangan Ganjil',1,'2023-07-03 08:46:20','2023-07-03 08:46:20',NULL),(153,'membandingkan-pecahan-JJGV2',2,16,5,15,1,'5.19','Membandingkan Pecahan','Membandingkan Pecahan',1,'2023-07-03 08:48:25','2023-07-03 08:48:25',NULL),(154,'menjelaskan-dan-mempraktikkan-langkah-maju-dan-mundur-sesuai-irama-08H4c',2,18,1,16,1,'1.8','Menjelaskan dan mempraktikkan langkah maju dan mundur sesuai irama','Menjelaskan dan mempraktikkan langkah maju dan mundur sesuai irama',1,'2023-07-03 08:50:32','2023-07-03 08:50:32',NULL),(155,'pecahan-bilangan-desimaldan-bilangan-bulat-ofucd',2,16,5,15,1,'5.20','Pecahan ,Bilangan Desimal,dan Bilangan Bulat','Pecahan ,Bilangan Desimal,dan Bilangan Bulat',1,'2023-07-03 08:50:58','2023-07-03 08:50:58',NULL),(156,'menjelaskan-dan-mempraktikkan-lankah-ke-samping-kanan-dan-kiri-sesuai-irama-ywmFz',2,18,1,16,1,'1.9','Menjelaskan dan mempraktikkan lankah ke samping kanan dan kiri sesuai irama','Menjelaskan dan mempraktikkan lankah ke samping kanan dan kiri sesuai irama',1,'2023-07-03 08:56:21','2023-07-03 08:56:21',NULL),(157,'menjelaskan-dan-mempraktekkan-meliukkan-badan-sesuai-irama-DiywH',2,18,1,16,1,'1.10','Menjelaskan dan mempraktekkan meliukkan badan sesuai irama','Menjelaskan dan mempraktekkan meliukkan badan sesuai irama',1,'2023-07-03 09:00:15','2023-07-03 09:00:15',NULL),(158,'menjelaskandanmempraktikkan-berdiriberjalandanjongkok-di-air-WkK4P',2,18,1,16,1,'1.11','Menjelaskandanmempraktikkan berdiri,berjalan,danjongkok di air','Menjelaskandan mempraktikkan berdiri,berjalan,dan jongkok di air',1,'2023-07-03 09:06:56','2023-07-03 09:06:56',NULL),(159,'menjelaskan-dan-mempraktikkan-mengambil-napas-di-permukaan-air-memasukkan-kepala-di-air-dan-membuang-napas-di-dalam-air-yjxLE',2,18,1,16,1,'1.12','Menjelaskan dan mempraktikkan mengambil napas di permukaan air memasukkan kepala di air dan membuang napas di dalam air','Menjelaskan dan mempraktikkan mengambil napas di permukaan air memasukkan kepala di air dan membuang napas di dalam air',1,'2023-07-03 09:10:32','2023-07-03 09:10:32',NULL),(160,'menjelaskan-dan-mempraktikkan-meluncur-di-permukaan-air-HnZTT',2,18,1,16,1,'1.13','Menjelaskan dan mempraktikkan meluncur di permukaan air','Menjelaskan dan mempraktikkan meluncur di permukaan air',1,'2023-07-03 09:12:55','2023-07-03 09:12:55',NULL),(161,'menjelaskan-dan-mempraktikkan-pemanasan-sebelum-renangmemasuki-kolamdan-mengapung-di-air-vYlB4',2,18,1,16,1,'1.14','Menjelaskan dan mempraktikkan pemanasan sebelum renang,memasuki kolam,dan mengapung di air','Menjelaskan dan mempraktikkan pemanasan sebelum renang,memasuki kolam,dan mengapung di air',1,'2023-07-03 09:15:16','2023-07-03 09:15:16',NULL),(162,'menjelaskan-dan-mempraktikkan-sikap-tubuh-berbaring-rQCuy',2,18,1,16,1,'1.15','Menjelaskan dan mempraktikkan sikap tubuh berbaring','Menjelaskan dan mempraktikkan sikap tubuh berbaring',1,'2023-07-03 09:17:17','2023-07-03 09:17:17',NULL),(163,'menjelaskan-dan-mempraktikkan-sikap-tubuh-duduk-dan-berdiri-SPxtu',2,18,1,16,1,'1.16','Menjelaskan dan mempraktikkan sikap tubuh duduk dan berdiri','Menjelaskan dan mempraktikkan sikap tubuh duduk dan berdiri',1,'2023-07-03 09:18:43','2023-07-03 09:18:43',NULL),(164,'menjelaskandan-mempraktikkan-sikap-tubuh-berjalanberlari-dan-bergerak-ditempat-YOSXP',2,18,1,16,1,'1.17','Menjelaskandan mempraktikkan sikap tubuh berjalan,berlari, dan bergerak ditempat','elaskandan mempraktikkan sikap tubuh berjalan,berlari, dan bergerak ditempat',1,'2023-07-03 09:20:23','2023-07-03 09:20:23',NULL),(165,'menyebutkan-bagian-bagian-tubuhdan-bagian-tubuh-yang-boleh-disentuh-orang-lain-KjMp9',2,18,1,16,1,'1.18','Menyebutkan bagian-bagian tubuh,dan bagian tubuh yang boleh disentuh orang lain','Menyebutkan bagian-bagian tubuh,dan bagian tubuh yang boleh disentuh orang lain',1,'2023-07-03 09:30:03','2023-07-03 09:30:03',NULL),(166,'menyebutkanbagian-tubuh-yang-tidak-boleh-disentuh-orang-lain-3RMuU',2,18,1,16,1,'1.19','Menyebutkanbagian tubuh yang tidak boleh disentuh orang lain','Menyebutkanbagian tubuh yang tidak boleh disentuh orang lain',1,'2023-07-03 09:31:43','2023-07-03 09:31:43',NULL),(167,'menjelaskan-dan-mempraktikkan-cara-menjaga-kebersihan-tubuh-dan-pakaian-zWDAt',2,18,1,16,1,'1.20','Menjelaskan dan mempraktikkan cara menjaga kebersihan tubuh dan pakaian','Menjelaskan dan mempraktikkan cara menjaga kebersihan tubuh dan pakaian',1,'2023-07-03 09:34:02','2023-07-03 09:34:02',NULL),(168,'menjelaskan-dan-menirukan-variasi-gerak-lokomotor-dengan-cara-berjalandan-berlari-OwYlP',2,18,2,16,1,'2.1','Menjelaskan dan menirukan variasi gerak lokomotor dengan cara berjalan,dan berlari','Menjelaskan dan menirukan variasi gerak lokomotor dengan cara berjalan,dan berlari',1,'2023-07-03 09:59:27','2023-07-03 09:59:27',NULL),(169,'menjelaskandan-menirukan-geraklokomotor-dengan-cara-bergeser-dan-melompat-yang-benar-GQvih',2,18,2,16,1,'2.2','Menjelaskandan menirukan geraklokomotor dengan cara bergeser ,dan melompat yang benar','Menjelaskandan menirukan geraklokomotor dengan cara bergeser ,dan melompat yang benar',1,'2023-07-03 10:01:26','2023-07-03 10:01:26',NULL),(170,'menjelaskan-dan-menirukan-variasi-gerak-dasar-nonlokomotor-dengan-cara-menekukdan-meliuk-Y0srh',2,18,2,16,1,'2.3','Menjelaskan dan menirukan variasi gerak dasar nonlokomotor dengan cara menekuk,dan meliuk,','Menjelaskan dan menirukan variasi gerak dasar nonlokomotor dengan cara menekuk,dan meliuk,',1,'2023-07-03 10:04:45','2023-07-03 10:04:45',NULL),(171,'menjelaskan-dan-menirukan-variasi-gerak-dasar-nonlokomotor-dengan-cara-memutardan-mengayun-GqqTv',2,18,2,16,1,'2.4','Menjelaskan dan menirukan variasi gerak dasar nonlokomotor dengan cara memutar,dan mengayun','Menjelaskan dan menirukan variasi gerak dasar nonlokomotor dengan cara memutar,dan mengayun',1,'2023-07-03 10:06:55','2023-07-03 10:06:55',NULL),(172,'menjelaskandan-menirukan-variasi-gerak-dasar-menangkap-dan-melempar-dengan-benar-vB2vH',2,18,2,16,1,'2.5','Menjelaskandan menirukan variasi gerak dasar menangkap dan melempar dengan benar','Menjelaskandan menirukan variasi gerak dasar menangkap dan melempar dengan benar',1,'2023-07-03 10:09:56','2023-07-03 10:09:56',NULL),(173,'menjelaskan-dan-menirukan-variasi-gerak-dasar-memukul-dengan-benar-lHHgm',2,18,2,16,1,'2.6','Menjelaskan dan menirukan variasi gerak dasar memukul dengan benar','Menjelaskan dan menirukan variasi gerak dasar memukul dengan benar',1,'2023-07-03 10:11:39','2023-07-03 10:11:39',NULL),(174,'menjelaskan-dan-menirukan-variasi-gerak-dasar-menendang-dengan-benar-nmiTb',2,18,2,16,1,'2.7','Menjelaskan dan menirukan variasi gerak dasar menendang dengan benar','Menjelaskan dan menirukan variasi gerak dasar menendang dengan benar',1,'2023-07-03 10:13:28','2023-07-03 10:13:28',NULL),(175,'menjelaskan-danmenirukan-variasi-gerak-bertumpu-dengan-benar-U8Psu',2,18,2,16,1,'2.8','Menjelaskan danmenirukan variasi gerak bertumpu  dengan benar','Menjelaskan danmenirukan variasi gerak bertumpu  dengan benar',1,'2023-07-03 10:16:08','2023-07-03 10:16:08',NULL),(176,'menjelaskan-dan-menirukan-variasi-gerak-keseimbangan-dengan-benar-xsBbu',2,18,2,16,1,'2.9','Menjelaskan dan menirukan variasi gerak keseimbangan dengan benar','Menjelaskan dan menirukan variasi gerak keseimbangan dengan benar',1,'2023-07-03 10:17:43','2023-07-03 10:17:43',NULL),(177,'menjelaskan-dan-menirukan-variasi-gerak-berpindah-tempat-lokomotor-dengan-benar-z0q1U',2,18,2,16,1,'2.10','Menjelaskan dan menirukan variasi gerak berpindah tempat (lokomotor) dengan benar.','Menjelaskan dan menirukan variasi gerak berpindah tempat (lokomotor) dengan benar.',1,'2023-07-03 10:20:04','2023-07-03 10:20:04',NULL),(178,'menjelaskan-dan-menirukan-variasi-gerak-langkah-kaki-dengan-benar-9Xaoy',2,18,2,16,1,'2.11','Menjelaskan dan menirukan variasi gerak langkah kaki dengan benar','Menjelaskan dan menirukan variasi gerak langkah kaki dengan benar',1,'2023-07-03 10:23:22','2023-07-03 10:23:22',NULL),(179,'menjelaskan-dan-menirukan-variasi-gerak-bergoyang-mengikuti-irama-dengan-benar-tJmcm',2,18,2,16,1,'2.12','Menjelaskan dan menirukan variasi gerak bergoyang mengikuti irama dengan benar','Menjelaskan dan menirukan variasi gerak bergoyang mengikuti irama dengan benar',1,'2023-07-03 10:30:53','2023-07-03 10:30:53',NULL),(180,'menjelaskan-dan-menirukan-variasi-gerak-meliuk-mengikuti-irama-dengan-benar-msviT',2,18,2,16,1,'2.13','Menjelaskan dan menirukan variasi gerak meliuk mengikuti irama dengan benar','Menjelaskan dan menirukan variasi gerak meliuk mengikuti irama dengan benar',1,'2023-07-03 10:33:23','2023-07-03 10:33:23',NULL),(181,'menjelaskan-danmenirukan-variasi-gerak-mengayun-mengikuti-irama-dengan-benar-1rY6r',2,18,2,16,1,'2.14','Menjelaskan danmenirukan variasi gerak mengayun mengikuti irama dengan benar','Menjelaskan danmenirukan variasi gerak mengayun mengikuti irama dengan benar',1,'2023-07-03 10:34:52','2023-07-03 10:34:52',NULL),(182,'menjelaskan-dan-menirukan-variasi-berdiriberjalandudukdan-jongkok-di-air-melalui-permainan-P4ZDD',2,18,2,16,1,'2.15','Menjelaskan dan menirukan variasi berdiri,berjalan,duduk,dan jongkok di air melalui permainan','Menjelaskan dan menirukan variasi berdiri,berjalan,duduk,dan jongkok di air melalui permainan',1,'2023-07-03 10:40:24','2023-07-03 10:40:24',NULL),(183,'menjelaskan-dan-menirukan-mengambil-dan-membuang-napas-di-dalamair-dengan-benar-aXUDk',2,18,2,16,1,'2.16','Menjelaskan dan menirukan mengambil dan membuang napas di dalamair dengan benar','Menjelaskan dan menirukan mengambil dan membuang napas di dalamair dengan benar',1,'2023-07-03 10:42:29','2023-07-03 10:42:29',NULL),(184,'menjelaskan-dan-menirukan-gerak-meluncur-di-permukaan-air-dengan-benar-Wcr9g',2,18,2,16,1,'2.17','Menjelaskan dan menirukan gerak meluncur di permukaan air dengan benar','Menjelaskan dan menirukan gerak meluncur di permukaan air dengan benar',1,'2023-07-03 10:45:35','2023-07-03 10:45:35',NULL),(185,'menjelaskandanmempraktikkan-aktivitas-jasmami-untuk-menjaga-kesehatan-QB9mN',2,18,2,16,1,'2.18','Menjelaskandanmempraktikkan aktivitas jasmami untuk menjaga kesehatan','Menjelaskandanmempraktikkan aktivitas jasmami untuk menjaga kesehatan',1,'2023-07-03 10:49:52','2023-07-03 10:49:52',NULL),(186,'menjelaskan-dan-mempraktikkan-aktivitas-jasmani-untuk-menjaga-kebugaran-C8fmL',2,18,2,16,1,'2.19','Menjelaskan dan mempraktikkan aktivitas jasmani untuk menjaga kebugaran','Menjelaskan dan mempraktikkan aktivitas jasmani untuk menjaga kebugaran',1,'2023-07-03 10:51:21','2023-07-03 10:51:21',NULL),(187,'menjelaskan-dan-mempraktikkan-menjaga-kebersihan-kamar-tidurdan-lingkungan-rumah-rmDog',2,18,2,16,1,'2.20','Menjelaskan dan mempraktikkan menjaga kebersihan kamar tidur,dan lingkungan rumah','Menjelaskan dan mempraktikkan menjaga kebersihan kamar tidur,dan lingkungan rumah',1,'2023-07-03 10:55:14','2023-07-03 10:55:14',NULL),(188,'menjelaskan-dan-mempraktikkan-menjaga-kebersihan-lingkungankelas-dan-lengkungan-sekolah-F7VyV',2,18,2,16,1,'2.21','Menjelaskan dan mempraktikkan menjaga kebersihan lingkungankelas ,dan lengkungan sekolah','Menjelaskan dan mempraktikkan menjaga kebersihan lingkungankelas ,dan lengkungan sekolah',1,'2023-07-03 10:56:55','2023-07-03 10:56:55',NULL),(189,'menemukan-minimal-tiga-unsur-seni-rupa-yang-terdapat-di-lingkungan-sekitar-taLYL',2,26,5,15,1,'5.1','Menemukan minimal tiga unsur seni rupa yang terdapat di lingkungan sekitar.','Menemukan minimal tiga unsur seni rupa yang terdapat di lingkungan sekitar.',1,'2023-07-03 11:00:24','2023-07-04 07:44:07','2023-07-04 07:44:07'),(190,'mendeteksi-unsur-seni-rupa-yang-terdapat-dalam-obyek-yang-membentuk-ritme-tertentu-di-lingkungan-sekitar-Q33Z5',2,26,5,15,1,'5.2','Mendeteksi unsur seni rupa yang terdapat dalam obyek yang membentuk ritme tertentu di lingkungan sekitar.','Mendeteksi unsur seni rupa yang terdapat dalam obyek yang membentuk ritme tertentu di lingkungan sekitar.',1,'2023-07-03 11:04:10','2023-07-04 07:46:21','2023-07-04 07:46:21'),(191,'menyimpulkan-konsep-prinsip-ritme-seni-rupa-di-lingkungan-sekitar-G1GeA',2,26,5,15,1,'5.3','Menyimpulkan konsep prinsip ritme seni rupa  di lingkungan sekitar','Menyimpulkan konsep prinsip ritme seni rupa  di lingkungan sekitar',1,'2023-07-03 11:08:19','2023-07-04 07:46:29','2023-07-04 07:46:29'),(192,'menggambar-prinsip-ritme-yang-terdapat-di-lingkungan-sekitar-BLr5V',2,26,5,15,1,'5.4','Menggambar prinsip ritme yang terdapat di lingkungan sekitar.','Menggambar prinsip ritme yang terdapat di lingkungan sekitar.Menggambar prinsip ritme yang terdapat di lingkungan sekitar.',1,'2023-07-03 11:13:03','2023-07-04 07:46:51','2023-07-04 07:46:51'),(193,'menjelaskan-dan-mempraktikkan-gerak-mengopermenendangmenghentikan-dan-menggiring-dalam-permainan-sepak-bola-WMZHj',2,18,4,16,1,'4.1','Menjelaskan dan mempraktikkan gerak mengoper,menendang,menghentikan dan menggiring dalam permainan sepak bola','Menjelaskan dan mempraktikkan gerak mengoper,menendang,menghentikan dan menggiring dalam permainan sepak bola',1,'2023-07-03 11:14:22','2023-07-03 11:14:22',NULL),(194,'menjelaskan-dan-mempraktikkan-gerak-melemparmenangkap-dan-menggiring-dalam-permainan-bola-tangan-gyTuo',2,18,4,16,1,'4.2','Menjelaskan dan mempraktikkan gerak melempar,menangkap dan menggiring dalam permainan bola tangan','Menjelaskan dan mempraktikkan gerak melempar,menangkap dan menggiring dalam permainan bola tangan',1,'2023-07-03 11:17:58','2023-07-03 11:17:58',NULL),(195,'menjelaskan-dan-mempraktikkan-gerak-dasar-pasing-dalam-permainan-bola-voli-mini-aNnJ9',2,18,4,16,1,'4.3','menjelaskan dan mempraktikkan gerak dasar pasing dalam permainan bola voli mini','menjelaskan dan mempraktikkan gerak dasar pasing dalam permainan bola voli mini',1,'2023-07-03 11:21:04','2023-07-03 11:21:04',NULL),(196,'menemukan-prinsip-ritme-dalam-karya-seni-rupa-yang-terdapat-di-lingkungan-sekitar-pkMS1',2,26,5,15,1,'5.5','Menemukan prinsip  ritme dalam karya seni rupa yang terdapat di lingkungan sekitar.','Menemukan prinsip  ritme dalam karya seni rupa yang terdapat di lingkungan sekitar.',1,'2023-07-03 11:22:22','2023-07-04 07:46:12','2023-07-04 07:46:12'),(197,'menjelaskan-dan-mempraktikkan-gerak-srvis-dalam-permainan-bola-voli-mini-pclY9',2,18,4,16,1,'4.4','Menjelaskan dan mempraktikkan gerak srvis dalam permainan bola voli mini','Menjelaskan dan mempraktikkan gerak srvis dalam permainan bola voli mini',1,'2023-07-03 11:22:39','2023-07-03 11:22:39',NULL),(198,'menganalisis-prinsipritme-40eqx',2,26,5,15,1,'5.6','Menganalisis prinsipritme.','Menganalisis prinsipritme.',1,'2023-07-03 11:24:25','2023-07-04 07:46:04','2023-07-04 07:46:04'),(199,'menjelaskan-danmempraktikkan-cara-memegang-raket-dan-sikap-berdiri-stance-dalam-permainan-bulu-tangkis-JKYA2',2,18,4,16,1,'4.5','Menjelaskan danmempraktikkan cara memegang raket dan sikap berdiri (stance) dalam permainan bulu tangkis','Menjelaskan danmempraktikkan cara memegang raket dan sikap berdiri (stance) dalam permainan bulu tangkis',1,'2023-07-03 11:26:03','2023-07-03 11:26:03',NULL),(200,'menyimpulkan-unsur-seni-rupa-yang-membentuk-ritme-u3rUg',2,26,5,15,1,'5.7','Menyimpulkan unsur seni rupa yang membentuk ritme.','Menyimpulkan unsur seni rupa yang membentuk ritme.',1,'2023-07-03 11:26:28','2023-07-04 07:45:54','2023-07-04 07:45:54'),(201,'menjelaskan-dan-mempraktikkan-gerak-dasar-pukulan-dalam-permainan-bulu-tangkis-ZMXf5',2,18,4,16,1,'4.6','Menjelaskan dan mempraktikkan gerak dasar pukulan dalam permainan bulu tangkis','Menjelaskan dan mempraktikkan gerak dasar pukulan dalam permainan bulu tangkis',1,'2023-07-03 11:27:48','2023-07-03 11:27:48',NULL),(202,'menggambar-ekspresif-dengan-menunjukkan-prinsip-ritme-DYdj9',2,26,5,15,1,'5.8','Menggambar ekspresif dengan menunjukkan prinsip ritme.','Menggambar ekspresif dengan menunjukkan prinsip ritme.',1,'2023-07-03 11:28:26','2023-07-04 07:45:45','2023-07-04 07:45:45'),(203,'menentkan-produk-dan-cara-pembuatan-karya-seni-ikatan-dan-menyimpul-OSUTr',2,26,5,15,1,'5.10','Menentkan produk dan cara pembuatan karya seni  ikatan dan menyimpul.','Menentkan produk dan cara pembuatan karya seni  ikatan dan menyimpul.',1,'2023-07-03 11:35:27','2023-07-04 07:45:35','2023-07-04 07:45:35'),(204,'memilih-bahanyang-digunakan-untuk-pembuatan-karya-seni-ikat-danmenyimpul-dan-merancangkarya-seni-ikat-dan-menyimpul-sesuai-ide-dan-keatifitasnya-sendiri-jPwLf',2,26,5,15,1,'5.11','Memilih bahanyang digunakan untuk pembuatan karya seni ikat danmenyimpul dan merancangkarya seni ikat dan menyimpul sesuai ide dan keatifitasnya sendiri.','Memilih bahanyang digunakan untuk pembuatan karya seni ikat danmenyimpul dan merancangkarya seni ikat dan menyimpul sesuai ide dan keatifitasnya sendiri.',1,'2023-07-03 11:41:34','2023-07-04 07:45:27','2023-07-04 07:45:27'),(205,'menjelaskan-dan-mempraktikkan-gerak-dasar-melemparmenangkapmemukul-boladan-cara-berlariserta-cara-mengalahkan-lawan-dalam-permainan-kasti-InBPI',2,18,4,16,1,'4.7','Menjelaskan dan mempraktikkan gerak dasar melempar,menangkap,memukul bola,dan cara berlari,serta cara mengalahkan lawan dalam permainan kasti','Menjelaskan dan mempraktikkan gerak dasar melempar,menangkap,memukul bola,dan cara berlari,serta cara mengalahkan lawan dalam permainan kasti',1,'2023-07-03 11:41:36','2023-07-03 11:41:36',NULL),(206,'menjelaskan-dan-mempraktikkan-cara-bermain-rounders-LlJVr',2,18,4,16,1,'4.8','Menjelaskan dan mempraktikkan cara bermain rounders','Menjelaskan dan mempraktikkan cara bermain rounders',1,'2023-07-03 11:43:17','2023-07-03 11:43:17',NULL),(207,'menjelaskan-danmempraktikkan-gerak-dasar-kuda-kuda-dalampencak-silat-fXniO',2,18,4,16,1,'4.9','Menjelaskan danmempraktikkan gerak dasar kuda-kuda dalampencak silat','Menjelaskan danmempraktikkan gerak dasar kuda-kuda dalampencak silat',1,'2023-07-03 11:47:01','2023-07-03 11:47:01',NULL),(208,'menemukan-karya-senin-makrame-danmenguraikan-aneka-bahan-yang-dapat-digunakan-untuk-karya-seni-makrame-uVKa4',2,26,5,15,1,'5.12','Menemukan  karya senin makrame danmenguraikan aneka bahan yang dapat digunakan untuk karya seni makrame.','Menemukan  karya senin makrame danmenguraikan aneka bahan yang dapat digunakan untuk karya seni makrame.',1,'2023-07-03 11:47:11','2023-07-04 07:44:17','2023-07-04 07:44:17'),(209,'menjelaskan-danmempraktikkan-gerak-dasar-serangan-TKHXf',2,18,4,16,1,'4.10','Menjelaskan danmempraktikkan gerak dasar serangan','Menjelaskan danmempraktikkan gerak dasar serangan',1,'2023-07-03 11:48:33','2023-07-03 11:48:33',NULL),(210,'memilih-simpul-untuk-dan-menciptakan-seni-makrame-sesuai-ide-dan-kreatifitas-sendiri-TMPyp',2,26,5,15,1,'5.13','Memilih simpul untuk dan menciptakan seni makrame sesuai ide dan kreatifitas sendiri.','Memilih simpul untuk dan menciptakan seni makrame sesuai ide dan kreatifitas sendiri.',1,'2023-07-03 11:50:56','2023-07-04 07:44:31','2023-07-04 07:44:31'),(211,'menjelaskan-dan-mempraktikkan-gerak-dasar-jalan-cepat-dan-lari-jarak-pendek-Mp810',2,18,4,16,1,'4.11','Menjelaskan dan mempraktikkan gerak dasar jalan cepat dan lari jarak pendek','Menjelaskan dan mempraktikkan gerak dasar jalan cepat dan lari jarak pendek',1,'2023-07-03 11:52:14','2023-07-03 11:52:14',NULL),(212,'menjelaskan-dan-mempraktikkan-gerak-dasar-lompat-jauh-lr5hk',2,18,4,16,1,'4.12','Menjelaskan dan mempraktikkan gerak dasar lompat jauh','Menjelaskan dan mempraktikkan gerak dasar lompat jauh',1,'2023-07-03 11:53:28','2023-07-03 11:53:28',NULL),(213,'menjelaskan-dan-mempraktikkan-gerak-dasar-tolak-peluru-H4mRF',2,18,4,16,1,'4.13','Menjelaskan dan mempraktikkan gerak dasar tolak peluru','Menjelaskan dan mempraktikkan gerak dasar tolak peluru',1,'2023-07-03 11:54:36','2023-07-03 11:54:36',NULL),(214,'menemukan-tiga-nama-seni-anyaman-dan-menguraikan-tiga-jenis-bahan-untuk-membuat-anyaman-xozTV',2,26,5,15,1,'5.15','Menemukan tiga nama seni anyaman dan menguraikan tiga jenis bahan untuk membuat anyaman.','Menemukan tiga nama seni anyaman dan menguraikan tiga jenis bahan untuk membuat anyaman.',1,'2023-07-03 11:54:43','2023-07-04 07:44:39','2023-07-04 07:44:39'),(215,'menjelaskan-dan-mempraktikkan-gerak-dasar-senamlantai-xCG2A',2,18,4,16,1,'4.14','Menjelaskan dan mempraktikkan gerak dasar senamlantai','Menjelaskan dan mempraktikkan gerak dasar senamlantai',1,'2023-07-03 11:57:29','2023-07-03 11:57:29',NULL),(216,'menyusun-langkah-langkah-pembuatan-anyaman-dqn-menciptakannseni-anyaman-sederhanadengan-aneka-media-sesuai-kreatifitas-sendiri-t7FGE',2,26,5,15,1,'5.15','Menyusun langkah langkah pembuatan anyaman dqn menciptakannseni anyaman sederhanadengan aneka media  sesuai kreatifitas sendiri.','Menyusun langkah langkah pembuatan anyaman dqn menciptakannseni anyaman sederhanadengan aneka media  sesuai kreatifitas sendiri.',1,'2023-07-03 11:57:58','2023-07-04 07:44:51','2023-07-04 07:44:51'),(217,'menjelaskan-danmempraktikkan-gerak-rangkaian-sederhana-1-sikap-kapal-terbangberguling-ke-depan-o79S8',2,18,4,16,1,'4.15','Menjelaskan danmempraktikkan gerak rangkaian sederhana 1 (sikap kapal terbang,berguling ke depan)','Menjelaskan danmempraktikkan gerak rangkaian sederhana 1 (sikap kapal terbang,berguling ke depan)',1,'2023-07-03 12:00:11','2023-07-03 12:00:11',NULL),(218,'menjelaskan-danmempraktikkan-gerak-rangkaian-sederhana-sikap-pesawat-terbanglompat-berputarberguling-ke-depan-3TxSx',2,18,4,16,1,'4.16','Menjelaskan danmempraktikkan gerak rangkaian sederhana (sikap pesawat terbang,lompat berputar,berguling ke depan)','Menjelaskan danmempraktikkan gerak rangkaian sederhana (sikap pesawat terbang,lompat berputar,berguling ke depan',1,'2023-07-03 12:04:41','2023-07-03 12:04:41',NULL),(219,'menjelaskan-danmempraktikkan-variasi-gerak-dasar-langkah-kaki-dan-ayunan-lengan-dalam-gerak-berirama-Zj88O',2,18,4,16,1,'4.17','Menjelaskan danmempraktikkan variasi gerak dasar langkah kaki dan ayunan lengan dalam gerak berirama','Menjelaskan danmempraktikkan variasi gerak dasar langkah kaki dan ayunan lengan dalam gerak berirama',1,'2023-07-03 12:07:42','2023-07-03 12:07:42',NULL),(220,'menemukan-nama-kerajina-anyaman-dan-menguraikan-tiga-bahan-kerajinan-souvenir-rn7X5',2,26,5,15,1,'5.17','Menemukan nama kerajina anyaman dan menguraikan tiga bahan kerajinan souvenir.','Menemukan nama kerajina anyaman dan menguraikan tiga bahan kerajinan souvenir.',1,'2023-07-03 12:10:58','2023-07-04 07:45:00','2023-07-04 07:45:00'),(221,'menjelaskan-danmempraktikkan-gerak-kakitangandan-sikap-tubuh-water-trappen-injak-injak-air-u7brW',2,18,4,16,1,'4.18','Menjelaskan danmempraktikkan gerak kaki,tangan,dan sikap tubuh water trappen (injak-injak air)','Menjelaskan danmempraktikkan gerak kaki,tangan,dan sikap tubuh water trappen (injak-injak air)',1,'2023-07-03 12:11:42','2023-07-03 12:11:42',NULL),(222,'menjelas-dan-mempraktikkan-gerak-tubuhtungkailenganpengambilan-napasdan-koordinasi-gerak-pada-renang-gaya-dada-dengan-benar-UOcf7',2,18,4,16,1,'4.19','Menjelas dan mempraktikkan gerak tubuh,tungkai,lengan,pengambilan napas,dan koordinasi gerak pada renang gaya dada dengan benar.','Menjelas dan mempraktikkan gerak tubuh,tungkai,lengan,pengambilan napas,dan koordinasi gerak pada renang gaya dada dengan benar.',1,'2023-07-03 12:14:42','2023-07-03 12:14:42',NULL),(223,'menjelaskan-dan-mrmpraktikkan-latihan-kekuatan-otot-lenganotot-perutdan-punggung-MHSDJ',2,18,4,16,1,'4.20','Menjelaskan dan mrmpraktikkan latihan kekuatan otot lengan,otot perut,dan punggung','Menjelaskan dan mrmpraktikkan latihan kekuatan otot lengan,otot perut,dan punggung',1,'2023-07-03 12:18:42','2023-07-03 12:18:42',NULL),(224,'menjelaskan-danmempraktikkan-latihan-daya-tahan-tubuh-JtKRa',2,18,4,16,1,'4.21','Menjelaskan danmempraktikkan latihan daya tahan tubuh','Menjelaskan danmempraktikkan latihan daya tahan tubuh',1,'2023-07-03 12:19:59','2023-07-03 12:19:59',NULL),(225,'memjelaskan-dan-mempraktikkan-cara-memlihara-kebersihan-dan-menjaga-kesehatan-alat-reproduksi-P5Qgg',2,18,4,16,1,'4.22','Memjelaskan dan mempraktikkan cara memlihara kebersihan dan menjaga kesehatan alat reproduksi','Memjelaskan dan mempraktikkan cara memlihara kebersihan dan menjaga kesehatan alat reproduksi',1,'2023-07-03 12:22:45','2023-07-03 12:22:45',NULL),(226,'menjelaskan-dan-mempraktikkan-cara-menjaga-kesehatan-dari-penyakit-alat-reproduksi-gmpyf',2,18,4,16,1,'4.23','Menjelaskan dan mempraktikkan cara menjaga kesehatan dari penyakit alat reproduksi','Memjelaskan dan mempraktikkan cara memlihara kebersihan dan menjaga kesehatan alat reproduksi',1,'2023-07-03 12:24:32','2023-07-03 12:24:32',NULL),(227,'menciptakankarya-seni-kerajinan-souvenir-anyaman-sesuai-kreatifitas-sendiri-SltVj',2,26,5,15,1,'5.18','Menciptakankarya seni kerajinan souvenir anyaman sesuai kreatifitas sendiri.','Menciptakankarya seni kerajinan souvenir anyaman sesuai kreatifitas sendiri.',1,'2023-07-03 12:44:46','2023-07-04 07:45:09','2023-07-04 07:45:09'),(228,'menemukan-prinsip-keseimbangan-menganalisis-menyimpulkan-dan-menggambardengan-prinsip-keseimbangan-yang-baik-sesuai-kreatifitas-sendiri-6k3jQ',2,26,5,15,1,'5.19','Menemukan prinsip keseimbangan, menganalisis, menyimpulkan, dan menggambardengan prinsip keseimbangan yang baik sesuai kreatifitas sendiri.','Menemukan prinsip keseimbangan, menganalisis, menyimpulkan, dan menggambardengan prinsip keseimbangan yang baik sesuai kreatifitas sendiri.',1,'2023-07-03 12:50:59','2023-07-04 07:45:18','2023-07-04 07:45:18'),(229,'menjelaskangerakdasar-menendang-atau-mengoper-menghentikandan-menggiring-bola-dalampermainan-sepak-bola-GyIsU',2,18,5,16,1,'.1','Menjelaskangerakdasar menendang atau mengoper ,menghentikan,dan menggiring bola dalampermainan sepak bola','Menjelaskan gerak dasar menendang atau mengoper ,menghentikan,dan menggiring bola dalam permainan sepak bola',1,'2023-07-03 13:01:20','2023-07-04 07:36:22',NULL),(230,'mempraktikkan-gerak-dasar-menendang-atau-mengopermenghentikan-dan-menggiring-boladalam-permainan-sepak-bola-GOtsr',2,18,5,16,1,'.2','Mempraktikkan gerak dasar menendang atau mengoper,menghentikan dan menggiring boladalam permainan sepak bola','Mempraktikkan gerak dasar menendang atau mengoper,menghentikan dan menggiring boladalam permainan sepak bola',1,'2023-07-03 13:06:16','2023-07-03 13:06:16',NULL),(231,'menjelaskan-gerak-dasar-melempar-menangkapdan-menggiring-bola-dalam-permainan-bola-tangan-v0jVM',2,18,5,16,1,'.3','Menjelaskan gerak dasar melempar ,menangkap,dan menggiring bola dalam permainan bola tangan','Menjelaskan gerak dasar melempar ,menangkap,dan menggiring bola dalam permainan bola tangan',1,'2023-07-03 13:09:05','2023-07-03 13:09:05',NULL),(232,'mempraktikkan-gerak-dasar-melemparmenangkapdan-menggiring-bola-dalampermainan-bola-tangan-4MAn5',2,18,5,16,1,'.4','Mempraktikkan gerak dasar melempar,menangkap,dan menggiring bola dalampermainan bola tangan','Mempraktikkan gerak dasar melempar,menangkap,dan menggiring bola dalampermainan bola tangan',1,'2023-07-03 13:12:05','2023-07-03 13:12:05',NULL),(233,'menjelaskan-variasi-gerak-passing-bawahpassing-atasdan-servis-bawah-dalam-permainan-bola-voli-ZnYfc',2,18,5,16,1,'.','Menjelaskan variasi gerak passing bawah,passing atas,dan servis bawah dalam permainan bola voli','Menjelaskan variasi gerak passing bawah,passing atas,dan servis bawah dalam permainan bola voli',1,'2023-07-03 13:16:03','2023-07-03 13:16:03',NULL),(234,'menjelaskan-variasi-melemparmenangkap-dan-memukul-bola-dalam-permainan-kasti-a1AT9',2,18,5,16,1,'.6','Menjelaskan variasi melempar,menangkap, dan memukul bola dalam permainan kasti','Menjelaskan variasi melempar,menangkap, dan memukul bola dalam permainan kasti',1,'2023-07-03 13:19:33','2023-07-03 13:19:33',NULL),(235,'menjelaskan-cara-berlari-menuju-tempat-hinggap-dalam-permainan-kasti-o5n51',2,18,5,16,1,'.7','Menjelaskan cara berlari menuju tempat hinggap dalam permainan kasti','Menjelaskan cara berlari menuju tempat hinggap dalam permainan kasti',1,'2023-07-03 13:21:47','2023-07-03 13:21:47',NULL),(236,'memperagakan-cara-mematikan-lawan-dalam-permainan-kasti-u8dvr',2,18,5,16,1,'.8','Memperagakan cara mematikan lawan dalam permainan kasti','Memperagakan cara mematikan lawan dalam permainan kasti',1,'2023-07-03 13:23:28','2023-07-03 13:23:28',NULL),(237,'menjelaskan-gerak-dasar-melemparmenangkapdan-memukul-bola-dalam-permainan-bola-bakar-i3p58',2,18,5,16,1,'.9','Menjelaskan gerak dasar melempar,menangkap,dan memukul bola dalam permainan bola bakar','Menjelaskan gerak dasar melempar,menangkap,dan memukul bola dalam permainan bola bakar',1,'2023-07-03 13:29:39','2023-07-03 13:29:39',NULL),(238,'memperagakan-cara-berlari-dan-membakar-bola-dalam-permainan-bola-bakar-JdAz6',2,18,5,16,1,'.10','Memperagakan cara berlari dan membakar bola dalam permainan bola bakar.','Memperagakan cara berlari dan membakar bola dalam permainan bola bakar.',1,'2023-07-03 13:31:02','2023-07-03 13:31:02',NULL),(239,'menjelas-kangerak-dasar-pada-pencak-silat-APZ1V',2,18,5,16,1,'.11','Menjelas kangerak dasar pada pencak silat','Menjelaskan gerak dasar pada pencak silat',1,'2023-07-03 13:33:25','2023-07-03 13:33:25',NULL),(240,'menjelaskan-variasi-gerak-dalam-pencak-silat-w8nxf',2,18,5,16,1,'.12','Menjelaskan Variasi gerak dalam pencak silat','Menjelaskan Variasi gerak dalam pencak silat',1,'2023-07-03 13:36:28','2023-07-03 13:36:28',NULL),(241,'menjelaskan-gerak-dasar-jalan-cepatlari-jarak-pendek-lompat-jauh-dan-tolak-peluru-0qPHS',2,18,5,16,1,'.13','Menjelaskan gerak dasar jalan cepat,lari jarak pendek ,lompat jauh, dan tolak peluru','Menjelaskan gerak dasar jalan cepat,lari jarak pendek ,lompat jauh, dan tolak peluru',1,'2023-07-03 13:39:20','2023-07-03 13:39:20',NULL),(242,'memperagakan-gerak-melompat-tanpa-awalan-yJnE9',2,18,5,16,1,'.14','Memperagakan gerak melompat tanpa awalan','Memperagakan gerak melompat tanpa awalan',1,'2023-07-03 13:40:55','2023-07-03 13:40:55',NULL),(243,'menjelaskan-dan-mempraktikkan-gerak-dasar-senam-gerak-rangkaian-sederhana-1-guling-ke-depankopstanddan-kayanggerak-rangkaian-sederhana-2-merodakayangbergulingke-belakangdan-gerak-rangkaian-sederhana-3-sikap-lilinkayangmeroda-EGdiw',2,18,5,16,1,'.1','Menjelaskan dan mempraktikkan gerak dasar senam ,gerak rangkaian sederhana 1 (guling ke depan,kopstand,dan kayang)gerak rangkaian sederhana 2 (meroda,kayang,bergulingke belakang,dan gerak rangkaian sederhana 3 (sikap lilin,kayang,meroda)','Menjelaskan dan mempraktikkan gerak dasar senam ,gerak rangkaian sederhana 1 (guling ke depan,kopstand,dan kayang)gerak rangkaian sederhana 2 (meroda,kayang,bergulingke belakang,dan gerak rangkaian sederhana 3 (sikap lilin,kayang,meroda)',1,'2023-07-03 13:48:40','2023-07-03 13:48:40',NULL),(244,'menjelaskan-dan-mempraktikkan-gerakan-pemanasangerakan-intidangerakan-pendinginan-dalam-gerak-berirama-C0O63',2,18,5,16,1,'.16','Menjelaskan dan mempraktikkan gerakan pemanasan,gerakan inti,dangerakan pendinginan dalam gerak berirama','Menjelaskan dan mempraktikkan gerakan pemanasan,gerakan inti,dangerakan pendinginan dalam gerak berirama',1,'2023-07-03 13:52:35','2023-07-03 13:52:35',NULL),(245,'menjelaskandanmempraktikkan-gerak-dasar-meluncurgerakan-tungkaigerakanlengandan-tehnik-pernapasan-dalam-renang-gaya-bebas-dMhVh',2,18,5,16,1,'.17','Menjelaskandanmempraktikkan gerak dasar meluncur,gerakan tungkai,gerakanlengan,dan tehnik pernapasan dalam renang gaya bebas','Menjelaskandanmempraktikkan gerak dasar meluncur,gerakan tungkai,gerakanlengan,dan tehnik pernapasan dalam renang gaya bebas',1,'2023-07-03 13:56:39','2023-07-03 13:56:39',NULL),(246,'menjelaskan-dan-mempraktikkan-tata-tertib-dikolam-renang-OdAuT',2,18,5,16,1,'.18','Menjelaskan dan mempraktikkan tata tertib dikolam renang','Menjelaskan dan mempraktikkan tata tertib dikolam renang',1,'2023-07-03 13:58:28','2023-07-03 13:58:28',NULL),(247,'menjelaskandanmempraktikkan-gerakanpemanasanwarming-upgerakan-daya-tahan-jantungcardiorespiratorydan-gerakan-pendinginan-cooling-down-1wYZN',2,18,5,16,1,'.19','Menjelaskandanmempraktikkan gerakanpemanasan(warming up),gerakan daya tahan jantung(cardiorespiratory),dan gerakan pendinginan (cooling down)','Menjelaskandanmempraktikkan gerakanpemanasan(warming up),gerakan daya tahan jantung(cardiorespiratory),dan gerakan pendinginan (cooling down)',1,'2023-07-03 14:01:59','2023-07-03 14:01:59',NULL),(248,'menjelaskan-bahaya-merokok-bagi-kesehatan-tubuh-POrio',2,18,5,16,1,'.20','Menjelaskan bahaya merokok bagi kesehatan tubuh','Menjelaskan bahaya merokok bagi kesehatan tubuh',1,'2023-07-04 07:33:38','2023-07-04 07:33:38',NULL),(249,'menjelaskan-bahaya-minuman-keras-bagi-kesehatan-tubuh-2Tx2X',2,18,5,16,1,'.21','Menjelaskan bahaya minuman keras bagi kesehatan tubuh','Menjelaskan bahaya minuman keras bagi kesehatan tubuh',1,'2023-07-04 07:38:09','2023-07-04 07:38:09',NULL),(250,'menjelaskan-bahaya-napza-dan-obat-berbahaya-lainnya-bagi-kesehatan-tubuh-Ulnvl',2,18,5,16,1,'.22','Menjelaskan bahaya napza dan obat berbahaya lainnya bagi kesehatan tubuh','Menjelaskan bahaya napza dan obat berbahaya lainnya bagi kesehatan tubuh',1,'2023-07-04 07:39:48','2023-07-04 07:39:48',NULL),(251,'mengasosiasikan-definisi-indah-atau-artistik-dari-benda-benda-disekitarnya-2Zh4D',2,26,1,11,1,'1.1','Mengasosiasikan definisi \'indah\' atau \'artistik\' dari benda-benda disekitarnya.','Mengasosiasikan definisi \'indah\' atau \'artistik\' dari benda-benda disekitarnya.',1,'2023-07-04 07:45:21','2023-07-04 07:45:21',NULL),(252,'mendokumentasikan-hasil-pengamatannya-Q1bn6',2,26,1,11,1,'1.2','Mendokumentasikan hasil pengamatannya.','Mendokumentasikan hasil pengamatannya.',1,'2023-07-04 07:46:13','2023-07-04 07:46:13',NULL),(253,'percaya-diri-dalam-memilih-alat-dalam-proses-dalam-berkreasi-lIGYA',2,26,1,11,1,'1.3','Percaya diri dalam memilih alat dalam proses dalam berkreasi','Percaya diri dalam memilih alat dalam proses dalam berkreasi',1,'2023-07-04 07:47:23','2023-07-04 07:47:23',NULL),(254,'menjelaskan-unsur-unsur-seni-rupa-NQfJ8',2,26,5,15,1,'5.1','Menjelaskan unsur-unsur seni rupa','Menjelaskan unsur-unsur seni rupa',1,'2023-07-04 07:47:25','2023-07-04 07:47:25',NULL),(255,'mengidentifikasi-unsur-unsur-seni-rupa-BTOH8',2,26,5,15,1,'5.2','Mengidentifikasi unsur-unsur seni rupa','Mengidentifikasi unsur-unsur seni rupa',1,'2023-07-04 07:48:05','2023-07-04 07:48:05',NULL),(256,'menjelaskan-prinsip-prinsip-seni-rupa-jLVWM',2,26,5,15,1,'5.3','Menjelaskan prinsip-prinsip seni rupa','Menjelaskan prinsip-prinsip seni rupa',1,'2023-07-04 07:48:38','2023-07-04 07:48:38',NULL),(257,'mengidentifikasi-prinsip-prinsip-seni-rupa-26pdK',2,26,5,15,1,'5.4','Mengidentifikasi prinsip-prinsip seni rupa','Mengidentifikasi prinsip-prinsip seni rupa',1,'2023-07-04 07:49:12','2023-07-04 07:49:12',NULL),(258,'menjeaskan-ragam-hias-nusantara-1l7ux',2,26,5,15,1,'5.5','Menjeaskan ragam hias nusantara','Menjeaskan ragam hias nusantara',1,'2023-07-04 07:49:44','2023-07-04 07:49:44',NULL),(259,'mengidentifikasi-berbagai-jenis-garispada-gambar-ataupun-pada-benda-benda-di-sekitarnya-oDks4',2,26,1,11,1,'1.4','Mengidentifikasi berbagai jenis garis,pada gambar ataupun pada benda-benda di sekitarnya.','Mengidentifikasi berbagai jenis garis,pada gambar ataupun pada benda-benda di sekitarnya.',1,'2023-07-04 07:49:59','2023-07-04 07:49:59',NULL),(260,'membuat-pola-dan-ragam-hias-nusantara-LYkqO',2,26,5,15,1,'5.6','Membuat pola dan ragam hias nusantara','Membuat pola dan ragam hias nusantara',1,'2023-07-04 07:50:17','2023-07-04 07:50:17',NULL),(261,'menggambar-sebuah-pohon-dengan-menggunakan-beberapa-macam-garis-EHVtI',2,26,1,11,1,'1.5','Menggambar sebuah pohon dengan menggunakan beberapa macam garis.','Menggambar sebuah pohon dengan menggunakan beberapa macam garis.',1,'2023-07-04 07:52:37','2023-07-04 07:52:37',NULL),(262,'membandingkan-dan-mengambil-kesimpulan-tentang-arti-garis-tipis-dan-garis-tebal-yang-ditemukan-pada-pohon-CY6nO',2,26,1,11,1,'1.6','Membandingkan dan mengambil kesimpulan tentang arti garis tipis dan garis tebal yang ditemukan pada pohon.','Membandingkan dan mengambil kesimpulan tentang arti garis tipis dan garis tebal yang ditemukan pada pohon.',1,'2023-07-04 07:53:59','2023-07-04 07:53:59',NULL),(263,'merasakan-arah-dan-gerakan-yang-dipresentasikan-oleh-garis-9brTQ',2,26,1,11,1,'1.7','Merasakan arah dan gerakan yang dipresentasikan oleh garis','Merasakan arah dan gerakan yang dipresentasikan oleh garis',1,'2023-07-04 07:55:11','2023-07-04 07:55:11',NULL),(264,'membaca-waktu-pada-jam-dinding-dalam-satuan-menit-k2w1l',2,16,2,18,1,'2.13','Membaca waktu pada jam dinding dalam satuan menit','Membaca waktu pada jam dinding dalam satuan menit',1,'2023-07-04 07:55:25','2023-07-04 08:10:11','2023-07-04 08:10:11'),(265,'mengeksplorasi-garis-dalam-hubungannya-dengan-musik-dan-perasaan-Zchsm',2,26,1,11,1,'1.8','Mengeksplorasi garis dalam hubungannya dengan musik dan perasaan.','Mengeksplorasi garis dalam hubungannya dengan musik dan perasaan.',1,'2023-07-04 07:56:10','2023-07-04 07:56:10',NULL),(266,'memahami-bahwa-waktu-yang-diperlukan-jarum-panjang-untuk-bergeser-1-skala-adalah-1-menit-iLVz7',2,16,2,18,1,'2.14','Memahami bahwa waktu yang diperlukan jarum panjang untuk bergeser 1 skala adalah 1 menit','Memahami bahwa waktu yang diperlukan jarum panjang untuk bergeser 1 skala adalah 1 menit',1,'2023-07-04 07:56:33','2023-07-04 08:10:48','2023-07-04 08:10:48'),(267,'memahami-selisih-waktu-awal-dan-akhir-sebagai-durasi-atau-lama-waktu-TtNzD',2,16,2,18,1,'2.15','Memahami selisih waktu awal dan akhir sebagai durasi atau lama waktu','Memahami selisih waktu awal dan akhir sebagai durasi atau lama waktu',1,'2023-07-04 07:57:22','2023-07-04 08:10:59','2023-07-04 08:10:59'),(268,'menuliskan-waktu-melaksanakan-aktivitas-sehari-hari-GaShX',2,16,2,18,1,'2.16','Menuliskan waktu melaksanakan aktivitas sehari-hari','Menuliskan waktu melaksanakan aktivitas sehari-hari',1,'2023-07-04 07:59:42','2023-07-04 08:11:07','2023-07-04 08:11:07'),(269,'menunjukkan-waktu-pagi-dan-sore-idERQ',2,16,2,18,1,'2.17','Menunjukkan waktu pagi dan sore','Menunjukkan waktu pagi dan sore',1,'2023-07-04 08:00:32','2023-07-04 08:11:14','2023-07-04 08:11:14'),(270,'menyebutkan-waktu-dengan-menggunakan-durasi-terhadap-waktu-yang-lain-Ni5Ux',2,16,2,18,1,'2.18','Menyebutkan waktu dengan menggunakan durasi terhadap waktu yang lain','Menyebutkan waktu dengan menggunakan durasi terhadap waktu yang lain',1,'2023-07-04 08:01:24','2023-07-04 08:11:22','2023-07-04 08:11:22'),(271,'menggunakan-waktu-dan-durasi-dengan-tepat-7ZM8X',2,16,2,18,1,'2.19','Menggunakan waktu dan durasi dengan tepat','Menggunakan waktu dan durasi dengan tepat',1,'2023-07-04 08:02:11','2023-07-04 08:11:31','2023-07-04 08:11:31'),(272,'membuat-jadwal-kegiatan-sehari-hari-MlNnO',2,16,2,18,1,'2.20','Membuat jadwal kegiatan sehari-hari','Membuat jadwal kegiatan sehari-hari',1,'2023-07-04 08:02:56','2023-07-04 08:11:44','2023-07-04 08:11:44'),(273,'membaca-waktu-dari-berbagai-situasi-tZHOu',2,16,2,18,1,'2.21','Membaca waktu dari berbagai situasi','Membaca waktu dari berbagai situasi',1,'2023-07-04 08:05:02','2023-07-04 08:09:27','2023-07-04 08:09:27'),(274,'mampu-membilang-dengan-mengelompokkan-benda-dalam-ukuran-yang-sama-untuk-tiap-kelompok-TqD3P',2,16,2,18,1,'2.1','Mampu membilang dengan mengelompokkan benda dalam ukuran yang sama untuk tiap kelompok','Mampu membilang dengan mengelompokkan benda dalam ukuran yang sama untuk tiap kelompok',1,'2023-07-04 08:31:08','2023-07-15 09:23:36',NULL),(275,'memahami-cara-merepresentasikan-bilangan-dengan-menuliskan-lambang-bilangannya-sampai-bilangan-ribuan-serta-dapat-mengurutkan-bilangan-57Yit',2,16,2,18,1,'2.2','Memahami cara merepresentasikan bilangan dengan menuliskan lambang bilangannya sampai bilangan ribuan, serta dapat mengurutkan bilangan','Memahami cara merepresentasikan bilangan dengan menuliskan lambang bilangannya sampai bilangan ribuan, serta dapat mengurutkan bilangan',1,'2023-07-04 08:31:41','2023-07-15 08:47:05',NULL),(276,'memahami-ukuran-relatif-bilangan-seperti-melihat-bilangan-dalam-ukuran-puluhan-atau-ratusan-HF9EN',2,16,2,18,1,'2.3','Memahami ukuran relatif bilangan seperti melihat bilangan dalam ukuran puluhan atau ratusan','Memahami ukuran relatif bilangan seperti melihat bilangan dalam ukuran puluhan atau ratusan',1,'2023-07-04 08:32:11','2023-07-15 08:48:01',NULL),(277,'menusliskan-kalimat-matematika-dan-mengungkapkan-proses-penjumlahan-dan-pengurangan-yang-melibatkan-dua-bilangan-yang-terdiri-atas-dua-angka-menggunakan-permasalahan-kontekstual-rkCdD',2,16,2,18,1,'2.4','Menusliskan kalimat matematika dan mengungkapkan proses penjumlahan dan pengurangan yang melibatkan dua bilangan yang terdiri atas dua angka menggunakan permasalahan kontekstual','Menusliskan kalimat matematika dan mengungkapkan proses penjumlahan dan pengurangan yang melibatkan dua bilangan yang terdiri atas dua angka menggunakan permasalahan kontekstual',1,'2023-07-04 08:32:39','2023-07-15 08:50:07',NULL),(278,'memahami-hubungan-satuan-waktu-hari-jam-menit-dan-detik-p9Iid',2,16,2,18,1,'2.5','Memahami hubungan satuan waktu: hari, jam, menit, dan detik.','Memahami hubungan satuan waktu: hari, jam, menit, dan detik.',1,'2023-07-04 08:33:38','2023-07-15 09:25:37',NULL),(279,'menjumlahkan-bilangan-2-angka-dengan-berdasarkan-pengalaman-menjumlahkan-dua-bilangan-yang-terdiri-atas-satu-angka-Odldh',2,16,2,18,1,'2.6','Menjumlahkan bilangan 2 angka dengan berdasarkan pengalaman menjumlahkan dua bilangan yang terdiri atas satu angka','Menjumlahkan bilangan 2 angka dengan berdasarkan pengalaman menjumlahkan dua bilangan yang terdiri atas satu angka',1,'2023-07-04 08:34:10','2023-07-15 09:27:18',NULL),(280,'menjumlahkan-2-bilangan-3-angka-dengan-menggunakan-penjumlahan-bersusun-Jk6zp',2,16,2,18,1,'2.7','Menjumlahkan 2 bilangan 3 angka dengan menggunakan penjumlahan bersusun','Menjumlahkan 2 bilangan 3 angka dengan menggunakan penjumlahan bersusun',1,'2023-07-04 08:34:51','2023-07-15 09:28:04',NULL),(281,'menemukan-sifat-sifat-penjumlahan-menerapkannya-pada-proses-penghitungan-dan-memeriksa-jawabnnya-HHSEc',2,16,2,18,1,'2.8','Menemukan sifat-sifat penjumlahan, menerapkannya pada proses penghitungan , dan memeriksa jawabnnya','Menemukan sifat-sifat penjumlahan, menerapkannya pada proses penghitungan , dan memeriksa jawabnnya',1,'2023-07-04 08:36:07','2023-07-15 09:29:08',NULL),(282,'menjumlahkan-bilangan-2-angka-R6HmW',2,16,2,18,1,'2.9','Menjumlahkan bilangan 2 angka','Menjumlahkan bilangan 2 angka',1,'2023-07-04 08:37:37','2023-07-04 08:40:17','2023-07-04 08:40:17'),(283,'mengaplikasiskan-sifat-komutatif-dan-asosiatif-penjumlahan-zqCYH',2,16,2,18,1,'2.9','Mengaplikasiskan sifat komutatif dan asosiatif penjumlahan','Mengaplikasiskan sifat komutatif dan asosiatif penjumlahan',1,'2023-07-04 08:38:00','2023-07-15 09:29:58',NULL),(284,'melakukan-pengurangan-sebagai-kebalikan-dari-penjumlahan-dua-bilangan-yang-terdiri-atas-dua-angka-berdasarkan-pengalaman-mengurangkan-dua-bilangan-yang-terdiri-atas-satu-angka-GD7mJ',2,16,2,18,1,'2.10','Melakukan pengurangan sebagai kebalikan dari penjumlahan dua bilangan yang terdiri atas dua angka berdasarkan pengalaman mengurangkan dua bilangan yang terdiri atas satu angka','Melakukan pengurangan sebagai kebalikan dari penjumlahan dua bilangan yang terdiri atas dua angka berdasarkan pengalaman mengurangkan dua bilangan yang terdiri atas satu angka',1,'2023-07-04 08:38:28','2023-07-15 09:31:57',NULL),(285,'melakukan-pengurangan-dengan-cara-bersusun-F60pI',2,16,2,18,1,'2.11','Melakukan pengurangan dengan cara bersusun','Melakukan pengurangan dengan cara bersusun',1,'2023-07-04 08:45:35','2023-07-15 09:56:31',NULL),(286,'melakukan-pengurangan-dua-bilangan-yang-terdiri-atas-tiga-angka-fyW9K',2,16,2,18,1,'2.12','Melakukan pengurangan dua bilangan yang terdiri atas tiga angka','Melakukan pengurangan dua bilangan yang terdiri atas tiga angka',1,'2023-07-04 08:47:26','2023-07-15 09:57:41',NULL),(287,'menemukan-sifat-sifat-pengurangan-menerapkannya-pada-proses-penghitungan-dan-memeriksa-jawabnnya-tVSQX',2,16,2,18,1,'2.13','Menemukan sifat-sifat pengurangan, menerapkannya, pada proses penghitungan, dan memeriksa jawabnnya','Menemukan sifat-sifat pengurangan, menerapkannya, pada proses penghitungan, dan memeriksa jawabnnya',1,'2023-07-04 08:49:56','2023-07-15 09:59:03',NULL),(288,'memahami-pengurangan-dari-bilangan-yang-lebih-dari-100-uAE79',2,16,2,18,1,'2.14','Memahami pengurangan dari bilangan yang lebih dari 100','Memahami pengurangan dari bilangan yang lebih dari 100',1,'2023-07-04 08:50:35','2023-07-15 09:58:03','2023-07-15 09:58:03'),(289,'memahami-hubungan-antara-penjumlahan-dengan-pengurangan-6Fl9S',2,16,2,18,1,'2.14','Memahami hubungan antara penjumlahan dengan pengurangan','Memahami hubungan antara penjumlahan dengan pengurangan',1,'2023-07-04 08:51:33','2023-07-15 09:56:00','2023-07-15 09:56:00'),(290,'menjelaskan-pengertian-karya-dua-dimensi-FAIuf',2,26,2,18,1,'2.1','Menjelaskan pengertian karya dua dimensi','Menjelaskan pengertian karya dua dimensi',1,'2023-07-04 09:03:26','2023-07-04 09:03:26',NULL),(291,'mengidentifikasi-unsur-unsur-seni-rupa-pada-karya-dua-dimensi-ISktm',2,26,2,18,1,'2.2','Mengidentifikasi unsur-unsur seni rupa pada karya dua dimensi','Mengidentifikasi unsur-unsur seni rupa pada karya dua dimensi',1,'2023-07-04 09:05:07','2023-07-04 09:05:21',NULL),(292,'mengidentifikasi-fungsi-media-alat-dan-bahan-dalam-berkarya-UTGKe',2,26,2,18,1,'2.3','Mengidentifikasi fungsi media, alat, dan bahan dalam berkarya','Mengidentifikasi fungsi media, alat, dan bahan dalam berkarya',1,'2023-07-04 09:06:08','2023-07-04 09:06:08',NULL),(293,'membuat-karya-seni-dua-dimensi-2j3QN',2,26,2,18,1,'2.4','membuat karya seni dua dimensi','membuat karya seni dua dimensi',1,'2023-07-04 09:06:39','2023-07-04 09:06:39',NULL),(294,'menjelaskan-pengertian-karya-tiga-dimensi-wPisz',2,26,2,18,1,'2.5','Menjelaskan pengertian karya tiga dimensi','Menjelaskan pengertian karya tiga dimensi',1,'2023-07-04 09:07:48','2023-07-04 09:07:48',NULL),(295,'menyebutkan-contoh-karya-tiga-dimensi-oPFpX',2,26,2,18,1,'2.6','Menyebutkan contoh karya tiga dimensi','Menyebutkan contoh karya tiga dimensi',1,'2023-07-04 09:08:23','2023-07-04 09:08:23',NULL),(296,'menjelaskan-pengertian-vokal-DSEKz',2,27,5,15,1,'5.1','Menjelaskan pengertian vokal .','Menjelaskan pengertian vokal .',1,'2023-07-04 09:14:40','2023-07-04 09:14:40',NULL),(297,'mengidentifikasi-jenis-jenis-suara-manusia-boeDF',2,27,5,15,1,'5.2','Mengidentifikasi jenis jenis suara manusia.','Mengidentifikasi jenis jenis suara manusia.',1,'2023-07-04 09:20:07','2023-07-04 09:20:07',NULL),(298,'berkreasi-dan-mampu-memilih-bentuk-yang-diperlukannya-OauBv',2,26,1,11,1,'1.9','Berkreasi dan mampu memilih bentuk yang diperlukannya.','Berkreasi dan mampu memilih bentuk yang diperlukannya.',1,'2023-07-04 09:22:08','2023-07-04 09:22:08',NULL),(299,'mengidentifikasi-sumber-bunyi-alat-alat-musik-dan-cara-memainkannya-RKinV',2,27,5,15,1,'5.3','Mengidentifikasi sumber bunyi alat alat musik dan cara memainkannya .','Mengidentifikasi sumber bunyi alat alat musik dan cara memainkannya .',1,'2023-07-04 09:22:27','2023-07-04 09:22:27',NULL),(300,'mengidentifikasi-nama-nama-bentuk-geometris-dan-bentuk-organik-9ymhA',2,26,1,11,1,'1.10','Mengidentifikasi nama-nama bentuk geometris dan bentuk organik.','Mengidentifikasi nama-nama bentuk geometris dan bentuk organik.',1,'2023-07-04 09:23:43','2023-07-04 09:23:43',NULL),(301,'mengidentifikasi-organ-penghasil-suara-pada-manusia-DSwnU',2,27,5,15,1,'5.4','Mengidentifikasi organ penghasil suara pada manusia .','Mengidentifikasi organ penghasil suara pada manusia .',1,'2023-07-04 09:24:42','2023-07-04 09:24:42',NULL),(302,'menggunakan-lem-dan-gunting-untuk-membuat-kolase-arqaB',2,26,1,11,1,'1.10','Menggunakan lem dan gunting untuk membuat kolase.','Menggunakan lem dan gunting untuk membuat kolase.',1,'2023-07-04 09:26:33','2023-07-04 09:26:33',NULL),(303,'mengenal-berbagai-macam-topeng-dari-indonesia-1Nrfn',2,26,1,11,1,'1.11','Mengenal berbagai macam topeng dari Indonesia','Mengenal berbagai macam topeng dari Indonesia',1,'2023-07-04 09:27:45','2023-07-04 09:27:45',NULL),(304,'mengenal-konsep-simetri-CXME4',2,26,1,11,1,'1.12','Mengenal konsep simetri','Mengenal konsep simetri',1,'2023-07-04 09:28:33','2023-07-04 09:28:33',NULL),(305,'mempraktikan-teknik-bernyanyi-yang-benar-XsHKx',2,27,5,15,1,'5.5','Mempraktikan teknik bernyanyi yang benar .','Mempraktikan teknik bernyanyi yang benar .',1,'2023-07-04 09:28:44','2023-07-04 09:28:44',NULL),(306,'menggunakan-teknik-lipatgunting-dan-tempel-untuk-membuat-topeng-kertas-RSYHu',2,26,1,11,1,'1.13','Menggunakan teknik lipat,gunting dan tempel untuk membuat topeng kertas','Menggunakan teknik lipat,gunting dan tempel untuk membuat topeng kertas',1,'2023-07-04 09:31:39','2023-07-04 09:32:17',NULL),(307,'menyanyikan-lagu-lagu-wajib-nasional-dan-lagu-daerah-dengan-iringan-alat-musik-melodis-WGUIb',2,27,5,15,1,'5.6','Menyanyikan lagu lagu wajib nasional dan lagu daerah dengan iringan alat musik melodis.','Menyanyikan lagu lagu wajib nasional dan lagu daerah dengan iringan alat musik melodis.',1,'2023-07-04 09:32:10','2023-07-04 09:32:10',NULL),(308,'mengerti-kosa-kata-bentuk-dan-garisnama-nama-warnawarna-panaswarna-dingin-dan-warna-netral-4TY3d',2,26,1,11,1,'1.14','Mengerti kosa kata bentuk dan garis,nama-nama warna,warna panas,warna dingin dan warna netral','Mengerti kosa kata bentuk dan garis,nama-nama warna,warna panas,warna dingin dan warna netral',1,'2023-07-04 09:34:26','2023-07-04 09:34:26',NULL),(309,'melakukan-refleksi-akan-karyanya-MbZqT',2,26,1,11,1,'1.15','Melakukan refleksi akan karyanya','Melakukan refleksi akan karyanya',1,'2023-07-04 09:35:23','2023-07-04 09:35:23',NULL),(310,'menjawab-pertanyaan-dari-informasi-berbahasa-jawa-ngoko-yang-didengar-berupa-fakta-5ONgL',2,22,5,15,1,'5.1','Menjawab pertanyaan dari informasi berbahasa Jawa ngoko yang didengar berupa fakta .','Menjawab pertanyaan dari informasi berbahasa Jawa ngoko yang didengar berupa fakta .',1,'2023-07-04 09:38:47','2023-07-04 09:38:47',NULL),(311,'menganalisis-informasi-berbahasa-jawa-ngoko-yang-didengar-ZZe1B',2,22,5,15,1,'5.2','Menganalisis informasi berbahasa Jawa ngoko yang didengar.','Menganalisis informasi berbahasa Jawa ngoko yang didengar.',1,'2023-07-04 09:41:43','2023-07-04 09:41:43',NULL),(312,'menjawab-pertanyaan-dari-informasi-berbahasa-jawa-krama-yang-di-dengar-JANtY',2,22,5,15,1,'5.3','Menjawab pertanyaan dari informasi berbahasa Jawa krama yang di dengar.','Menjawab pertanyaan dari informasi berbahasa Jawa krama yang di dengar.',1,'2023-07-04 09:43:47','2023-07-04 09:43:47',NULL),(313,'menganalisis-informasi-berbahasa-jawa-krama-yang-dudengar-1hh1F',2,22,5,15,1,'5.4','Menganalisis informasi berbahasa jawa krama yang dudengar .','Menganalisis informasi berbahasa jawa krama yang dudengar .',1,'2023-07-04 09:46:10','2023-07-04 09:46:10',NULL),(314,'bilangan-sampai-10-PUBSp',2,16,1,11,1,'1.1','Bilangan sampai  10','Bilangan sampai  10',1,'2023-07-04 09:48:15','2023-07-12 11:18:25','2023-07-12 11:18:25'),(315,'menjawab-pertanyaan-tentang-informsi-cerita-legenda-yang-dibaca-81r4T',2,22,5,15,1,'5.5','Menjawab pertanyaan tentang informsi cerita legenda yang dibaca .','Menjawab pertanyaan tentang informsi cerita legenda yang dibaca .',1,'2023-07-04 09:48:28','2023-07-04 09:48:28',NULL),(316,'menemukan-kosakata-baru-dari-cerita-legenda-yang-dibaca-2TIXZ',2,22,5,15,1,'5.6','Menemukan kosakata baru dari cerita legenda yang dibaca .','Menemukan kosakata baru dari cerita legenda yang dibaca .',1,'2023-07-04 09:51:37','2023-07-04 09:51:37',NULL),(317,'menguraikan-dan-menyusun-bilangan-KwMTB',2,16,1,11,1,'1.2','Menguraikan dan menyusun bilangan.','Menguraikan dan menyusun bilangan.',1,'2023-07-04 09:53:41','2023-07-12 11:18:35','2023-07-12 11:18:35'),(318,'menceritakan-kembali-cerita-legenda-yang-dibaca-sf2W0',2,22,5,15,1,'5.7','Menceritakan kembali cerita legenda yang dibaca .','Menceritakan kembali cerita legenda yang dibaca .',1,'2023-07-04 09:54:06','2023-07-04 09:54:06',NULL),(319,'mengurutkan-bilangan-1-sampai-10-XYErj',2,16,1,11,1,'1.3','Mengurutkan bilangan  1 sampai 10','Mengurutkan bilangan  1 sampai 10',1,'2023-07-04 09:55:59','2023-07-12 11:18:44','2023-07-12 11:18:44'),(320,'menjumlahkan-bilangan-1-sampai-dengan-10-AIJcm',2,16,1,11,1,'1.4','Menjumlahkan bilangan 1 sampai dengan 10','Menjumlahkan bilangan 1 sampai dengan 10',1,'2023-07-04 09:57:59','2023-07-12 11:18:52','2023-07-12 11:18:52'),(321,'mendengarkan-dan-menjawab-pertanyaan-terkait-cerita-punakawan-I0IJd',2,22,5,15,1,'5.8','Mendengarkan dan menjawab pertanyaan terkait cerita Punakawan.','Mendengarkan dan menjawab pertanyaan terkait cerita Punakawan.',1,'2023-07-04 09:58:25','2023-07-04 09:58:25',NULL),(322,'mengurangkan-bilangan-1-sampai-10-GRMqM',2,16,1,11,1,'1.5','Mengurangkan bilangan 1 sampai 10.','Mengurangkan bilangan 1 sampai 10.',1,'2023-07-04 09:59:50','2023-07-12 11:19:00','2023-07-12 11:19:00'),(323,'mengenal-bentuk-bentuk-bangun-R2PN0',2,16,1,11,1,'1.6','Mengenal bentuk - bentuk bangun.','Mengenal bentuk - bentuk bangun.',1,'2023-07-04 10:00:32','2023-07-12 11:19:10','2023-07-12 11:19:10'),(324,'mengenal-bilangan-yang-lebih-dari-10-b6GMI',2,16,1,11,1,'1.7','Mengenal bilangan yang lebih dari 10.','Mengenal bilangan yang lebih dari 10.',1,'2023-07-04 10:01:33','2023-07-12 11:19:18','2023-07-12 11:19:18'),(325,'bentuk-bangun-GMFUw',2,16,1,11,1,'1.8','bentuk bangun','bentuk bangun',1,'2023-07-04 10:02:45','2023-07-04 10:02:58','2023-07-04 10:02:58'),(326,'mencari-kosa-kata-sulit-yang-belum-dipahami-dan-mengartikannya-terkait-cerita-punakawan-rThGu',2,22,5,15,1,'5.9','Mencari kosa kata sulit yang belum dipahami dan mengartikannya terkait cerita Punakawan .','Mencari kosa kata sulit yang belum dipahami dan mengartikannya terkait cerita Punakawan .',1,'2023-07-04 10:03:13','2023-07-04 10:03:13',NULL),(327,'menganalisis-isi-cerita-punakawan-pYlyP',2,22,5,15,1,'5.10','Menganalisis isi cerita Punakawan','Menganalisis isi cerita Punakawan',1,'2023-07-04 10:04:42','2023-07-04 10:04:42',NULL),(328,'meringkas-cerita-wayang-punakawan-yang-didengar-mHr1G',2,22,5,15,1,'5.11','Meringkas cerita wayang Punakawan yang didengar .','Meringkas cerita wayang Punakawan yang didengar .',1,'2023-07-04 10:07:12','2023-07-04 10:07:12',NULL),(329,'menuliskan-pokok-pokok-cerita-dM53n',2,22,5,15,1,'5.12','Menuliskan pokok pokok cerita.','Menuliskan pokok pokok cerita.',1,'2023-07-04 10:08:47','2023-07-04 10:08:47',NULL),(330,'menceritakan-kembali-cerita-wayang-punakawan-yang-telah-didengar-NVj4g',2,22,5,15,1,'5.13','Menceritakan kembali cerita wayang Punakawan yang telah didengar .','Menceritakan kembali cerita wayang Punakawan yang telah didengar .',1,'2023-07-04 10:10:40','2023-07-04 10:10:40',NULL),(331,'membaca-teks-tembang-maskumambang-dan-menjelaskqn-kata-kata-sulit-yang-terdapat-dalam-trmbang-maskumambang-Tn9xJ',2,22,5,15,1,'5.14','Membaca teks tembang Maskumambang dan menjelaskqn kata kata sulit yang terdapat dalam trmbang Maskumambang .','Membaca teks tembang Maskumambang dan menjelaskqn kata kata sulit yang terdapat dalam trmbang Maskumambang .',1,'2023-07-04 10:19:34','2023-07-04 10:19:34',NULL),(332,'mengidentifikasimenjelaskan-dan-memahami-lambang-bunyi-bahasa-cdr58',2,22,1,11,1,'1.1','Mengidentifikasi,menjelaskan dan memahami lambang bunyi bahasa.','Mengidentifikasi,menjelaskan dan memahami lambang bunyi bahasa.',1,'2023-07-04 10:22:47','2023-07-04 10:22:47',NULL),(333,'membedakandan-menulis-lambang-bunyihuruf-3pb10',2,22,1,11,1,'1.2','Membedakan,dan menulis lambang bunyi/huruf.','Membedakan,dan menulis lambang bunyi/huruf.',1,'2023-07-04 10:23:57','2023-07-04 10:23:57',NULL),(334,'merangkaimenyusunmenulis-lambang-bunyihuruf-menjadi-kata-sederhana-bermakna-DMXY2',2,22,1,11,1,'1.3','Merangkai/menyusun/menulis  lambang bunyi/huruf menjadi kata sederhana bermakna.','Merangkai/menyusun/menulis  lambang bunyi/huruf menjadi kata sederhana bermakna.',1,'2023-07-04 10:25:24','2023-07-04 10:25:24',NULL),(335,'menggunakan-kata-kata-sukar-dalam-kalimat-sederhana-dan-membuat-parafrase-tembang-maskumambang-e-tembang-maskumambang-Kiiqd',2,22,5,15,1,'5.15','Menggunakan kata kata sukar dalam kalimat sederhana dan membuat parafrase tembang Maskumambang .e tembang Maskumambang .','Menggunakan kata kata sukar dalam kalimat sederhana dan membuat parafrase tembang Maskumambang .e tembang Maskumambang .',1,'2023-07-04 10:25:27','2023-07-04 10:25:27',NULL),(336,'mengidentifikasi-tembang-dolanan-menthog-menthog-fwTdJ',2,22,1,11,1,'1.4','Mengidentifikasi tembang dolanan\' menthog-menthog.','Mengidentifikasi tembang dolanan\' menthog-menthog.',1,'2023-07-04 10:26:43','2023-07-04 10:26:43',NULL),(337,'menjelaskan-isi-tembang-maskumambang-jITiB',2,22,5,15,1,'5.16','Menjelaskan isi tembang Maskumambang .','Menjelaskan isi tembang Maskumambang .',1,'2023-07-04 10:26:54','2023-07-04 10:26:54',NULL),(338,'mengartikan-kata-kata-yang-sulit-yang-ada-dalam-lagu-menthog-menthog-Il3qS',2,22,1,11,1,'1.5','Mengartikan kata-kata yang sulit yang ada dalam lagu \'menthog-menthog\'.','Mengartikan kata-kata yang sulit yang ada dalam lagu \'menthog-menthog\'.',1,'2023-07-04 10:28:14','2023-07-04 10:28:14',NULL),(339,'menjawab-pertanyaan-tentang-isi-tembang-maskumambang-dengan-benar-aFYzy',2,22,5,15,1,'5.17','Menjawab pertanyaan tentang isi tembang Maskumambang dengan benar.','Menjawab pertanyaan tentang isi tembang Maskumambang dengan benar.',1,'2023-07-04 10:29:20','2023-07-04 10:29:20',NULL),(340,'menjelaskan-dan-menjawab-pertanyaan-mengenai-isi-tembang-menthag-menthog-Xnv1g',2,22,1,11,1,'1.6','Menjelaskan dan menjawab pertanyaan mengenai  isi tembang \'menthag-menthog.','Menjelaskan dan menjawab pertanyaan mengenai  isi tembang \'menthag-menthog.',1,'2023-07-04 10:30:14','2023-07-04 10:30:14',NULL),(341,'menjelaskan-ciri-ciri-tembang-maskumambang-KtqQB',2,22,5,15,1,'5.18','Menjelaskan ciri ciri tembang Maskumambang.','Menjelaskan ciri ciri tembang Maskumambang.',1,'2023-07-04 10:30:48','2023-07-04 10:30:48',NULL),(342,'membaca-dan-melengkapi-kata-dengan-huruf-TgmgC',2,22,1,11,1,'1.7','Membaca dan melengkapi kata dengan huruf.','Membaca dan melengkapi kata dengan huruf.',1,'2023-07-04 10:31:31','2023-07-04 10:31:31',NULL),(343,'menjelaskan-dongeng-dan-isi-dongeng-QUFWt',2,22,1,11,1,'1.8','Menjelaskan dongeng dan isi dongeng.','Menjelaskan dongeng dan isi dongeng.',1,'2023-07-04 10:32:47','2023-07-04 10:32:47',NULL),(344,'menemukan-dan-menerapkan-nilai-nilai-luhur-yang-diperoleh-dari-tembang-maskumambang-dalam-kehidupan-sehari-hari-emOeh',2,22,5,15,1,'5.19','Menemukan dan menerapkan nilai nilai luhur yang diperoleh dari tembang Maskumambang dalam kehidupan sehari hari.','Menemukan dan menerapkan nilai nilai luhur yang diperoleh dari tembang Maskumambang dalam kehidupan sehari hari.',1,'2023-07-04 10:33:16','2023-07-04 10:33:16',NULL),(345,'membuat-kalimat-sederhana-kaF9G',2,22,1,11,1,'1.9','Membuat kalimat sederhana.','Membuat kalimat sederhana.',1,'2023-07-04 10:34:00','2023-07-04 10:34:00',NULL),(346,'memperagakan-perilaku-tokoh-dalam-dongeng-cGAtN',2,22,1,11,1,'1.10','Memperagakan perilaku tokoh dalam dongeng.','Memperagakan perilaku tokoh dalam dongeng.',1,'2023-07-04 10:34:53','2023-07-04 10:34:53',NULL),(347,'menjawab-pertanyaan-tentang-isi-geguritan-yang-dibaca-PsOoT',2,22,5,15,1,'5.20','Menjawab pertanyaan tentang isi geguritan yang dibaca.','Menjawab pertanyaan tentang isi geguritan yang dibaca.',1,'2023-07-04 10:35:29','2023-07-04 10:35:29',NULL),(348,'menyampaikan-isi-dongeng-secara-lisan-Dd2P7',2,22,1,11,1,'1.11','Menyampaikan isi dongeng secara lisan.','Menyampaikan isi dongeng secara lisan.',1,'2023-07-04 10:35:33','2023-07-04 10:35:33',NULL),(349,'menjelaskan-isi-gegurita-TWxzZ',2,22,5,15,1,'5.21','Menjelaskan isi gegurita .','Menjelaskan isi gegurita .',1,'2023-07-04 10:36:35','2023-07-04 10:36:35',NULL),(350,'memparafrasekan-isi-geguritan-6w58q',2,22,5,15,1,'5.22','Memparafrasekan isi geguritan .','Memparafrasekan isi geguritan .',1,'2023-07-04 10:37:49','2023-07-04 10:37:49',NULL),(351,'membaca-geguritan-dengan-lafalintonasidanekspresi-yang-tepat-66VF6',2,22,5,15,1,'5.23','Membaca geguritan dengan lafal,intonasi,danekspresi yang tepat.','Membaca geguritan dengan lafal,intonasi,danekspresi yang tepat.',1,'2023-07-04 10:39:29','2023-07-04 10:39:29',NULL),(352,'bernyanyi-secara-mandiri-dan-bersama-lagu-nasional-guna-membangun-rasa-nasionalisme-4vJvR',2,27,1,11,1,'1.1','Bernyanyi secara mandiri dan bersama lagu nasional guna membangun rasa nasionalisme.','Bernyanyi secara mandiri dan bersama lagu nasional guna membangun rasa nasionalisme.',1,'2023-07-04 10:39:43','2023-07-04 10:39:43',NULL),(353,'mampu-bernyanyi-lagu-daerah-secara-mandiri-dan-bersama-DC04Q',2,27,1,11,1,'1.2','Mampu bernyanyi lagu daerah secara mandiri dan bersama.','Mampu bernyanyi lagu daerah secara mandiri dan bersama.',1,'2023-07-04 10:41:52','2023-07-04 10:41:52',NULL),(354,'menceritakan-isi-geguritan-8Jtvj',2,22,5,15,1,'5.24','Menceritakan isi geguritan.','Menceritakan isi geguritan.',1,'2023-07-04 10:41:58','2023-07-04 10:41:58',NULL),(355,'menemukan-perbedaan-lagu-nasional-dan-lagu-daerah-dengan-tepat-YWbsy',2,27,1,11,1,'1.3','Menemukan perbedaan lagu nasional dan lagu daerah dengan tepat.','Menemukan perbedaan lagu nasional dan lagu daerah dengan tepat.',1,'2023-07-04 10:43:18','2023-07-04 10:43:18',NULL),(356,'membuat-kategori-lagu-nasional-dan-lagu-daerah-berdasarkan-pada-lirik-lagu-LwGox',2,27,1,11,1,'1.4','Membuat kategori lagu nasional dan lagu daerah berdasarkan pada lirik lagu.','Membuat kategori lagu nasional dan lagu daerah berdasarkan pada lirik lagu.',1,'2023-07-04 10:45:10','2023-07-04 10:45:10',NULL),(357,'mengidentifikasi-dan-menirukan-pulsa-dengan-tempo-sederhana-jWXTq',2,27,1,11,1,'1.5','Mengidentifikasi dan menirukan pulsa dengan tempo sederhana.','Mengidentifikasi dan menirukan pulsa dengan tempo sederhana.',1,'2023-07-04 10:46:30','2023-07-04 10:46:30',NULL),(358,'memainkan-pengembangan-pola-ritme-sederhana-dengan-kaidah-tempobaik-dari-tubuh-sendiri-maupun-instrumen-perkusif-sederhana-Oshon',2,27,1,11,1,'1.6','Memainkan pengembangan pola ritme sederhana dengan kaidah tempo,baik dari tubuh sendiri maupun instrumen perkusif sederhana.','Memainkan pengembangan pola ritme sederhana dengan kaidah tempo,baik dari tubuh sendiri maupun instrumen perkusif sederhana.',1,'2023-07-04 10:48:48','2023-07-04 10:48:48',NULL),(359,'menemukan-berbagai-jenis-warna-bunyi-non-musikalbaik-melodis-dan-non-melodis-k69vX',2,27,1,11,1,'1.7','Menemukan berbagai jenis warna bunyi non - musikal,baik melodis dan non - melodis.','Menemukan berbagai jenis warna bunyi non - musikal,baik melodis dan non - melodis.',1,'2023-07-04 10:50:25','2023-07-04 10:53:12','2023-07-04 10:53:12'),(360,'menjelaskan-pengertian-bunyi-MmwJs',2,27,2,18,1,'2.1','Menjelaskan pengertian bunyi','Menjelaskan pengertian bunyi',1,'2023-07-05 07:30:23','2023-07-05 07:30:23',NULL),(361,'mengidentifikasi-benda-yang-yang-menghasilkan-bunyi-ILQZx',2,27,2,18,1,'2.2','Mengidentifikasi benda yang yang menghasilkan bunyi','Mengidentifikasi benda yang yang menghasilkan bunyi',1,'2023-07-05 07:31:03','2023-07-05 07:31:03',NULL),(362,'mengidentifikasi-alat-musik-ritmis-oxWdV',2,27,2,18,1,'2.3','Mengidentifikasi alat musik ritmis','Mengidentifikasi alat musik ritmis',1,'2023-07-05 07:31:41','2023-07-05 07:31:41',NULL),(363,'memainkan-bunyi-ritmis-98vTH',2,27,2,18,1,'2.4','Memainkan bunyi ritmis','Memainkan bunyi ritmis',1,'2023-07-05 07:32:12','2023-07-05 07:32:12',NULL),(364,'mengidentifikasi-alat-musik-melodis-oLDEh',2,27,2,18,1,'2.5','Mengidentifikasi alat musik melodis','Mengidentifikasi alat musik melodis',1,'2023-07-05 07:32:45','2023-07-05 07:32:45',NULL),(365,'memainkan-bunyi-melodis-CkzxU',2,27,2,18,1,'2.6','Memainkan bunyi melodis','Memainkan bunyi melodis',1,'2023-07-05 07:33:20','2023-07-05 07:33:20',NULL),(366,'menjelaskan-pengertian-irama-dan-pola-irama-sederhana-CQfoE',2,27,2,18,1,'2.7','Menjelaskan pengertian irama dan pola irama sederhana','Menjelaskan pengertian irama dan pola irama sederhana',1,'2023-07-05 07:34:30','2023-07-05 07:34:30',NULL),(367,'memainkan-irama-dengan-tepukan-C0kw6',2,27,2,18,1,'2.8','Memainkan irama dengan tepukan','Memainkan irama dengan tepukan',1,'2023-07-05 07:35:16','2023-07-05 07:35:16',NULL),(368,'nice-to-meet-you-abhCK',2,24,2,18,1,'2.1','Nice to meet you','Nice to meet you',1,'2023-07-05 07:39:02','2023-07-05 07:39:02',NULL),(369,'here-you-are-tvgVA',2,24,2,18,1,'2.2','Here You Are','Here You Are',1,'2023-07-05 07:39:29','2023-07-05 07:39:29',NULL),(370,'keep-your-body-clean-IAw8g',2,24,2,18,1,'2.3','Keep Your Body Clean','Keep Your Body Clean',1,'2023-07-05 07:39:57','2023-07-05 07:39:57',NULL),(371,'im-hungry-0tC8o',2,24,2,18,1,'2.4','I\'m Hungry','I\'m Hungry',1,'2023-07-05 07:40:21','2023-07-05 07:40:21',NULL),(372,'menceritakan-perasaannya-terkait-pengalaman-pribadi-dengan-suara-yang-jelas-dan-penekanan-intonasi-npJAQ',2,15,2,18,1,'2.1','Menceritakan perasaannya terkait pengalaman pribadi dengan suara yang jelas dan penekanan intonasi','Menceritakan perasaannya terkait pengalaman pribadi dengan suara yang jelas dan penekanan intonasi',1,'2023-07-05 07:44:42','2023-07-05 07:44:42',NULL),(373,'menyimpulkan-perasaan-tokoh-cerita-dan-menyampaikan-pendapat-terhadap-cerita-dengan-mengaitkan-pesan-pada-cerita-dengan-pengalaman-pribadinya-NHDtX',2,15,2,18,1,'2.2','Menyimpulkan perasaan tokoh cerita dan menyampaikan pendapat terhadap cerita dengan mengaitkan pesan pada cerita dengan pengalaman pribadinya','Menyimpulkan perasaan tokoh cerita dan menyampaikan pendapat terhadap cerita dengan mengaitkan pesan pada cerita dengan pengalaman pribadinya',1,'2023-07-05 07:45:54','2023-07-05 07:45:54',NULL),(374,'membaca-kata-kata-yang-sering-ditemui-sehari-hari-5BQBR',2,15,2,18,1,'2.3','Membaca kata-kata yang sering ditemui sehari-hari','membaca kata-kata yang sering ditemui sehari-hari',1,'2023-07-05 07:47:16','2023-07-05 07:47:16',NULL),(375,'menuliskan-kalimat-dengan-kombinasi-subjek-predikat-dan-objek-cTVor',2,15,2,18,1,'2.4','Menuliskan kalimat dengan kombinasi subjek, predikat, dan objek','Menuliskan kalimat dengan kombinasi subjek, predikat, dan objek',1,'2023-07-05 07:48:13','2023-07-05 07:48:13',NULL),(376,'menceritakan-sebuah-kejadian-secara-runtut-jFWLe',2,15,2,18,1,'2.5','Menceritakan sebuah kejadian secara runtut','Menceritakan sebuah kejadian secara runtut',1,'2023-07-05 07:48:52','2023-07-05 07:48:52',NULL),(377,'berbicara-dengan-volume-yang-tepat-sesuai-konteks-dan-tempat-berbicara-ZEJPv',2,15,2,18,1,'2.6','Berbicara dengan volume yang tepat sesuai konteks dan tempat berbicara','Berbicara dengan volume yang tepat sesuai konteks dan tempat berbicara',1,'2023-07-05 07:51:16','2023-07-05 07:51:16',NULL),(378,'menyimpulkan-nama-tempat-umum-0f7CT',2,15,2,18,1,'2.7','Menyimpulkan nama tempat umum','Menyimpulkan nama tempat umum',1,'2023-07-05 07:51:54','2023-07-05 07:51:54',NULL),(379,'menuliskan-di-sebagai-kata-depan-dan-kata-kerja-dengan-tepat-vt5Fp',2,15,2,18,1,'2.8','Menuliskan \"di\" sebagai kata depan dan kata kerja dengan tepat','Menuliskan \"di\" sebagai kata depan dan kata kerja dengan tepat',1,'2023-07-05 07:55:32','2023-07-05 07:55:32',NULL),(380,'membuat-cerita-dengan-struktur-awal-tengah-dan-akhir-yang-sederhana-6rAJP',2,15,2,18,1,'2.9','Membuat cerita dengan struktur awal, tengah, dan akhir yang sederhana','Membuat cerita dengan struktur awal, tengah, dan akhir yang sederhana',1,'2023-07-05 07:56:21','2023-07-05 07:56:21',NULL),(381,'membedakan-informasi-yang-bersifat-fakta-dan-opini-pada-cerita-IXNkV',2,15,2,18,1,'2.10','Membedakan informasi yang bersifat fakta dan opini pada cerita','Membedakan informasi yang bersifat fakta dan opini pada cerita',1,'2023-07-05 07:58:12','2023-07-05 07:58:12',NULL),(382,'membuat-beberapa-kalimat-berisi-informasi-menggunakan-kata-kunci-sesuai-topik-PPjKO',2,15,2,18,1,'2.11','Membuat beberapa kalimat berisi informasi menggunakan kata kunci sesuai topik','Membuat beberapa kalimat berisi informasi menggunakan kata kunci sesuai topik',1,'2023-07-05 07:59:02','2023-07-05 07:59:02',NULL),(383,'melaksanakan-kesepakatan-giliran-berbicara-menanggapi-komentar-dan-bertanya-tentang-tugas-dalam-keluarga-masing-masing-9HRUk',2,15,2,18,1,'2.12','Melaksanakan kesepakatan giliran berbicara, menanggapi komentar, dan bertanya tentang tugas dalam keluarga masing-masing','Melaksanakan kesepakatan giliran berbicara, menanggapi komentar, dan bertanya tentang tugas dalam keluarga masing-masing',1,'2023-07-05 08:00:11','2023-07-05 08:00:11',NULL),(384,'melafalkan-huruf-hijaiyyah-dan-harakat-secara-lengkap-xiAEz',2,2,1,14,1,'1.1','Melafalkan huruf hijaiyyah dan harakat secara lengkap','Melafalkan huruf hijaiyyah dan harakat secara lengkap',1,'2023-07-06 08:26:07','2023-07-06 08:36:33',NULL),(385,'melafalkan-dan-menunjukkan-hafalan-surah-al-fatihah-dengan-benar-8XKgm',2,2,1,14,1,'1.2','Melafalkan dan menunjukkan hafalan surah al-Fatihah dengan benar','Melafalkan dan menunjukkan hafalan surah al-Fatihah dengan benar',1,'2023-07-06 08:37:57','2023-07-06 08:37:57',NULL),(386,'menyebutkan-dan-menghafal-rukun-iman-dengan-benar-HnX2c',2,2,1,14,1,'2.1','Menyebutkan dan menghafal rukun iman dengan benar','Menyebutkan dan menghafal rukun iman dengan benar',1,'2023-07-06 08:42:12','2023-07-06 08:42:12',NULL),(387,'menyebutkan-arti-iman-dan-penerapanya-prilaku-beriman-kepada-allah-aswt-NtvFY',2,2,1,14,1,'2.2','Menyebutkan arti iman dan penerapanya prilaku beriman kepada Allah aswt.','Menyebutkan arti iman dan penerapanya prilaku beriman kepada Allah aswt.',1,'2023-07-06 08:43:41','2023-07-06 08:43:41',NULL),(388,'menyebutkan-arti-kalimat-tayyibah-basmalah-dan-hamdalah-4r2qh',2,2,1,14,1,'3.1','Menyebutkan arti kalimat tayyibah basmalah dan hamdalah','Menyebutkan arti kalimat tayyibah basmalah dan hamdalah',1,'2023-07-06 08:45:49','2023-07-06 08:45:49',NULL),(389,'menggambar-kaligrafi-basmalah-dan-hamdalah-beserta-artinya-X2J6e',2,2,1,14,1,'3.2','Menggambar kaligrafi basmalah dan hamdalah beserta artinya','Menggambar kaligrafi basmalah dan hamdalah beserta artinya',1,'2023-07-06 08:46:59','2023-07-06 08:46:59',NULL),(390,'menumbuhkan-sikap-santun-dan-pandai-bersyukur-hR5Vv',2,2,1,14,1,'3.3','Menumbuhkan sikap santun dan pandai bersyukur.','Menumbuhkan sikap santun dan pandai bersyukur.',1,'2023-07-06 08:47:55','2023-07-06 08:47:55',NULL),(391,'menyebutkan-rukun-islam-WVLzZ',2,2,1,14,1,'4.1','Menyebutkan rukun islam.','Menyebutkan rukun islam.',1,'2023-07-06 08:51:10','2023-07-06 08:51:10',NULL),(392,'menjelaskan-dan-menghafal-kalimat-syahadatain-dan-artinya-raJ2Y',2,2,1,14,1,'4.2','Menjelaskan dan menghafal kalimat syahadatain dan artinya.','Menjelaskan dan menghafal kalimat syahadatain dan artinya.',1,'2023-07-06 08:52:36','2023-07-06 08:52:36',NULL),(393,'menunjukkan-prilaku-menerapkan-kalimat-syahadatain-RaXEJ',2,2,1,14,1,'4.3','Menunjukkan prilaku menerapkan kalimat syahadatain','Menunjukkan prilaku menerapkan kalimat syahadatain',1,'2023-07-06 08:53:34','2023-07-06 08:53:34',NULL),(394,'menceritakan-dan-meneladani-kisah-nabi-adam-as-dengan-baik-dan-benar-TnkBO',2,2,1,14,1,'5.1','Menceritakan dan meneladani kisah nabi Adam a.s. dengan baik dan benar','Menceritakan dan meneladani kisah nabi Adam a.s. dengan baik dan benar',1,'2023-07-06 08:56:40','2023-07-06 08:56:40',NULL),(395,'menceritakan-dan-meneladani-kisah-nabi-idris-as-dengan-baik-dan-benar-RDJXm',2,2,1,14,1,'5.2','Menceritakan dan meneladani kisah nabi Idris a.s. dengan baik dan benar','Menceritakan dan meneladani kisah nabi Idris a.s. dengan baik dan benar',1,'2023-07-06 08:58:30','2023-07-06 08:58:30',NULL),(396,'melafalkan-dan-menulis-huruf-hijaiyyah-bersambung-dengan-tepat-dan-benar-KA05K',2,2,2,14,1,'1.1','Melafalkan dan menulis huruf hijaiyyah bersambung dengan tepat dan benar','Melafalkan dan menulis huruf hijaiyyah bersambung dengan tepat dan benar',1,'2023-07-06 09:16:11','2023-07-06 09:16:11',NULL),(397,'melafalkan-dan-menunjukkan-hafalan-surah-an-naas-dengan-lancar-dan-benar-gpLsZ',2,2,2,14,1,'1.2','Melafalkan dan menunjukkan hafalan surah an-Naas dengan lancar dan benar','Melafalkan dan menunjukkan hafalan surah an-Naas dengan lancar dan benar',1,'2023-07-06 09:18:20','2023-07-06 09:18:20',NULL),(398,'menyebutkan-dan-mengamalkan-pesan-pokok-surah-an-naas-dengan-benar-dalam-kehidupan-sehari-hari-4MA6q',2,2,2,14,1,'1.3','Menyebutkan dan mengamalkan pesan pokok surah an-Naas dengan benar dalam kehidupan sehari-hari.','Menyebutkan dan mengamalkan pesan pokok surah an-Naas dengan benar dalam kehidupan sehari-hari.',1,'2023-07-06 09:20:14','2023-07-06 09:20:14',NULL),(399,'menyebutkan-arti-al-hafizal-waliyal-alimdan-al-khabir-beserta-artinya-H9iZH',2,2,2,14,1,'2.1','Menyebutkan arti al-Hafiz,al-Waliy,al-Alim,dan al-Khabir beserta artinya.','Menyebutkan arti al-Hafiz,al-Waliy,al-Alim,dan al-Khabir beserta artinya.',1,'2023-07-06 09:22:42','2023-07-06 09:22:42',NULL),(400,'mengamalkan-asmaul-husna-arti-al-hafizal-waliyal-alimdan-al-khabir-hrQU9',2,2,2,14,1,'2.2','Mengamalkan asmaul husna arti al-Hafiz,al-Waliy,al-Alim,dan al-Khabir','Mengamalkan asmaul husna arti al-Hafiz,al-Waliy,al-Alim,dan al-Khabir',1,'2023-07-06 09:24:28','2023-07-06 09:24:28',NULL),(401,'menyebutkan-arti-percaya-diri-dan-saling-menghargai-serta-menunjukkan-contohnya-dalam-kehidupan-sehari-hari-KjrYR',2,2,2,14,1,'3.1','Menyebutkan arti percaya diri dan saling menghargai serta menunjukkan contohnya dalam kehidupan sehari hari','Menyebutkan arti percaya diri dan saling menghargai serta menunjukkan contohnya dalam kehidupan sehari hari',1,'2023-07-06 09:30:32','2023-07-06 09:30:32',NULL),(402,'menerapkan-sikap-percaya-diri-dan-saling-menghargai-serta-hikmahnya-dalam-kehidupan-sehari-hari-34oAt',2,2,2,14,1,'3.2','Menerapkan sikap percaya diri dan saling menghargai serta hikmahnya dalam kehidupan sehari hari.','Menerapkan sikap percaya diri dan saling menghargai serta hikmahnya dalam kehidupan sehari hari.',1,'2023-07-06 09:32:17','2023-07-06 09:32:17',NULL),(403,'menyebutkan-arti-dan-macam-macam-salat-fardhu-NYMzF',2,2,2,14,1,'4.1','Menyebutkan arti dan macam-macam salat fardhu.','Menyebutkan arti dan macam-macam salat fardhu.',1,'2023-07-06 09:34:25','2023-07-06 09:34:25',NULL),(404,'mempratikkan-tata-cara-salat-fardhu-ikWeB',2,2,2,14,1,'4.2','Mempratikkan tata cara salat fardhu','Mempratikkan tata cara salat fardhu',1,'2023-07-06 09:35:20','2023-07-06 09:35:20',NULL),(405,'menyebutkan-arti-dan-tata-cara-azan-dan-iqomah-vYDNU',2,2,2,14,1,'4.3','Menyebutkan arti dan tata cara azan dan iqomah.','Menyebutkan arti dan tata cara azan dan iqomah.',1,'2023-07-06 09:36:31','2023-07-06 09:36:31',NULL),(406,'menceritakan-dan-meneladani-kisah-nabi-ibrahim-as-dengan-baik-dan-benar-KYKdi',2,2,2,14,1,'5.1','Menceritakan dan meneladani kisah nabi Ibrahim a.s. dengan baik dan benar','Menceritakan dan meneladani kisah nabi Ibrahim a.s. dengan baik dan benar',1,'2023-07-06 09:38:28','2023-07-06 09:38:28',NULL),(407,'menceritakan-dan-meneladani-kisah-nabi-lut-as-dengan-baik-dan-benar-nJbik',2,2,2,14,1,'5.2','Menceritakan dan meneladani kisah nabi Lut a,s dengan baik dan benar','Menceritakan dan meneladani kisah nabi Lut a,s dengan baik dan benar',1,'2023-07-06 09:39:46','2023-07-06 09:39:46',NULL),(408,'menjelaskan-arti-asmaul-husna-al-malikal-azisal-quddusas-salamdan-al-mumin-ioCVX',2,2,4,14,1,'2.1','Menjelaskan arti asmaul husna al-Malik,al-Azis,al-Quddus,as-Salam,dan al-Mu\'min','Menjelaskan arti asmaul husna al-Malik,al-Azis,al-Quddus,as-Salam,dan al-Mu\'min',1,'2023-07-08 09:29:06','2023-07-08 09:29:06',NULL),(409,'membuat-karya-berupa-kaligrafi-al-malikal-azisal-quddusas-salamdan-al-mukmin-SgcOE',2,2,4,14,1,'2.2','membuat karya berupa kaligrafi al-Malik,al-Azis,al-Quddus,as-Salam,dan al-Mukmin','membuat karya berupa kaligrafi al-Malik,al-Azis,al-Quddus,as-Salam,dan al-Mukmin',1,'2023-07-08 09:31:33','2023-07-08 09:31:33',NULL),(410,'menyakini-adanya-allah-swt-yang-maha-rajamaha-muliamaha-sucimaha-sejahteradan-maha-pemberi-kedamaian-ZCBjC',2,2,4,14,1,'2.3','Menyakini adanya Allah swt yang maha raja,maha mulia,maha suci,maha sejahtera,dan maha pemberi kedamaian','Menyakini adanya Allah swt yang maha raja,maha mulia,maha suci,maha sejahtera,dan maha pemberi kedamaian',1,'2023-07-08 09:34:12','2023-07-08 09:34:12',NULL),(411,'mendiskripsikan-keragaman-sebagai-sunnatullah-agar-saling-menghargai-dan-menghormati-SqysW',2,2,4,14,1,'3.1','Mendiskripsikan keragaman sebagai sunnatullah agar saling menghargai dan menghormati','Mendiskripsikan keragaman sebagai sunnatullah agar saling menghargai dan menghormati',1,'2023-07-08 09:37:23','2023-07-08 09:37:23',NULL),(412,'menumbuhkan-sikap-saling-menghormati-dan-menghargai-pemeluk-agama-yang-berbedabaik-dilingkungan-sekolah-maupun-lingkungan-tempat-tinggalnya-RlQyt',2,2,4,14,1,'3.2','Menumbuhkan sikap saling menghormati dan menghargai pemeluk agama yang berbeda,baik dilingkungan sekolah maupun lingkungan tempat tinggalnya.','Menumbuhkan sikap saling menghormati dan menghargai pemeluk agama yang berbeda,baik dilingkungan sekolah maupun lingkungan tempat tinggalnya.',1,'2023-07-08 09:39:43','2023-07-08 09:39:43',NULL),(413,'menjelaskan-pengertian-norma-dan-macam-macamnya-yang-ada-dilingkungan-sekitar-dan-lingkungan-yang-lebih-luas-8uJ19',2,2,4,14,1,'4.1','Menjelaskan pengertian norma dan macam-macamnya yang ada dilingkungan sekitar dan lingkungan yang lebih luas','Menjelaskan pengertian norma dan macam-macamnya yang ada dilingkungan sekitar dan lingkungan yang lebih luas',1,'2023-07-08 09:42:26','2023-07-08 09:42:26',NULL),(414,'menjelaskan-manfaat-norma-dan-penerapanya-dalam-kehidupan-sehari-hari-Ok6ib',2,2,4,14,1,'4.2','Menjelaskan manfaat norma dan penerapanya dalam kehidupan sehari-hari','Menjelaskan manfaat norma dan penerapanya dalam kehidupan sehari-hari',1,'2023-07-08 09:43:47','2023-07-08 09:43:47',NULL),(415,'menjelaskan-tentang-baligh-dan-tanda-tandanya-WAecA',2,2,4,14,1,'5.1','Menjelaskan tentang baligh dan tanda-tandanya.','Menjelaskan tentang baligh dan tanda-tandanya.',1,'2023-07-08 09:46:15','2023-07-08 09:46:15',NULL),(416,'menyebutkan-kewajiban-setelah-memasuki-usia-baligh-Ze8gf',2,2,4,14,1,'5.2','Menyebutkan kewajiban setelah memasuki usia baligh.','Menyebutkan kewajiban setelah memasuki usia baligh.',1,'2023-07-08 09:47:22','2023-07-08 09:47:22',NULL),(417,'membacamenulisdan-menghafal-qs-ar-rum-dengan-baik-dan-benar-d0rij',2,2,5,14,1,'1.1','Membaca,menulis,dan menghafal Q.S. Ar-Rum dengan baik dan benar.','Membaca,menulis,dan menghafal Q.S. Ar-Rum dengan baik dan benar.',1,'2023-07-08 09:56:53','2023-07-08 09:56:53',NULL),(418,'menjelaskan-dan-mepratikkan-pesan-pokok-qs-ar-rum3022-tentang-keragaman-YyTBk',2,2,5,14,1,'1.2','Menjelaskan dan mepratikkan pesan pokok Q,S. Ar-Rum/30:22 tentang keragaman','Menjelaskan dan mepratikkan pesan pokok Q,S. Ar-Rum/30:22 tentang keragaman',1,'2023-07-08 09:58:58','2023-07-08 09:58:58',NULL),(419,'menjelaskan-pengertian-asmaul-husna-al-qowiyyual-qayyumal-muhyidan-al-mumit-wxYbN',2,2,5,14,1,'2.1','Menjelaskan pengertian asmaul husna Al-Qowiyyu,Al- Qayyum,Al-Muhyi,dan Al-Mumit.','Menjelaskan pengertian asmaul husna Al-Qowiyyu,Al- Qayyum,Al-Muhyi,dan Al-Mumit.',1,'2023-07-08 10:13:13','2023-07-08 10:13:13',NULL),(420,'meneladani-dan-mengamalkan-asmaul-husna-al-qawiyyual-qayyumal-muhyial-mumitdan-al-bais-dalam-kehidupan-sehari-hari-Kdq0V',2,2,5,14,1,'2.2','Meneladani dan mengamalkan asmaul husna Al-Qawiyyu,Al-Qayyum,Al-Muhyi,Al-Mumit,dan Al-Ba\'is dalam kehidupan sehari-hari','Meneladani dan mengamalkan asmaul husna Al-Qawiyyu,Al-Qayyum,Al-Muhyi,Al-Mumit,dan Al-Ba\'is dalam kehidupan sehari-hari',1,'2023-07-08 10:32:10','2023-07-08 10:32:10',NULL),(421,'mengenal-dan-menjelaskan-dialog-antar-agama-gZ4YH',2,2,5,14,1,'3.1','Mengenal dan menjelaskan dialog antar agama','Mengenal dan menjelaskan dialog antar agama',1,'2023-07-08 10:44:23','2023-07-08 10:44:23',NULL),(422,'mampu-menyikapi-dan-mendari-adanya-peluangdan-tantangan-keragaman-yang-ada-di-indonesia-B9S3D',2,2,5,14,1,'3.2','Mampu menyikapi dan mendari adanya peluangdan tantangan keragaman yang ada di indonesia.','Mampu menyikapi dan mendari adanya peluangdan tantangan keragaman yang ada di indonesia.',1,'2023-07-08 11:00:41','2023-07-08 11:00:41',NULL),(423,'mengenal-dan-menjelaskan-tentang-ideologi-dan-pentinya-menjaga-kesatuan-diatas-keragaman-cbWTs',2,2,5,14,1,'3.3','Mengenal dan menjelaskan tentang ideologi dan pentinya menjaga kesatuan diatas keragaman.','Mengenal dan menjelaskan tentang ideologi dan pentinya menjaga kesatuan diatas keragaman.',1,'2023-07-08 11:03:53','2023-07-08 11:03:53',NULL),(424,'menjelaskan-arti-zakatinfaksedekahdan-hadiah-XiQtt',2,2,5,14,1,'4.1','Menjelaskan arti Zakat,infak,Sedekah,dan Hadiah','Menjelaskan arti Zakat,infak,Sedekah,dan Hadiah',1,'2023-07-08 11:10:19','2023-07-08 11:10:19',NULL),(425,'membedakan-zakatinfaksedekah-dan-hadiah-v5MTH',2,2,5,14,1,'4.2','Membedakan Zakat,Infak,Sedekah dan Hadiah.','Membedakan Zakat,Infak,Sedekah dan Hadiah.',1,'2023-07-08 11:11:26','2023-07-08 11:11:26',NULL),(426,'mempratikkan-zakatinfaksedekahdan-hadiah-D8Rsl',2,2,5,14,1,'4.3','Mempratikkan Zakat,Infak,Sedekah,dan Hadiah.','Mempratikkan Zakat,Infak,Sedekah,dan Hadiah.',1,'2023-07-08 11:12:31','2023-07-08 11:12:31',NULL),(427,'mempunyai-rasa-empati-dan-peduli-terhadap-sesama-h1izT',2,2,5,14,1,'4.4','Mempunyai rasa empati dan peduli terhadap sesama.','Mempunyai rasa empati dan peduli terhadap sesama.',1,'2023-07-08 11:13:23','2023-07-08 11:13:23',NULL),(428,'menjelaskan-dan-memahami-peristiwa-perjanjian-hudaibiyah-dan-fathu-makkah-wiXDx',2,2,5,14,1,'5.1','Menjelaskan dan memahami peristiwa perjanjian Hudaibiyah dan Fathu Makkah.','Menjelaskan dan memahami peristiwa perjanjian Hudaibiyah dan Fathu Makkah.',1,'2023-07-08 11:15:17','2023-07-08 11:15:17',NULL),(429,'menjelaskan-latar-belakang-dan-isi-perjanjian-hudaibiyah-dan-fathu-makkah-dJyOe',2,2,5,14,1,'5.2','Menjelaskan latar belakang dan isi perjanjian Hudaibiyah dan Fathu Makkah.','Menjelaskan latar belakang dan isi perjanjian Hudaibiyah dan Fathu Makkah.',1,'2023-07-08 11:17:00','2023-07-08 11:17:00',NULL),(430,'meneladani-peristiwa-perjanjian-hudaibiyah-dan-fathu-makkah-UMia2',2,2,5,14,1,'5.3','Meneladani peristiwa perjanjian Hudaibiyah dan Fathu Makkah.','Meneladani peristiwa perjanjian Hudaibiyah dan Fathu Makkah.',1,'2023-07-08 11:18:07','2023-07-08 11:18:07',NULL),(431,'menunjukkan-sikap-disiplin-dalam-menerapkan-norma-yang-berlaku-di-lingkungannya-geHln',2,14,5,15,1,'5.8','Menunjukkan sikap disiplin dalam menerapkan norma yang berlaku di lingkungannya','Menunjukkan sikap disiplin dalam menerapkan norma yang berlaku di lingkungannya',1,'2023-07-11 09:21:12','2023-07-11 09:21:12',NULL),(432,'menelaah-macam-macam-norma-beserta-sumber-dan-sanksinya-PXgMz',2,14,5,15,1,'5.9','Menelaah macam-macam norma beserta sumber dan sanksinya','Menelaah macam-macam norma beserta sumber dan sanksinya',1,'2023-07-11 09:21:51','2023-07-11 09:21:51',NULL),(433,'menyajikan-hasil-telaah-tentang-macam-macam-norma-yang-berlaku-dilingkungannya-m30D5',2,14,5,15,1,'5.10','Menyajikan hasil telaah tentang macam-macam norma yang berlaku dilingkungannya','Menyajikan hasil telaah tentang macam-macam norma yang berlaku dilingkungannya',1,'2023-07-11 09:22:57','2023-07-11 09:23:15',NULL),(434,'membilang-banyak-benda-1-20-OW2Mn',2,16,1,11,1,'1.1','Membilang banyak benda 1-20','Membilang banyak benda 1-20',1,'2023-07-12 11:20:31','2023-07-12 11:20:31',NULL),(435,'membaca-dan-menulis-lambang-bilangan-1-sampai-20-Isgj3',2,16,1,11,1,'1.2','Membaca dan menulis lambang bilangan 1 sampai  20','Membaca dan menulis lambang bilangan 1 sampai  20',1,'2023-07-12 11:21:24','2023-07-12 11:21:24',NULL),(436,'melakukan-operasi-hitung-penjumlahan-dan-pengurangan-zenHv',2,16,1,11,1,'1.3','Melakukan operasi hitung penjumlahan dan pengurangan','Melakukan operasi hitung penjumlahan dan pengurangan',1,'2023-07-12 11:22:23','2023-07-12 11:22:23',NULL),(437,'membedakan-berbagai-bentuk-bangun-datar-dan-bangun-ruang-ugaPp',2,16,1,11,1,'1.4','Membedakan berbagai bentuk bangun datar dan bangun ruang','Membedakan berbagai bentuk bangun datar dan bangun ruang',1,'2023-07-12 11:23:55','2023-07-12 11:23:55',NULL),(438,'mengelompokkan-dan-mengurutkan-benda-berbentuk-bangun-datar-OBZCn',2,16,1,11,1,'1.5','Mengelompokkan dan mengurutkan benda berbentuk bangun datar.','Mengelompokkan dan mengurutkan benda berbentuk bangun datar.',1,'2023-07-12 11:25:07','2023-07-12 11:25:07',NULL),(439,'mengelompokkan-dan-mengurutkan-benda-berbagai-bangun-ruang-7wV02',2,16,1,11,1,'1.6','Mengelompokkan dan mengurutkan benda berbagai bangun ruang.','Mengelompokkan dan mengurutkan benda berbagai bangun ruang.',1,'2023-07-12 11:26:29','2023-07-12 11:26:29',NULL),(440,'menentukan-pola-bangun-datar-ZQEH5',2,16,1,11,1,'1.7','Menentukan pola bangun datar','Menentukan pola bangun datar',1,'2023-07-12 11:28:06','2023-07-12 11:28:06',NULL),(441,'menentukan-pola-pengubinan-MF8Pe',2,16,1,11,1,'1.8','Menentukan pola pengubinan','Menentukan pola pengubinan',1,'2023-07-12 11:28:52','2023-07-12 11:28:52',NULL),(442,'menyusun-bentuk-dengan-menggunakan-berbagai-bentuk-bangun-datar-WgyrS',2,16,1,11,1,'1.9','Menyusun bentuk dengan menggunakan berbagai bentuk bangun datar','Menyusun bentuk dengan menggunakan berbagai bentuk bangun datar',1,'2023-07-12 11:29:53','2023-07-12 11:29:53',NULL);
/*!40000 ALTER TABLE `competence_achievements` ENABLE KEYS */;
UNLOCK TABLES;

--
-- Table structure for table `configs`
--

DROP TABLE IF EXISTS `configs`;
/*!40101 SET @saved_cs_client     = @@character_set_client */;
/*!50503 SET character_set_client = utf8mb4 */;
CREATE TABLE `configs` (
  `id` int unsigned NOT NULL AUTO_INCREMENT,
  `slug` varchar(255) COLLATE utf8mb4_unicode_ci DEFAULT NULL,
  `report_date` date NOT NULL,
  `final_report_date` date NOT NULL,
  `pts_date` date NOT NULL,
  `last_pts_date` date NOT NULL,
  `headmaster` varchar(255) COLLATE utf8mb4_unicode_ci NOT NULL,
  `nip_headmaster` varchar(255) COLLATE utf8mb4_unicode_ci NOT NULL,
  `signature` varchar(255) COLLATE utf8mb4_unicode_ci DEFAULT NULL,
  `place` varchar(255) COLLATE utf8mb4_unicode_ci DEFAULT NULL,
  `closing_date` date DEFAULT NULL,
  `id_school_year` int unsigned NOT NULL,
  `status` tinyint NOT NULL DEFAULT '1',
  `created_at` timestamp NULL DEFAULT NULL,
  `updated_at` timestamp NULL DEFAULT NULL,
  `deleted_at` timestamp NULL DEFAULT NULL,
  PRIMARY KEY (`id`),
  KEY `configs_id_school_year_foreign` (`id_school_year`),
  CONSTRAINT `configs_id_school_year_foreign` FOREIGN KEY (`id_school_year`) REFERENCES `school_years` (`id`) ON DELETE CASCADE
) ENGINE=InnoDB AUTO_INCREMENT=4 DEFAULT CHARSET=utf8mb4 COLLATE=utf8mb4_unicode_ci;
/*!40101 SET character_set_client = @saved_cs_client */;

--
-- Dumping data for table `configs`
--

LOCK TABLES `configs` WRITE;
/*!40000 ALTER TABLE `configs` DISABLE KEYS */;
INSERT INTO `configs` (`id`, `slug`, `report_date`, `final_report_date`, `pts_date`, `last_pts_date`, `headmaster`, `nip_headmaster`, `signature`, `place`, `closing_date`, `id_school_year`, `status`, `created_at`, `updated_at`, `deleted_at`) VALUES (2,NULL,'2023-06-15','2023-05-09','2023-05-26','2023-05-26','Mohamad Ambyah, S.Pd.','197402252007011003',NULL,'Kebumen',NULL,3,1,'2023-05-26 07:49:13','2023-06-17 11:12:45',NULL),(3,NULL,'2023-12-29','2023-12-29','2023-07-04','2023-07-04','Mohammad Ambyah, S.Pd','197402252007011003',NULL,'Kebumen','2023-07-04',1,1,'2023-07-04 11:17:56','2023-07-04 19:49:42',NULL);
/*!40000 ALTER TABLE `configs` ENABLE KEYS */;
UNLOCK TABLES;

--
-- Table structure for table `courses`
--

DROP TABLE IF EXISTS `courses`;
/*!40101 SET @saved_cs_client     = @@character_set_client */;
/*!50503 SET character_set_client = utf8mb4 */;
CREATE TABLE `courses` (
  `id` int unsigned NOT NULL AUTO_INCREMENT,
  `slug` varchar(255) COLLATE utf8mb4_unicode_ci DEFAULT NULL,
  `code` varchar(255) COLLATE utf8mb4_unicode_ci DEFAULT NULL,
  `name` varchar(255) COLLATE utf8mb4_unicode_ci NOT NULL,
  `group` varchar(255) COLLATE utf8mb4_unicode_ci NOT NULL,
  `status` tinyint NOT NULL DEFAULT '1',
  `created_at` timestamp NULL DEFAULT NULL,
  `updated_at` timestamp NULL DEFAULT NULL,
  `deleted_at` timestamp NULL DEFAULT NULL,
  PRIMARY KEY (`id`)
) ENGINE=InnoDB AUTO_INCREMENT=28 DEFAULT CHARSET=utf8mb4 COLLATE=utf8mb4_unicode_ci;
/*!40101 SET character_set_client = @saved_cs_client */;

--
-- Dumping data for table `courses`
--

LOCK TABLES `courses` WRITE;
/*!40000 ALTER TABLE `courses` DISABLE KEYS */;
INSERT INTO `courses` (`id`, `slug`, `code`, `name`, `group`, `status`, `created_at`, `updated_at`, `deleted_at`) VALUES (1,'bahasa-indonesia-KxLJs','BIND','Bahasa Indonesia','A',1,'2023-05-16 07:57:57','2023-06-29 05:48:11','2023-06-29 05:48:11'),(2,'pendidikan-agama-islam-dan-budi-pekerti-TSkHB','PAIBP','Pendidikan Agama Islam dan Budi Pekerti','Intrakurikuler',1,'2023-05-16 07:58:22','2023-06-30 07:26:42',NULL),(3,'matematika-oEwvR','MTK','Matematika','A',1,'2023-05-16 07:58:35','2023-06-29 05:49:19','2023-06-29 05:49:19'),(4,'bhs-inggris-D4KLL','BING','Bhs. Inggris','A',1,'2023-05-16 07:59:31','2023-06-29 05:49:11','2023-06-29 05:49:11'),(5,'fisika-0yQpr','FIS','Fisika','a',1,'2023-05-24 04:57:53','2023-06-28 09:35:11','2023-06-28 09:35:11'),(6,'bilogi-AJ3hW','bio','bilogi','a',1,'2023-05-24 06:44:50','2023-06-28 09:36:06','2023-06-28 09:36:06'),(7,'sejarah-O3NLp','Sjr','sejarah','a',1,'2023-05-25 03:19:02','2023-06-28 10:26:52','2023-06-28 10:26:52'),(8,'pendidikan-agama-islam-EcQce','(PAI)','Pendidikan Agama Islam','0',1,'2023-06-20 10:33:34','2023-06-29 05:49:01','2023-06-29 05:49:01'),(9,'ilmu-pengetahuan-alam-dan-sosial-g4ygw','(IPAS)','Ilmu Pengetahuan Alam dan Sosial','Kokurikuler',1,'2023-06-22 13:58:21','2023-06-29 05:48:52','2023-06-29 05:48:52'),(10,'seni-dan-budaya-lXOj2','(SB)','Seni dan Budaya','0',1,'2023-06-22 13:59:20','2023-06-29 05:48:43','2023-06-29 05:48:43'),(11,'bahasa-indonesia-kelas-2-TXSvT','2.4','Bahasa Indonesia Kelas 2','.Kokurikuler',1,'2023-06-24 10:59:56','2023-06-29 05:47:22','2023-06-29 05:47:22'),(12,'ppkn-2i35Z','2','PPKn','Kokurikuler',1,'2023-06-28 06:26:24','2023-06-29 05:48:34','2023-06-29 05:48:34'),(13,'penjasorkes-62DZB','6','Penjasorkes','Kokurikuler',1,'2023-06-28 06:35:57','2023-06-29 05:48:24','2023-06-29 05:48:24'),(14,'pendidikan-pancasila-m9mdG','2','Pendidikan Pancasila','Intrakurikuler',1,'2023-06-30 07:22:10','2023-06-30 07:22:10',NULL),(15,'bahasa-indonesia-uT3BE','3','Bahasa Indonesia','Intrakurikuler',1,'2023-06-30 07:26:16','2023-06-30 07:26:57',NULL),(16,'matematika-JBipP','4','Matematika','Intrakurikuler',1,'2023-06-30 07:28:23','2023-06-30 07:28:23',NULL),(17,'ilmu-pengetahuan-alam-dan-sosial-o4mJP','5','Ilmu Pengetahuan Alam dan Sosial','Intrakurikuler',1,'2023-06-30 07:29:46','2023-06-30 07:29:46',NULL),(18,'pendidikan-jasmani-olahraga-dan-kesehatan-DWBj8','6','Pendidikan Jasmani Olahraga dan Kesehatan','Intrakurikuler',1,'2023-06-30 07:32:36','2023-06-30 07:32:36',NULL),(19,'sbdp-tzjUe','7','SBdP','Intrakurikuler',1,'2023-06-30 07:36:01','2023-07-01 10:33:43',NULL),(20,'ilmu-pengetahuan-alam-Lxz2Q','5a','Ilmu Pengetahuan Alam','Intrakurikuler',1,'2023-06-30 07:38:40','2023-06-30 07:38:40',NULL),(21,'ilmu-pengetahuan-sosial-l2G8r','5b','Ilmu Pengetahuan Sosial','Intrakurikuler',1,'2023-06-30 07:40:12','2023-06-30 07:40:12',NULL),(22,'bahasa-jawa-2QDPF','8','Bahasa Jawa','Mulok',1,'2023-07-01 09:55:11','2023-07-01 09:55:11',NULL),(23,'bahasa-inggris-y94J4','9','Bahasa Inggris','Mulok',1,'2023-07-01 09:58:11','2023-07-01 10:00:11','2023-07-01 10:00:11'),(24,'bahasa-inggris-SSIV6','9','Bahasa Inggris','Mulok',1,'2023-07-01 10:00:41','2023-07-01 10:00:41',NULL),(25,'tik-eYklj','10','TIK','Mulok',1,'2023-07-01 10:04:18','2023-07-01 10:04:18',NULL),(26,'seni-rupa-dw7u3','7a','Seni Rupa','Intrakurikuler',1,'2023-07-01 10:35:12','2023-07-01 10:35:12',NULL),(27,'seni-musik-LJwvo','7b','Seni Musik','Intrakurikuler',1,'2023-07-01 10:38:03','2023-07-01 10:38:03',NULL);
/*!40000 ALTER TABLE `courses` ENABLE KEYS */;
UNLOCK TABLES;

--
-- Table structure for table `covers`
--

DROP TABLE IF EXISTS `covers`;
/*!40101 SET @saved_cs_client     = @@character_set_client */;
/*!50503 SET character_set_client = utf8mb4 */;
CREATE TABLE `covers` (
  `id` int unsigned NOT NULL AUTO_INCREMENT,
  `slug` varchar(255) COLLATE utf8mb4_unicode_ci DEFAULT NULL,
  `title` varchar(255) COLLATE utf8mb4_unicode_ci DEFAULT NULL,
  `sub_title` varchar(255) COLLATE utf8mb4_unicode_ci DEFAULT NULL,
  `footer` varchar(255) COLLATE utf8mb4_unicode_ci DEFAULT NULL,
  `instruction` text COLLATE utf8mb4_unicode_ci,
  `top_logo` varchar(255) COLLATE utf8mb4_unicode_ci DEFAULT NULL,
  `middle_logo` varchar(255) COLLATE utf8mb4_unicode_ci DEFAULT NULL,
  `id_school_year` int unsigned NOT NULL,
  `status` tinyint NOT NULL DEFAULT '1',
  `created_at` timestamp NULL DEFAULT NULL,
  `updated_at` timestamp NULL DEFAULT NULL,
  `deleted_at` timestamp NULL DEFAULT NULL,
  PRIMARY KEY (`id`),
  KEY `covers_id_school_year_foreign` (`id_school_year`),
  CONSTRAINT `covers_id_school_year_foreign` FOREIGN KEY (`id_school_year`) REFERENCES `school_years` (`id`) ON DELETE CASCADE
) ENGINE=InnoDB AUTO_INCREMENT=3 DEFAULT CHARSET=utf8mb4 COLLATE=utf8mb4_unicode_ci;
/*!40101 SET character_set_client = @saved_cs_client */;

--
-- Dumping data for table `covers`
--

LOCK TABLES `covers` WRITE;
/*!40000 ALTER TABLE `covers` DISABLE KEYS */;
INSERT INTO `covers` (`id`, `slug`, `title`, `sub_title`, `footer`, `instruction`, `top_logo`, `middle_logo`, `id_school_year`, `status`, `created_at`, `updated_at`, `deleted_at`) VALUES (1,NULL,'PENGUMUMAN HASIL PENILAIAN AKHIRSEMESTER','SD NEGRI 1 KALIBAGOR','DINAS PENDIDIKAN, KEPEMUDAAN DAN OLAHRAGA','<p><br></p>','cover/20230523072251.png','cover/20230523072235.png',3,1,'2023-05-23 07:22:05','2023-06-01 12:07:38',NULL),(2,NULL,NULL,'SD NEGERI  1 KALIBAGOR','DINAS PENDIDIKAN, KEPEMUDAAN DAN OLAHRAGA',NULL,'cover/20230704195152VtozR.png','cover/20230704195154tyK2N.png',1,1,'2023-07-04 19:51:55','2023-07-04 19:51:55',NULL);
/*!40000 ALTER TABLE `covers` ENABLE KEYS */;
UNLOCK TABLES;

--
-- Table structure for table `description_competences`
--

DROP TABLE IF EXISTS `description_competences`;
/*!40101 SET @saved_cs_client     = @@character_set_client */;
/*!50503 SET character_set_client = utf8mb4 */;
CREATE TABLE `description_competences` (
  `id` tinyint unsigned NOT NULL AUTO_INCREMENT,
  `slug` varchar(255) COLLATE utf8mb4_unicode_ci DEFAULT NULL,
  `criteria` varchar(255) COLLATE utf8mb4_unicode_ci DEFAULT NULL,
  `description` text COLLATE utf8mb4_unicode_ci,
  `status` tinyint NOT NULL DEFAULT '1',
  `created_at` timestamp NULL DEFAULT NULL,
  `updated_at` timestamp NULL DEFAULT NULL,
  `deleted_at` timestamp NULL DEFAULT NULL,
  PRIMARY KEY (`id`)
) ENGINE=InnoDB AUTO_INCREMENT=4 DEFAULT CHARSET=utf8mb4 COLLATE=utf8mb4_unicode_ci;
/*!40101 SET character_set_client = @saved_cs_client */;

--
-- Dumping data for table `description_competences`
--

LOCK TABLES `description_competences` WRITE;
/*!40000 ALTER TABLE `description_competences` DISABLE KEYS */;
INSERT INTO `description_competences` (`id`, `slug`, `criteria`, `description`, `status`, `created_at`, `updated_at`, `deleted_at`) VALUES (1,NULL,'sudah tercapai','Menunjukan Penguasaan dalam',1,'2023-05-24 04:00:40','2023-05-25 03:55:12',NULL),(2,NULL,'belum tercapai','Perlu Bimbingan dalam',1,'2023-05-24 04:00:40','2023-05-25 03:55:12',NULL),(3,NULL,'Cukup','Menunjukkan penguasaan dalam',1,'2023-05-24 06:36:18','2023-05-24 07:42:19','2023-05-24 07:42:19');
/*!40000 ALTER TABLE `description_competences` ENABLE KEYS */;
UNLOCK TABLES;

--
-- Table structure for table `dimensions`
--

DROP TABLE IF EXISTS `dimensions`;
/*!40101 SET @saved_cs_client     = @@character_set_client */;
/*!50503 SET character_set_client = utf8mb4 */;
CREATE TABLE `dimensions` (
  `id` int unsigned NOT NULL AUTO_INCREMENT,
  `slug` varchar(255) COLLATE utf8mb4_unicode_ci DEFAULT NULL,
  `name` varchar(255) COLLATE utf8mb4_unicode_ci DEFAULT NULL,
  `status` tinyint NOT NULL DEFAULT '1',
  `created_at` timestamp NULL DEFAULT NULL,
  `updated_at` timestamp NULL DEFAULT NULL,
  `deleted_at` timestamp NULL DEFAULT NULL,
  PRIMARY KEY (`id`)
) ENGINE=InnoDB AUTO_INCREMENT=7 DEFAULT CHARSET=utf8mb4 COLLATE=utf8mb4_unicode_ci;
/*!40101 SET character_set_client = @saved_cs_client */;

--
-- Dumping data for table `dimensions`
--

LOCK TABLES `dimensions` WRITE;
/*!40000 ALTER TABLE `dimensions` DISABLE KEYS */;
INSERT INTO `dimensions` (`id`, `slug`, `name`, `status`, `created_at`, `updated_at`, `deleted_at`) VALUES (1,'beriman-bertakwa-kepada-tuhan-yang-maha-esa-dan-berakhlak-mulia','beriman, bertakwa kepada Tuhan Yang Maha Esa, dan berakhlak mulia',1,NULL,NULL,NULL),(2,'mandiri','mandiri',1,NULL,NULL,NULL),(3,'bergotong-royong','bergotong-royong',1,NULL,NULL,NULL),(4,'berkebinekaan-global','berkebinekaan global',1,NULL,NULL,NULL),(5,'bernalar-kritis','bernalar kritis',1,NULL,NULL,NULL),(6,'kreatif','kreatif',1,NULL,NULL,NULL);
/*!40000 ALTER TABLE `dimensions` ENABLE KEYS */;
UNLOCK TABLES;

--
-- Table structure for table `elements`
--

DROP TABLE IF EXISTS `elements`;
/*!40101 SET @saved_cs_client     = @@character_set_client */;
/*!50503 SET character_set_client = utf8mb4 */;
CREATE TABLE `elements` (
  `id` int unsigned NOT NULL AUTO_INCREMENT,
  `slug` varchar(255) CHARACTER SET utf8mb4 COLLATE utf8mb4_unicode_ci DEFAULT NULL,
  `name` varchar(255) CHARACTER SET utf8mb4 COLLATE utf8mb4_unicode_ci DEFAULT NULL,
  `id_dimension` int unsigned NOT NULL,
  `status` tinyint NOT NULL DEFAULT '1',
  `created_at` timestamp NULL DEFAULT NULL,
  `updated_at` timestamp NULL DEFAULT NULL,
  `deleted_at` timestamp NULL DEFAULT NULL,
  PRIMARY KEY (`id`),
  KEY `elements_id_dimension_foreign` (`id_dimension`)
) ENGINE=InnoDB AUTO_INCREMENT=41 DEFAULT CHARSET=utf8mb4 COLLATE=utf8mb4_unicode_ci;
/*!40101 SET character_set_client = @saved_cs_client */;

--
-- Dumping data for table `elements`
--

LOCK TABLES `elements` WRITE;
/*!40000 ALTER TABLE `elements` DISABLE KEYS */;
INSERT INTO `elements` (`id`, `slug`, `name`, `id_dimension`, `status`, `created_at`, `updated_at`, `deleted_at`) VALUES (1,'akhlak-beragama','akhlak beragama',1,1,NULL,NULL,NULL),(2,'akhlak-pribadi','akhlak pribadi',1,1,NULL,NULL,NULL),(3,'akhlak-kepada-manusia','akhlak kepada manusia',1,1,NULL,NULL,NULL),(4,'akhlak-kepada-alam','akhlak kepada alam',1,1,NULL,NULL,NULL),(5,'akhlak-bernegara','akhlak bernegara',1,1,NULL,NULL,NULL),(6,'pemahaman-diri-dan-situasi-yang-dihadapi','Pemahaman diri dan situasi yang dihadapi',2,1,NULL,NULL,NULL),(7,'regulasi-diri','Regulasi diri',2,1,NULL,NULL,NULL),(8,'kolaborasi','kolaborasi',3,1,NULL,NULL,NULL),(9,'kepedulian','kepedulian',3,1,NULL,NULL,NULL),(10,'berbagi','berbagi',3,1,NULL,NULL,NULL),(11,'mengenal-dan-menghargai-budaya','mengenal dan menghargai budaya',4,1,NULL,NULL,NULL),(12,'komunikasi-dan-interaksi-antar-budaya','Komunikasi dan interaksi antar budaya',4,1,NULL,NULL,NULL),(13,'refleksi-dan-tanggung-jawab-terhadap-pengalaman-kebinekaan','refleksi dan tanggung jawab terhadap pengalaman kebinekaan',4,1,NULL,NULL,NULL),(14,'berkeadilan-sosial','Berkeadilan Sosial',4,1,NULL,NULL,NULL),(15,'memperoleh-dan-memproses-informasi-dan-gagasan','Memperoleh dan memproses informasi dan gagasan',5,1,NULL,NULL,NULL),(16,'menganalisis-dan-mengevaluasi-penalaran','Menganalisis dan mengevaluasi penalaran',5,1,NULL,NULL,NULL),(17,'merefleksi-dan-mengevaluasi-pemikirannya-sendiri','Merefleksi dan mengevaluasi pemikirannya sendiri',5,1,NULL,NULL,NULL),(18,'menghasilkan-gagasan-yang-orisinal','Menghasilkan gagasan yang orisinal',6,1,NULL,NULL,NULL),(19,'menghasilkan-karya-dan-tindakan-yang-orisinal','Menghasilkan karya dan tindakan yang orisinal',6,1,NULL,NULL,NULL),(20,'memiliki-keluwesan-berpikir-dalam-mencari-alternatif-solusi-permasalahan','Memiliki keluwesan berpikir dalam mencari alternatif solusi permasalahan',6,1,NULL,NULL,NULL),(21,'akhlak-beragama','akhlak beragama',1,1,NULL,NULL,NULL),(22,'akhlak-pribadi','akhlak pribadi',1,1,NULL,NULL,NULL),(23,'akhlak-kepada-manusia','akhlak kepada manusia',1,1,NULL,NULL,NULL),(24,'akhlak-kepada-alam','akhlak kepada alam',1,1,NULL,NULL,NULL),(25,'akhlak-bernegara','akhlak bernegara',1,1,NULL,NULL,NULL),(26,'pemahaman-diri-dan-situasi-yang-dihadapi','Pemahaman diri dan situasi yang dihadapi',2,1,NULL,NULL,NULL),(27,'regulasi-diri','Regulasi diri',2,1,NULL,NULL,NULL),(28,'kolaborasi','kolaborasi',3,1,NULL,NULL,NULL),(29,'kepedulian','kepedulian',3,1,NULL,NULL,NULL),(30,'berbagi','berbagi',3,1,NULL,NULL,NULL),(31,'mengenal-dan-menghargai-budaya','mengenal dan menghargai budaya',4,1,NULL,NULL,NULL),(32,'komunikasi-dan-interaksi-antar-budaya','Komunikasi dan interaksi antar budaya',4,1,NULL,NULL,NULL),(33,'refleksi-dan-tanggung-jawab-terhadap-pengalaman-kebinekaan','refleksi dan tanggung jawab terhadap pengalaman kebinekaan',4,1,NULL,NULL,NULL),(34,'berkeadilan-sosial','Berkeadilan Sosial',4,1,NULL,NULL,NULL),(35,'memperoleh-dan-memproses-informasi-dan-gagasan','Memperoleh dan memproses informasi dan gagasan',5,1,NULL,NULL,NULL),(36,'menganalisis-dan-mengevaluasi-penalaran','Menganalisis dan mengevaluasi penalaran',5,1,NULL,NULL,NULL),(37,'merefleksi-dan-mengevaluasi-pemikirannya-sendiri','Merefleksi dan mengevaluasi pemikirannya sendiri',5,1,NULL,NULL,NULL),(38,'menghasilkan-gagasan-yang-orisinal','Menghasilkan gagasan yang orisinal',6,1,NULL,NULL,NULL),(39,'menghasilkan-karya-dan-tindakan-yang-orisinal','Menghasilkan karya dan tindakan yang orisinal',6,1,NULL,NULL,NULL),(40,'memiliki-keluwesan-berpikir-dalam-mencari-alternatif-solusi-permasalahan','Memiliki keluwesan berpikir dalam mencari alternatif solusi permasalahan',6,1,NULL,NULL,NULL);
/*!40000 ALTER TABLE `elements` ENABLE KEYS */;
UNLOCK TABLES;

--
-- Table structure for table `extracurriculars`
--

DROP TABLE IF EXISTS `extracurriculars`;
/*!40101 SET @saved_cs_client     = @@character_set_client */;
/*!50503 SET character_set_client = utf8mb4 */;
CREATE TABLE `extracurriculars` (
  `id` int unsigned NOT NULL AUTO_INCREMENT,
  `slug` varchar(255) COLLATE utf8mb4_unicode_ci DEFAULT NULL,
  `name` varchar(255) COLLATE utf8mb4_unicode_ci DEFAULT NULL,
  `person_responsible` varchar(255) COLLATE utf8mb4_unicode_ci DEFAULT NULL,
  `student_classes` json DEFAULT NULL,
  `status` tinyint NOT NULL DEFAULT '1',
  `created_at` timestamp NULL DEFAULT NULL,
  `updated_at` timestamp NULL DEFAULT NULL,
  `deleted_at` timestamp NULL DEFAULT NULL,
  PRIMARY KEY (`id`)
) ENGINE=InnoDB AUTO_INCREMENT=9 DEFAULT CHARSET=utf8mb4 COLLATE=utf8mb4_unicode_ci;
/*!40101 SET character_set_client = @saved_cs_client */;

--
-- Dumping data for table `extracurriculars`
--

LOCK TABLES `extracurriculars` WRITE;
/*!40000 ALTER TABLE `extracurriculars` DISABLE KEYS */;
INSERT INTO `extracurriculars` (`id`, `slug`, `name`, `person_responsible`, `student_classes`, `status`, `created_at`, `updated_at`, `deleted_at`) VALUES (1,'tes','tes',NULL,NULL,1,NULL,'2023-05-23 08:46:08','2023-05-23 08:46:08'),(2,'sepak-bola-97yJz','Sepak Bola','bpk. sujarwadi',NULL,1,'2023-05-23 08:46:27','2023-07-01 10:05:36','2023-07-01 10:05:36'),(3,'futsal-ocnja','futsal','bpk. sangadji',NULL,1,'2023-05-23 08:46:45','2023-07-01 10:05:41','2023-07-01 10:05:41'),(4,'jurnalis-y357J','Jurnalis','agus suanto',NULL,1,'2023-05-24 04:21:27','2023-07-01 10:05:46','2023-07-01 10:05:46'),(5,'pramuka-33aRX','Pramuka','Chomsatun',NULL,1,'2023-07-01 10:07:02','2023-07-01 10:26:20',NULL),(6,'pencak-silat-fvmZO','Pencak Silat','Ratino, S.Pd.',NULL,1,'2023-07-01 10:07:23','2023-07-01 10:07:23',NULL),(7,'seni-islami-iYUzy','Seni Islami','M.Syaefudin Bashori, S.Pd.I.',NULL,1,'2023-07-01 10:07:49','2023-07-01 10:07:49',NULL),(8,'tik-MVaLs','TIK','Fenty Wakhidayah, S. Pd',NULL,1,'2023-07-01 10:08:24','2023-07-01 10:08:24',NULL);
/*!40000 ALTER TABLE `extracurriculars` ENABLE KEYS */;
UNLOCK TABLES;

--
-- Table structure for table `failed_jobs`
--

DROP TABLE IF EXISTS `failed_jobs`;
/*!40101 SET @saved_cs_client     = @@character_set_client */;
/*!50503 SET character_set_client = utf8mb4 */;
CREATE TABLE `failed_jobs` (
  `id` bigint unsigned NOT NULL AUTO_INCREMENT,
  `uuid` varchar(255) COLLATE utf8mb4_unicode_ci NOT NULL,
  `connection` text COLLATE utf8mb4_unicode_ci NOT NULL,
  `queue` text COLLATE utf8mb4_unicode_ci NOT NULL,
  `payload` longtext COLLATE utf8mb4_unicode_ci NOT NULL,
  `exception` longtext COLLATE utf8mb4_unicode_ci NOT NULL,
  `failed_at` timestamp NOT NULL DEFAULT CURRENT_TIMESTAMP,
  PRIMARY KEY (`id`),
  UNIQUE KEY `failed_jobs_uuid_unique` (`uuid`)
) ENGINE=InnoDB DEFAULT CHARSET=utf8mb4 COLLATE=utf8mb4_unicode_ci;
/*!40101 SET character_set_client = @saved_cs_client */;

--
-- Dumping data for table `failed_jobs`
--

LOCK TABLES `failed_jobs` WRITE;
/*!40000 ALTER TABLE `failed_jobs` DISABLE KEYS */;
/*!40000 ALTER TABLE `failed_jobs` ENABLE KEYS */;
UNLOCK TABLES;

--
-- Table structure for table `general_weightings`
--

DROP TABLE IF EXISTS `general_weightings`;
/*!40101 SET @saved_cs_client     = @@character_set_client */;
/*!50503 SET character_set_client = utf8mb4 */;
CREATE TABLE `general_weightings` (
  `id` int unsigned NOT NULL AUTO_INCREMENT,
  `slug` varchar(255) COLLATE utf8mb4_unicode_ci DEFAULT NULL,
  `type` enum('uts','uas') COLLATE utf8mb4_unicode_ci NOT NULL,
  `id_teacher` int unsigned NOT NULL,
  `id_course` int unsigned NOT NULL,
  `id_study_class` int unsigned NOT NULL,
  `id_school_year` int unsigned NOT NULL,
  `score_weight` int DEFAULT NULL,
  `uts_weight` int DEFAULT NULL,
  `uas_weight` int DEFAULT NULL,
  `status` tinyint NOT NULL DEFAULT '1',
  `created_at` timestamp NULL DEFAULT NULL,
  `updated_at` timestamp NULL DEFAULT NULL,
  `deleted_at` timestamp NULL DEFAULT NULL,
  PRIMARY KEY (`id`),
  KEY `general_weightings_id_teacher_foreign` (`id_teacher`),
  KEY `general_weightings_id_course_foreign` (`id_course`),
  KEY `general_weightings_id_study_class_foreign` (`id_study_class`),
  KEY `general_weightings_id_school_year_foreign` (`id_school_year`),
  CONSTRAINT `general_weightings_id_course_foreign` FOREIGN KEY (`id_course`) REFERENCES `courses` (`id`) ON DELETE CASCADE,
  CONSTRAINT `general_weightings_id_school_year_foreign` FOREIGN KEY (`id_school_year`) REFERENCES `school_years` (`id`) ON DELETE CASCADE,
  CONSTRAINT `general_weightings_id_study_class_foreign` FOREIGN KEY (`id_study_class`) REFERENCES `study_classes` (`id`) ON DELETE CASCADE,
  CONSTRAINT `general_weightings_id_teacher_foreign` FOREIGN KEY (`id_teacher`) REFERENCES `teachers` (`id`) ON DELETE CASCADE
) ENGINE=InnoDB AUTO_INCREMENT=26 DEFAULT CHARSET=utf8mb4 COLLATE=utf8mb4_unicode_ci;
/*!40101 SET character_set_client = @saved_cs_client */;

--
-- Dumping data for table `general_weightings`
--

LOCK TABLES `general_weightings` WRITE;
/*!40000 ALTER TABLE `general_weightings` DISABLE KEYS */;
INSERT INTO `general_weightings` (`id`, `slug`, `type`, `id_teacher`, `id_course`, `id_study_class`, `id_school_year`, `score_weight`, `uts_weight`, `uas_weight`, `status`, `created_at`, `updated_at`, `deleted_at`) VALUES (1,NULL,'uas',2,1,1,3,30,30,40,1,'2023-05-23 07:24:30','2023-06-29 05:48:11','2023-06-29 05:48:11'),(2,NULL,'uas',2,2,1,3,30,30,40,1,'2023-05-23 07:24:30','2023-05-23 07:24:30',NULL),(3,NULL,'uas',9,3,1,3,30,30,40,1,'2023-05-23 07:24:30','2023-06-29 05:49:19','2023-06-29 05:49:19'),(4,NULL,'uts',2,1,1,3,60,40,NULL,1,'2023-05-23 07:25:18','2023-06-29 05:48:11','2023-06-29 05:48:11'),(5,NULL,'uts',2,2,1,3,60,40,NULL,1,'2023-05-23 07:25:18','2023-05-24 08:35:52',NULL),(6,NULL,'uts',9,3,1,3,60,40,NULL,1,'2023-05-23 07:25:18','2023-06-29 05:49:19','2023-06-29 05:49:19'),(7,NULL,'uas',4,1,3,3,40,30,30,1,'2023-05-24 08:23:10','2023-06-29 05:48:11','2023-06-29 05:48:11'),(8,NULL,'uas',4,2,3,3,40,30,30,1,'2023-05-24 08:23:10','2023-05-24 08:23:10',NULL),(9,NULL,'uas',9,3,3,3,40,30,30,1,'2023-05-24 08:23:10','2023-06-29 05:49:19','2023-06-29 05:49:19'),(10,NULL,'uts',4,1,3,3,10,90,NULL,1,'2023-05-24 08:23:48','2023-06-29 05:48:11','2023-06-29 05:48:11'),(11,NULL,'uts',4,2,3,3,10,90,NULL,1,'2023-05-24 08:23:48','2023-05-24 08:30:05',NULL),(12,NULL,'uts',9,3,3,3,10,90,NULL,1,'2023-05-24 08:23:48','2023-06-29 05:49:19','2023-06-29 05:49:19'),(13,NULL,'uas',17,1,6,3,40,30,30,1,'2023-06-25 15:07:46','2023-06-29 05:48:11','2023-06-29 05:48:11'),(14,NULL,'uas',17,3,6,3,40,30,30,1,'2023-06-25 15:07:46','2023-06-29 05:49:19','2023-06-29 05:49:19'),(15,NULL,'uas',17,7,6,3,40,30,30,1,'2023-06-25 15:07:46','2023-06-25 15:07:46',NULL),(16,NULL,'uas',16,4,6,3,40,30,30,1,'2023-06-25 15:07:46','2023-06-29 05:49:11','2023-06-29 05:49:11'),(17,NULL,'uas',14,8,6,3,40,30,30,1,'2023-06-25 15:07:46','2023-06-29 05:49:01','2023-06-29 05:49:01'),(18,NULL,'uas',14,2,6,3,40,30,30,1,'2023-06-25 15:07:46','2023-06-25 15:07:46',NULL),(19,NULL,'uas',14,2,3,1,40,30,30,1,'2023-07-01 10:58:42','2023-07-01 10:58:42',NULL),(20,NULL,'uas',12,14,3,1,40,40,30,1,'2023-07-01 10:58:42','2023-07-01 10:58:42',NULL),(21,NULL,'uas',12,15,3,1,40,40,30,1,'2023-07-01 10:58:42','2023-07-01 10:58:42',NULL),(22,NULL,'uas',12,16,3,1,40,30,30,1,'2023-07-01 10:58:42','2023-07-01 10:58:42',NULL),(23,NULL,'uas',16,18,3,1,40,30,30,1,'2023-07-01 10:58:42','2023-07-01 10:58:42',NULL),(24,NULL,'uas',12,19,3,1,40,30,30,1,'2023-07-01 10:58:42','2023-07-01 10:58:42',NULL),(25,NULL,'uas',12,22,3,1,40,30,30,1,'2023-07-01 10:58:42','2023-07-01 10:58:42',NULL);
/*!40000 ALTER TABLE `general_weightings` ENABLE KEYS */;
UNLOCK TABLES;

--
-- Table structure for table `kkms`
--

DROP TABLE IF EXISTS `kkms`;
/*!40101 SET @saved_cs_client     = @@character_set_client */;
/*!50503 SET character_set_client = utf8mb4 */;
CREATE TABLE `kkms` (
  `id` int unsigned NOT NULL AUTO_INCREMENT,
  `slug` varchar(255) COLLATE utf8mb4_unicode_ci DEFAULT NULL,
  `id_study_class` int unsigned DEFAULT NULL,
  `id_course` int unsigned DEFAULT NULL,
  `score` int DEFAULT NULL,
  `id_school_year` int unsigned DEFAULT NULL,
  `status` tinyint NOT NULL DEFAULT '1',
  `created_at` timestamp NULL DEFAULT NULL,
  `updated_at` timestamp NULL DEFAULT NULL,
  `deleted_at` timestamp NULL DEFAULT NULL,
  PRIMARY KEY (`id`),
  KEY `kkms_id_study_class_foreign` (`id_study_class`),
  KEY `kkms_id_course_foreign` (`id_course`),
  KEY `kkms_id_school_year_foreign` (`id_school_year`),
  CONSTRAINT `kkms_id_course_foreign` FOREIGN KEY (`id_course`) REFERENCES `courses` (`id`) ON DELETE CASCADE,
  CONSTRAINT `kkms_id_school_year_foreign` FOREIGN KEY (`id_school_year`) REFERENCES `school_years` (`id`) ON DELETE CASCADE,
  CONSTRAINT `kkms_id_study_class_foreign` FOREIGN KEY (`id_study_class`) REFERENCES `study_classes` (`id`) ON DELETE CASCADE
) ENGINE=InnoDB AUTO_INCREMENT=25 DEFAULT CHARSET=utf8mb4 COLLATE=utf8mb4_unicode_ci;
/*!40101 SET character_set_client = @saved_cs_client */;

--
-- Dumping data for table `kkms`
--

LOCK TABLES `kkms` WRITE;
/*!40000 ALTER TABLE `kkms` DISABLE KEYS */;
INSERT INTO `kkms` (`id`, `slug`, `id_study_class`, `id_course`, `score`, `id_school_year`, `status`, `created_at`, `updated_at`, `deleted_at`) VALUES (1,NULL,3,1,70,3,1,'2023-05-25 03:43:48','2023-06-29 05:48:11','2023-06-29 05:48:11'),(2,NULL,3,2,70,3,1,'2023-05-25 03:43:48','2023-05-25 03:43:48',NULL),(3,NULL,3,3,70,3,1,'2023-05-25 03:43:48','2023-06-29 05:49:19','2023-06-29 05:49:19'),(4,NULL,6,1,75,3,1,'2023-06-25 15:04:57','2023-06-29 05:48:11','2023-06-29 05:48:11'),(5,NULL,6,3,75,3,1,'2023-06-25 15:04:57','2023-06-29 05:49:19','2023-06-29 05:49:19'),(6,NULL,6,7,75,3,1,'2023-06-25 15:04:57','2023-06-25 15:04:57',NULL),(7,NULL,6,4,75,3,1,'2023-06-25 15:04:57','2023-06-29 05:49:11','2023-06-29 05:49:11'),(8,NULL,6,8,75,3,1,'2023-06-25 15:04:57','2023-06-29 05:49:01','2023-06-29 05:49:01'),(9,NULL,3,2,75,1,1,'2023-07-01 10:57:01','2023-07-01 10:57:01',NULL),(10,NULL,3,14,75,1,1,'2023-07-01 10:57:01','2023-07-01 10:57:01',NULL),(11,NULL,3,15,70,1,1,'2023-07-01 10:57:01','2023-07-01 10:57:01',NULL),(12,NULL,3,16,70,1,1,'2023-07-01 10:57:01','2023-07-01 10:57:01',NULL),(13,NULL,3,18,75,1,1,'2023-07-01 10:57:01','2023-07-01 10:57:01',NULL),(14,NULL,3,19,75,1,1,'2023-07-01 10:57:01','2023-07-01 10:57:01',NULL),(15,NULL,3,22,70,1,1,'2023-07-01 10:57:01','2023-07-01 10:57:01',NULL),(16,NULL,6,2,75,1,1,'2023-07-01 10:57:30','2023-07-01 10:57:30',NULL),(17,NULL,6,14,75,1,1,'2023-07-01 10:57:30','2023-07-01 10:57:30',NULL),(18,NULL,6,15,70,1,1,'2023-07-01 10:57:30','2023-07-01 10:57:30',NULL),(19,NULL,6,16,70,1,1,'2023-07-01 10:57:30','2023-07-01 10:57:30',NULL),(20,NULL,6,18,75,1,1,'2023-07-01 10:57:30','2023-07-01 10:57:30',NULL),(21,NULL,6,19,75,1,1,'2023-07-01 10:57:30','2023-07-01 10:57:30',NULL),(22,NULL,6,20,70,1,1,'2023-07-01 10:57:30','2023-07-01 10:57:30',NULL),(23,NULL,6,21,70,1,1,'2023-07-01 10:57:30','2023-07-01 10:57:30',NULL),(24,NULL,6,22,70,1,1,'2023-07-01 10:57:30','2023-07-01 10:57:30',NULL);
/*!40000 ALTER TABLE `kkms` ENABLE KEYS */;
UNLOCK TABLES;

--
-- Table structure for table `letterheads`
--

DROP TABLE IF EXISTS `letterheads`;
/*!40101 SET @saved_cs_client     = @@character_set_client */;
/*!50503 SET character_set_client = utf8mb4 */;
CREATE TABLE `letterheads` (
  `id` int unsigned NOT NULL AUTO_INCREMENT,
  `slug` varchar(255) COLLATE utf8mb4_unicode_ci DEFAULT NULL,
  `text1` varchar(255) COLLATE utf8mb4_unicode_ci DEFAULT NULL,
  `text2` varchar(255) COLLATE utf8mb4_unicode_ci DEFAULT NULL,
  `text3` varchar(255) COLLATE utf8mb4_unicode_ci DEFAULT NULL,
  `text4` varchar(255) COLLATE utf8mb4_unicode_ci DEFAULT NULL,
  `text5` text COLLATE utf8mb4_unicode_ci,
  `left_logo` varchar(255) COLLATE utf8mb4_unicode_ci DEFAULT NULL,
  `right_logo` varchar(255) COLLATE utf8mb4_unicode_ci DEFAULT NULL,
  `status` tinyint NOT NULL DEFAULT '1',
  `created_at` timestamp NULL DEFAULT NULL,
  `updated_at` timestamp NULL DEFAULT NULL,
  `deleted_at` timestamp NULL DEFAULT NULL,
  PRIMARY KEY (`id`)
) ENGINE=InnoDB AUTO_INCREMENT=4 DEFAULT CHARSET=utf8mb4 COLLATE=utf8mb4_unicode_ci;
/*!40101 SET character_set_client = @saved_cs_client */;

--
-- Dumping data for table `letterheads`
--

LOCK TABLES `letterheads` WRITE;
/*!40000 ALTER TABLE `letterheads` DISABLE KEYS */;
INSERT INTO `letterheads` (`id`, `slug`, `text1`, `text2`, `text3`, `text4`, `text5`, `left_logo`, `right_logo`, `status`, `created_at`, `updated_at`, `deleted_at`) VALUES (1,NULL,'Pemerintah Kabupaten Kebumen','Dinas Pendidikan, Kepemudaan dan Olahraga','SD NEGERI 1 KALIBAGOR','xxx','Desa Kalibagor RT. 02 RW,02 Kebumen','letter_head/2023060916222859CuD.png','letter_head/20230525123134.png',1,'2023-05-22 07:35:08','2023-06-09 16:22:28',NULL),(2,NULL,'Pemerintah kabupaten Kebumen','Dinas Pendidikan, Kepemudaan dan Olahraga','SD NEGERI 1 KALIBAGOR','xxx','Alamat: Desa Kalibagor, RT. 02 RW. 02 Kebumen\r\nEmai: sdsatukalibagor@yahoo.co.id    web:www.sdn1kalibagorkbm.sch.id',NULL,NULL,1,'2023-05-25 04:19:07','2023-06-06 02:46:46',NULL),(3,NULL,'DINAS PENDIDIKAN DAN KEBUDAYAANs','SD NEGRI 1 KALIBAGORs','pemerintah kabupaten kebumens','xxxfdsaf','JL. RAYA NASIONAL III, KEBUMENs',NULL,NULL,1,'2023-06-06 02:30:03','2023-06-06 02:30:03',NULL);
/*!40000 ALTER TABLE `letterheads` ENABLE KEYS */;
UNLOCK TABLES;

--
-- Table structure for table `levels`
--

DROP TABLE IF EXISTS `levels`;
/*!40101 SET @saved_cs_client     = @@character_set_client */;
/*!50503 SET character_set_client = utf8mb4 */;
CREATE TABLE `levels` (
  `id` int unsigned NOT NULL AUTO_INCREMENT,
  `slug` varchar(255) COLLATE utf8mb4_unicode_ci DEFAULT NULL,
  `name` varchar(255) COLLATE utf8mb4_unicode_ci NOT NULL,
  `fase` varchar(255) COLLATE utf8mb4_unicode_ci NOT NULL,
  `status` tinyint NOT NULL DEFAULT '1',
  `created_at` timestamp NULL DEFAULT NULL,
  `updated_at` timestamp NULL DEFAULT NULL,
  `deleted_at` timestamp NULL DEFAULT NULL,
  PRIMARY KEY (`id`)
) ENGINE=InnoDB AUTO_INCREMENT=8 DEFAULT CHARSET=utf8mb4 COLLATE=utf8mb4_unicode_ci;
/*!40101 SET character_set_client = @saved_cs_client */;

--
-- Dumping data for table `levels`
--

LOCK TABLES `levels` WRITE;
/*!40000 ALTER TABLE `levels` DISABLE KEYS */;
INSERT INTO `levels` (`id`, `slug`, `name`, `fase`, `status`, `created_at`, `updated_at`, `deleted_at`) VALUES (1,'1-AQ0rb','1','A',1,'2023-05-16 07:29:09','2023-05-16 07:29:09',NULL),(2,'2-16HV3','2','A',1,'2023-05-16 07:29:20','2023-06-24 11:39:50',NULL),(3,'3-5jDGU','3','B',1,'2023-05-16 07:29:26','2023-05-16 07:29:26',NULL),(4,'4-aATo0','4','B',1,'2023-05-16 07:29:34','2023-05-16 07:29:34',NULL),(5,'5-iWaEp','5','C',1,'2023-05-16 07:29:41','2023-05-16 07:29:41',NULL),(6,'6-2L2eX','6','C',1,'2023-05-16 07:29:49','2023-05-16 07:29:49',NULL),(7,'10-WZBBU','10','E',1,'2023-07-10 10:23:22','2023-07-10 13:02:42','2023-07-10 13:02:42');
/*!40000 ALTER TABLE `levels` ENABLE KEYS */;
UNLOCK TABLES;

--
-- Table structure for table `majors`
--

DROP TABLE IF EXISTS `majors`;
/*!40101 SET @saved_cs_client     = @@character_set_client */;
/*!50503 SET character_set_client = utf8mb4 */;
CREATE TABLE `majors` (
  `id` int unsigned NOT NULL AUTO_INCREMENT,
  `slug` varchar(255) COLLATE utf8mb4_unicode_ci DEFAULT NULL,
  `name` varchar(255) COLLATE utf8mb4_unicode_ci NOT NULL,
  `status` tinyint NOT NULL DEFAULT '1',
  `created_at` timestamp NULL DEFAULT NULL,
  `updated_at` timestamp NULL DEFAULT NULL,
  `deleted_at` timestamp NULL DEFAULT NULL,
  PRIMARY KEY (`id`)
) ENGINE=InnoDB AUTO_INCREMENT=7 DEFAULT CHARSET=utf8mb4 COLLATE=utf8mb4_unicode_ci;
/*!40101 SET character_set_client = @saved_cs_client */;

--
-- Dumping data for table `majors`
--

LOCK TABLES `majors` WRITE;
/*!40000 ALTER TABLE `majors` DISABLE KEYS */;
INSERT INTO `majors` (`id`, `slug`, `name`, `status`, `created_at`, `updated_at`, `deleted_at`) VALUES (1,'2-9xTrz','2',1,'2023-05-16 07:28:56','2023-06-25 13:34:47',NULL),(2,'1-qkKlb','1',1,'2023-05-24 07:09:57','2023-05-24 07:09:57',NULL),(3,'3-EqyCh','3',1,'2023-05-24 07:10:07','2023-05-24 07:10:07',NULL),(4,'4-vVe7u','4',1,'2023-05-24 07:10:14','2023-05-24 07:10:14',NULL),(5,'5-RIga5','5',1,'2023-05-24 07:10:17','2023-05-24 07:10:17',NULL),(6,'6-B7Kzi','6',1,'2023-05-24 07:10:20','2023-05-24 07:10:20',NULL);
/*!40000 ALTER TABLE `majors` ENABLE KEYS */;
UNLOCK TABLES;

--
-- Table structure for table `migrations`
--

DROP TABLE IF EXISTS `migrations`;
/*!40101 SET @saved_cs_client     = @@character_set_client */;
/*!50503 SET character_set_client = utf8mb4 */;
CREATE TABLE `migrations` (
  `id` int unsigned NOT NULL AUTO_INCREMENT,
  `migration` varchar(255) COLLATE utf8mb4_unicode_ci NOT NULL,
  `batch` int NOT NULL,
  PRIMARY KEY (`id`)
) ENGINE=InnoDB AUTO_INCREMENT=47 DEFAULT CHARSET=utf8mb4 COLLATE=utf8mb4_unicode_ci;
/*!40101 SET character_set_client = @saved_cs_client */;

--
-- Dumping data for table `migrations`
--

LOCK TABLES `migrations` WRITE;
/*!40000 ALTER TABLE `migrations` DISABLE KEYS */;
INSERT INTO `migrations` (`id`, `migration`, `batch`) VALUES (1,'2014_10_12_100000_create_password_resets_table',1),(2,'2019_08_19_000000_create_failed_jobs_table',1),(3,'2019_12_14_000001_create_personal_access_tokens_table',1),(4,'2023_03_16_054436_create_admins_table',1),(5,'2023_03_26_142733_create_majors_table',1),(6,'2023_03_27_013342_create_school_years_table',1),(7,'2023_03_27_035133_create_levels_table',1),(8,'2023_03_27_044600_create_study_classes_table',1),(9,'2023_03_27_044601_create_users_table',1),(10,'2023_03_27_044602_create_parents_table',1),(11,'2023_03_27_044603_create_teachers_table',1),(12,'2023_03_27_075935_create_courses_table',1),(13,'2023_03_28_071607_create_subject_teachers_table',1),(14,'2023_03_30_075543_create_configs_table',1),(15,'2023_03_30_075559_create_covers_table',1),(16,'2023_03_31_040318_create_letterheads_table',1),(17,'2023_03_31_135434_create_dimensions_table',1),(18,'2023_03_31_140715_create_temas_table',1),(19,'2023_03_31_142146_create_p5_s_table',1),(20,'2023_03_31_142657_create_elements_table',1),(21,'2023_03_31_144148_create_sub_elements_table',1),(22,'2023_04_01_031743_create_student_classes_table',1),(23,'2023_04_02_155420_create_score_p5_s_table',1),(24,'2023_04_04_050228_create_type_competence_achievements_table',1),(25,'2023_04_04_051347_create_competence_achievements_table',1),(26,'2023_04_05_004651_create_description_competences_table',1),(27,'2023_04_05_023536_create_assesment_weightings_table',1),(28,'2023_04_05_065004_create_attitudes_table',1),(29,'2023_04_06_020238_create_extracurriculars_table',1),(30,'2023_04_06_061750_create_predicated_scores_table',1),(31,'2023_04_08_123340_create_pts_configurations_table',1),(32,'2023_04_08_143258_create_pas_configurations_table',1),(33,'2023_04_08_152453_create_kkms_table',1),(34,'2023_04_10_063724_create_template_configurations_table',1),(35,'2023_04_11_014135_create_score_merdekas_table',1),(36,'2023_04_13_011855_create_basic_competencies_table',1),(37,'2023_04_13_032749_create_score_kds_table',1),(38,'2023_04_13_061415_create_general_weightings_table',1),(39,'2023_04_14_060649_create_score_competencies_table',1),(40,'2023_04_15_044910_create_score_manuals_table',1),(41,'2023_04_17_031438_create_teacher_notes_table',1),(42,'2023_04_17_043734_create_achievements_table',1),(43,'2023_04_17_072545_create_attendance_scores_table',1),(44,'2023_04_17_153347_create_attitude_grades_table',1),(45,'2023_04_27_034907_create_score_extracurriculars_table',1),(46,'2023_05_09_061414_create_score_manual2s_table',1);
/*!40000 ALTER TABLE `migrations` ENABLE KEYS */;
UNLOCK TABLES;

--
-- Table structure for table `p5_s`
--

DROP TABLE IF EXISTS `p5_s`;
/*!40101 SET @saved_cs_client     = @@character_set_client */;
/*!50503 SET character_set_client = utf8mb4 */;
CREATE TABLE `p5_s` (
  `id` int unsigned NOT NULL AUTO_INCREMENT,
  `slug` varchar(255) COLLATE utf8mb4_unicode_ci DEFAULT NULL,
  `title` varchar(255) COLLATE utf8mb4_unicode_ci NOT NULL,
  `id_tema` int unsigned NOT NULL,
  `id_subject_teacher` bigint unsigned NOT NULL,
  `id_study_class` int unsigned NOT NULL,
  `description` text COLLATE utf8mb4_unicode_ci,
  `sub_element` json DEFAULT NULL,
  `status` tinyint NOT NULL DEFAULT '1',
  `created_at` timestamp NULL DEFAULT NULL,
  `updated_at` timestamp NULL DEFAULT NULL,
  `deleted_at` timestamp NULL DEFAULT NULL,
  PRIMARY KEY (`id`),
  KEY `p5_s_id_tema_foreign` (`id_tema`),
  KEY `p5_s_id_subject_teacher_foreign` (`id_subject_teacher`),
  KEY `p5_s_id_study_class_foreign` (`id_study_class`),
  CONSTRAINT `p5_s_id_study_class_foreign` FOREIGN KEY (`id_study_class`) REFERENCES `study_classes` (`id`) ON DELETE CASCADE,
  CONSTRAINT `p5_s_id_subject_teacher_foreign` FOREIGN KEY (`id_subject_teacher`) REFERENCES `subject_teachers` (`id`) ON DELETE CASCADE,
  CONSTRAINT `p5_s_id_tema_foreign` FOREIGN KEY (`id_tema`) REFERENCES `temas` (`id`) ON DELETE CASCADE
) ENGINE=InnoDB AUTO_INCREMENT=3 DEFAULT CHARSET=utf8mb4 COLLATE=utf8mb4_unicode_ci;
/*!40101 SET character_set_client = @saved_cs_client */;

--
-- Dumping data for table `p5_s`
--

LOCK TABLES `p5_s` WRITE;
/*!40000 ALTER TABLE `p5_s` DISABLE KEYS */;
INSERT INTO `p5_s` (`id`, `slug`, `title`, `id_tema`, `id_subject_teacher`, `id_study_class`, `description`, `sub_element`, `status`, `created_at`, `updated_at`, `deleted_at`) VALUES (1,'hmj-lCkYL','hmj',1,1,1,'ghj','[{\"id_dimension\": \"1\", \"id_sub_element\": \"1\"}, {\"id_dimension\": \"2\", \"id_sub_element\": \"12\"}, {\"id_dimension\": \"5\", \"id_sub_element\": \"36\"}]',1,'2023-05-24 07:14:41','2023-05-27 08:31:01','2023-05-27 08:31:01'),(2,'menjual-sempol-8SZhk','menjual sempol',7,1,1,'proyek jualan sempol','[{\"id_dimension\": \"1\", \"id_sub_element\": \"1\"}, {\"id_dimension\": \"2\", \"id_sub_element\": \"11\"}, {\"id_dimension\": \"2\", \"id_sub_element\": \"12\"}, {\"id_dimension\": \"2\", \"id_sub_element\": \"13\"}, {\"id_dimension\": \"5\", \"id_sub_element\": \"36\"}, {\"id_dimension\": \"6\", \"id_sub_element\": \"38\"}]',1,'2023-05-25 01:33:44','2023-05-27 08:32:35',NULL);
/*!40000 ALTER TABLE `p5_s` ENABLE KEYS */;
UNLOCK TABLES;

--
-- Table structure for table `parents`
--

DROP TABLE IF EXISTS `parents`;
/*!40101 SET @saved_cs_client     = @@character_set_client */;
/*!50503 SET character_set_client = utf8mb4 */;
CREATE TABLE `parents` (
  `id` bigint unsigned NOT NULL AUTO_INCREMENT,
  `slug` varchar(255) COLLATE utf8mb4_unicode_ci DEFAULT NULL,
  `nik` varchar(255) COLLATE utf8mb4_unicode_ci DEFAULT NULL,
  `name` varchar(255) COLLATE utf8mb4_unicode_ci NOT NULL,
  `password` varchar(255) COLLATE utf8mb4_unicode_ci NOT NULL,
  `religion` varchar(255) COLLATE utf8mb4_unicode_ci DEFAULT NULL,
  `type` enum('father','mother','guardian','other') COLLATE utf8mb4_unicode_ci NOT NULL,
  `phone` varchar(255) COLLATE utf8mb4_unicode_ci DEFAULT NULL,
  `email` varchar(255) COLLATE utf8mb4_unicode_ci DEFAULT NULL,
  `job` varchar(255) COLLATE utf8mb4_unicode_ci DEFAULT NULL,
  `file` varchar(255) COLLATE utf8mb4_unicode_ci DEFAULT NULL,
  `address` text COLLATE utf8mb4_unicode_ci,
  `id_user` bigint unsigned NOT NULL,
  `last_login` datetime DEFAULT NULL,
  `status` tinyint NOT NULL DEFAULT '1',
  `created_at` timestamp NULL DEFAULT NULL,
  `updated_at` timestamp NULL DEFAULT NULL,
  `deleted_at` timestamp NULL DEFAULT NULL,
  PRIMARY KEY (`id`),
  KEY `parents_id_user_foreign` (`id_user`),
  CONSTRAINT `parents_id_user_foreign` FOREIGN KEY (`id_user`) REFERENCES `users` (`id`) ON DELETE CASCADE
) ENGINE=InnoDB AUTO_INCREMENT=3 DEFAULT CHARSET=utf8mb4 COLLATE=utf8mb4_unicode_ci;
/*!40101 SET character_set_client = @saved_cs_client */;

--
-- Dumping data for table `parents`
--

LOCK TABLES `parents` WRITE;
/*!40000 ALTER TABLE `parents` DISABLE KEYS */;
INSERT INTO `parents` (`id`, `slug`, `nik`, `name`, `password`, `religion`, `type`, `phone`, `email`, `job`, `file`, `address`, `id_user`, `last_login`, `status`, `created_at`, `updated_at`, `deleted_at`) VALUES (1,'alpian-oua3h',NULL,'alpian','$2y$10$U7QqZoMeek69NLX2wvEF5ekY9Q9ouH35uWJm1OR0.qxpzlaeJeqXa',NULL,'father',NULL,'example.com@gmail.com',NULL,NULL,NULL,1,NULL,1,'2023-05-24 03:43:51','2023-05-24 03:43:51',NULL),(2,'budi-prihanto-agtTm',NULL,'Budi Prihanto','$2y$10$.C5zJcElk2Aj27CkD0czH.dvu18tbo10BOUHf2.vnwRFbehy.wgnm',NULL,'guardian',NULL,'bp@mail.com',NULL,NULL,NULL,1,NULL,1,'2023-05-24 03:49:21','2023-05-24 03:49:38',NULL);
/*!40000 ALTER TABLE `parents` ENABLE KEYS */;
UNLOCK TABLES;

--
-- Table structure for table `pas_configurations`
--

DROP TABLE IF EXISTS `pas_configurations`;
/*!40101 SET @saved_cs_client     = @@character_set_client */;
/*!50503 SET character_set_client = utf8mb4 */;
CREATE TABLE `pas_configurations` (
  `id` int unsigned NOT NULL AUTO_INCREMENT,
  `slug` varchar(255) COLLATE utf8mb4_unicode_ci DEFAULT NULL,
  `average_daily_rate` int DEFAULT NULL,
  `score_uts` int DEFAULT NULL,
  `score_uas` int DEFAULT NULL,
  `id_school_year` int unsigned DEFAULT NULL,
  `status` tinyint NOT NULL DEFAULT '1',
  `created_at` timestamp NULL DEFAULT NULL,
  `updated_at` timestamp NULL DEFAULT NULL,
  `deleted_at` timestamp NULL DEFAULT NULL,
  PRIMARY KEY (`id`),
  KEY `pas_configurations_id_school_year_foreign` (`id_school_year`),
  CONSTRAINT `pas_configurations_id_school_year_foreign` FOREIGN KEY (`id_school_year`) REFERENCES `school_years` (`id`) ON DELETE CASCADE
) ENGINE=InnoDB DEFAULT CHARSET=utf8mb4 COLLATE=utf8mb4_unicode_ci;
/*!40101 SET character_set_client = @saved_cs_client */;

--
-- Dumping data for table `pas_configurations`
--

LOCK TABLES `pas_configurations` WRITE;
/*!40000 ALTER TABLE `pas_configurations` DISABLE KEYS */;
/*!40000 ALTER TABLE `pas_configurations` ENABLE KEYS */;
UNLOCK TABLES;

--
-- Table structure for table `password_resets`
--

DROP TABLE IF EXISTS `password_resets`;
/*!40101 SET @saved_cs_client     = @@character_set_client */;
/*!50503 SET character_set_client = utf8mb4 */;
CREATE TABLE `password_resets` (
  `email` varchar(255) COLLATE utf8mb4_unicode_ci NOT NULL,
  `token` varchar(255) COLLATE utf8mb4_unicode_ci NOT NULL,
  `created_at` timestamp NULL DEFAULT NULL,
  PRIMARY KEY (`email`)
) ENGINE=InnoDB DEFAULT CHARSET=utf8mb4 COLLATE=utf8mb4_unicode_ci;
/*!40101 SET character_set_client = @saved_cs_client */;

--
-- Dumping data for table `password_resets`
--

LOCK TABLES `password_resets` WRITE;
/*!40000 ALTER TABLE `password_resets` DISABLE KEYS */;
/*!40000 ALTER TABLE `password_resets` ENABLE KEYS */;
UNLOCK TABLES;

--
-- Table structure for table `personal_access_tokens`
--

DROP TABLE IF EXISTS `personal_access_tokens`;
/*!40101 SET @saved_cs_client     = @@character_set_client */;
/*!50503 SET character_set_client = utf8mb4 */;
CREATE TABLE `personal_access_tokens` (
  `id` bigint unsigned NOT NULL AUTO_INCREMENT,
  `tokenable_type` varchar(255) COLLATE utf8mb4_unicode_ci NOT NULL,
  `tokenable_id` bigint unsigned NOT NULL,
  `name` varchar(255) COLLATE utf8mb4_unicode_ci NOT NULL,
  `token` varchar(64) COLLATE utf8mb4_unicode_ci NOT NULL,
  `abilities` text COLLATE utf8mb4_unicode_ci,
  `last_used_at` timestamp NULL DEFAULT NULL,
  `expires_at` timestamp NULL DEFAULT NULL,
  `created_at` timestamp NULL DEFAULT NULL,
  `updated_at` timestamp NULL DEFAULT NULL,
  PRIMARY KEY (`id`),
  UNIQUE KEY `personal_access_tokens_token_unique` (`token`),
  KEY `personal_access_tokens_tokenable_type_tokenable_id_index` (`tokenable_type`,`tokenable_id`)
) ENGINE=InnoDB DEFAULT CHARSET=utf8mb4 COLLATE=utf8mb4_unicode_ci;
/*!40101 SET character_set_client = @saved_cs_client */;

--
-- Dumping data for table `personal_access_tokens`
--

LOCK TABLES `personal_access_tokens` WRITE;
/*!40000 ALTER TABLE `personal_access_tokens` DISABLE KEYS */;
/*!40000 ALTER TABLE `personal_access_tokens` ENABLE KEYS */;
UNLOCK TABLES;

--
-- Table structure for table `predicated_scores`
--

DROP TABLE IF EXISTS `predicated_scores`;
/*!40101 SET @saved_cs_client     = @@character_set_client */;
/*!50503 SET character_set_client = utf8mb4 */;
CREATE TABLE `predicated_scores` (
  `id` int unsigned NOT NULL AUTO_INCREMENT,
  `slug` varchar(255) COLLATE utf8mb4_unicode_ci DEFAULT NULL,
  `name` varchar(255) COLLATE utf8mb4_unicode_ci DEFAULT NULL,
  `score` varchar(255) COLLATE utf8mb4_unicode_ci DEFAULT NULL,
  `grade_weight` int DEFAULT NULL,
  `description` text COLLATE utf8mb4_unicode_ci,
  `status` tinyint NOT NULL DEFAULT '1',
  `created_at` timestamp NULL DEFAULT NULL,
  `updated_at` timestamp NULL DEFAULT NULL,
  `deleted_at` timestamp NULL DEFAULT NULL,
  PRIMARY KEY (`id`)
) ENGINE=InnoDB AUTO_INCREMENT=3 DEFAULT CHARSET=utf8mb4 COLLATE=utf8mb4_unicode_ci;
/*!40101 SET character_set_client = @saved_cs_client */;

--
-- Dumping data for table `predicated_scores`
--

LOCK TABLES `predicated_scores` WRITE;
/*!40000 ALTER TABLE `predicated_scores` DISABLE KEYS */;
INSERT INTO `predicated_scores` (`id`, `slug`, `name`, `score`, `grade_weight`, `description`, `status`, `created_at`, `updated_at`, `deleted_at`) VALUES (1,'a-kT7dh','A','81-100',4,NULL,1,'2023-05-24 08:08:01','2023-05-24 08:08:01',NULL),(2,'b-KoBPv','B','61-80',3,'Praesentium Nam ipsa',1,'2023-06-13 06:27:25','2023-06-13 06:27:25',NULL);
/*!40000 ALTER TABLE `predicated_scores` ENABLE KEYS */;
UNLOCK TABLES;

--
-- Table structure for table `pts_configurations`
--

DROP TABLE IF EXISTS `pts_configurations`;
/*!40101 SET @saved_cs_client     = @@character_set_client */;
/*!50503 SET character_set_client = utf8mb4 */;
CREATE TABLE `pts_configurations` (
  `id` int unsigned NOT NULL AUTO_INCREMENT,
  `slug` varchar(255) COLLATE utf8mb4_unicode_ci DEFAULT NULL,
  `average_daily_rate` int DEFAULT NULL,
  `score_uts` int DEFAULT NULL,
  `id_school_year` int unsigned DEFAULT NULL,
  `status` tinyint NOT NULL DEFAULT '1',
  `created_at` timestamp NULL DEFAULT NULL,
  `updated_at` timestamp NULL DEFAULT NULL,
  `deleted_at` timestamp NULL DEFAULT NULL,
  PRIMARY KEY (`id`),
  KEY `pts_configurations_id_school_year_foreign` (`id_school_year`),
  CONSTRAINT `pts_configurations_id_school_year_foreign` FOREIGN KEY (`id_school_year`) REFERENCES `school_years` (`id`) ON DELETE CASCADE
) ENGINE=InnoDB DEFAULT CHARSET=utf8mb4 COLLATE=utf8mb4_unicode_ci;
/*!40101 SET character_set_client = @saved_cs_client */;

--
-- Dumping data for table `pts_configurations`
--

LOCK TABLES `pts_configurations` WRITE;
/*!40000 ALTER TABLE `pts_configurations` DISABLE KEYS */;
/*!40000 ALTER TABLE `pts_configurations` ENABLE KEYS */;
UNLOCK TABLES;

--
-- Table structure for table `school_years`
--

DROP TABLE IF EXISTS `school_years`;
/*!40101 SET @saved_cs_client     = @@character_set_client */;
/*!50503 SET character_set_client = utf8mb4 */;
CREATE TABLE `school_years` (
  `id` int unsigned NOT NULL AUTO_INCREMENT,
  `slug` varchar(255) COLLATE utf8mb4_unicode_ci DEFAULT NULL,
  `name` varchar(255) COLLATE utf8mb4_unicode_ci NOT NULL,
  `status` tinyint NOT NULL DEFAULT '2',
  `created_at` timestamp NULL DEFAULT NULL,
  `updated_at` timestamp NULL DEFAULT NULL,
  `deleted_at` timestamp NULL DEFAULT NULL,
  PRIMARY KEY (`id`)
) ENGINE=InnoDB AUTO_INCREMENT=5 DEFAULT CHARSET=utf8mb4 COLLATE=utf8mb4_unicode_ci;
/*!40101 SET character_set_client = @saved_cs_client */;

--
-- Dumping data for table `school_years`
--

LOCK TABLES `school_years` WRITE;
/*!40000 ALTER TABLE `school_years` DISABLE KEYS */;
INSERT INTO `school_years` (`id`, `slug`, `name`, `status`, `created_at`, `updated_at`, `deleted_at`) VALUES (1,'202320241-CzYOS','2023/20241',1,'2023-05-16 07:26:06','2023-06-28 09:40:25',NULL),(2,'202320242-1f8CL','2023/20242',0,'2023-05-16 07:28:46','2023-06-28 06:17:49',NULL),(3,'202220232-ZWhM8','2022/20232',0,'2023-05-19 08:53:52','2023-06-28 09:40:25',NULL),(4,'202520261-apq38','2025/20261',0,'2023-05-25 03:16:58','2023-05-25 03:17:27',NULL);
/*!40000 ALTER TABLE `school_years` ENABLE KEYS */;
UNLOCK TABLES;

--
-- Table structure for table `score_competencies`
--

DROP TABLE IF EXISTS `score_competencies`;
/*!40101 SET @saved_cs_client     = @@character_set_client */;
/*!50503 SET character_set_client = utf8mb4 */;
CREATE TABLE `score_competencies` (
  `id` bigint unsigned NOT NULL AUTO_INCREMENT,
  `slug` varchar(255) COLLATE utf8mb4_unicode_ci DEFAULT NULL,
  `id_student_class` bigint unsigned DEFAULT NULL,
  `id_teacher` int unsigned NOT NULL,
  `id_course` int unsigned NOT NULL,
  `id_study_class` int unsigned NOT NULL,
  `id_school_year` int unsigned NOT NULL,
  `competency_archieved` json DEFAULT NULL,
  `competency_improved` json DEFAULT NULL,
  `status` tinyint NOT NULL DEFAULT '1',
  `created_at` timestamp NULL DEFAULT NULL,
  `updated_at` timestamp NULL DEFAULT NULL,
  `deleted_at` timestamp NULL DEFAULT NULL,
  PRIMARY KEY (`id`),
  KEY `score_competencies_id_student_class_foreign` (`id_student_class`),
  KEY `score_competencies_id_teacher_foreign` (`id_teacher`),
  KEY `score_competencies_id_course_foreign` (`id_course`),
  KEY `score_competencies_id_study_class_foreign` (`id_study_class`),
  KEY `score_competencies_id_school_year_foreign` (`id_school_year`),
  CONSTRAINT `score_competencies_id_course_foreign` FOREIGN KEY (`id_course`) REFERENCES `courses` (`id`) ON DELETE CASCADE,
  CONSTRAINT `score_competencies_id_school_year_foreign` FOREIGN KEY (`id_school_year`) REFERENCES `school_years` (`id`) ON DELETE CASCADE,
  CONSTRAINT `score_competencies_id_student_class_foreign` FOREIGN KEY (`id_student_class`) REFERENCES `student_classes` (`id`) ON DELETE CASCADE,
  CONSTRAINT `score_competencies_id_study_class_foreign` FOREIGN KEY (`id_study_class`) REFERENCES `study_classes` (`id`) ON DELETE CASCADE,
  CONSTRAINT `score_competencies_id_teacher_foreign` FOREIGN KEY (`id_teacher`) REFERENCES `teachers` (`id`) ON DELETE CASCADE
) ENGINE=InnoDB AUTO_INCREMENT=37 DEFAULT CHARSET=utf8mb4 COLLATE=utf8mb4_unicode_ci;
/*!40101 SET character_set_client = @saved_cs_client */;

--
-- Dumping data for table `score_competencies`
--

LOCK TABLES `score_competencies` WRITE;
/*!40000 ALTER TABLE `score_competencies` DISABLE KEYS */;
INSERT INTO `score_competencies` (`id`, `slug`, `id_student_class`, `id_teacher`, `id_course`, `id_study_class`, `id_school_year`, `competency_archieved`, `competency_improved`, `status`, `created_at`, `updated_at`, `deleted_at`) VALUES (11,NULL,71,13,1,4,3,'[\"12\"]','[\"13\"]',1,'2023-06-26 08:42:58','2023-06-29 05:48:11','2023-06-29 05:48:11'),(12,NULL,72,13,1,4,3,'[]','[]',1,'2023-06-26 08:42:58','2023-06-29 05:48:11','2023-06-29 05:48:11'),(13,NULL,73,13,1,4,3,'[]','[]',1,'2023-06-26 08:42:58','2023-06-29 05:48:11','2023-06-29 05:48:11'),(14,NULL,74,13,1,4,3,'[]','[]',1,'2023-06-26 08:42:58','2023-06-29 05:48:11','2023-06-29 05:48:11'),(15,NULL,75,13,1,4,3,'[]','[]',1,'2023-06-26 08:42:58','2023-06-29 05:48:11','2023-06-29 05:48:11'),(16,NULL,76,13,1,4,3,'[]','[]',1,'2023-06-26 08:42:58','2023-06-29 05:48:11','2023-06-29 05:48:11'),(17,NULL,77,13,1,4,3,'[]','[]',1,'2023-06-26 08:42:58','2023-06-29 05:48:11','2023-06-29 05:48:11'),(18,NULL,78,13,1,4,3,'[]','[]',1,'2023-06-26 08:42:58','2023-06-29 05:48:11','2023-06-29 05:48:11'),(19,NULL,79,13,1,4,3,'[]','[]',1,'2023-06-26 08:42:58','2023-06-29 05:48:11','2023-06-29 05:48:11'),(20,NULL,80,13,1,4,3,'[]','[]',1,'2023-06-26 08:42:58','2023-06-29 05:48:11','2023-06-29 05:48:11'),(21,NULL,81,13,1,4,3,'[]','[]',1,'2023-06-26 08:42:58','2023-06-29 05:48:11','2023-06-29 05:48:11'),(22,NULL,82,13,1,4,3,'[]','[]',1,'2023-06-26 08:42:58','2023-06-29 05:48:11','2023-06-29 05:48:11'),(23,NULL,83,13,1,4,3,'[]','[]',1,'2023-06-26 08:42:58','2023-06-29 05:48:11','2023-06-29 05:48:11'),(24,NULL,84,13,1,4,3,'[]','[]',1,'2023-06-26 08:42:58','2023-06-29 05:48:11','2023-06-29 05:48:11'),(25,NULL,85,13,1,4,3,'[]','[]',1,'2023-06-26 08:42:58','2023-06-29 05:48:11','2023-06-29 05:48:11'),(26,NULL,86,13,1,4,3,'[]','[]',1,'2023-06-26 08:42:58','2023-06-29 05:48:11','2023-06-29 05:48:11'),(27,NULL,87,13,1,4,3,'[]','[]',1,'2023-06-26 08:42:58','2023-06-29 05:48:11','2023-06-29 05:48:11'),(28,NULL,88,13,1,4,3,'[]','[]',1,'2023-06-26 08:42:58','2023-06-29 05:48:11','2023-06-29 05:48:11'),(29,NULL,89,13,1,4,3,'[]','[]',1,'2023-06-26 08:42:58','2023-06-29 05:48:11','2023-06-29 05:48:11'),(30,NULL,90,13,1,4,3,'[]','[]',1,'2023-06-26 08:42:58','2023-06-29 05:48:11','2023-06-29 05:48:11'),(31,NULL,91,13,1,4,3,'[]','[]',1,'2023-06-26 08:42:58','2023-06-29 05:48:11','2023-06-29 05:48:11'),(32,NULL,92,13,1,4,3,'[]','[]',1,'2023-06-26 08:42:58','2023-06-29 05:48:11','2023-06-29 05:48:11'),(33,NULL,93,13,1,4,3,'[]','[]',1,'2023-06-26 08:42:58','2023-06-29 05:48:11','2023-06-29 05:48:11'),(34,NULL,94,13,1,4,3,'[]','[]',1,'2023-06-26 08:42:58','2023-06-29 05:48:11','2023-06-29 05:48:11'),(35,NULL,95,13,1,4,3,'[]','[]',1,'2023-06-26 08:42:58','2023-06-29 05:48:11','2023-06-29 05:48:11'),(36,NULL,96,13,1,4,3,'[]','[]',1,'2023-06-26 08:42:58','2023-06-29 05:48:11','2023-06-29 05:48:11');
/*!40000 ALTER TABLE `score_competencies` ENABLE KEYS */;
UNLOCK TABLES;

--
-- Table structure for table `score_extracurriculars`
--

DROP TABLE IF EXISTS `score_extracurriculars`;
/*!40101 SET @saved_cs_client     = @@character_set_client */;
/*!50503 SET character_set_client = utf8mb4 */;
CREATE TABLE `score_extracurriculars` (
  `id` bigint unsigned NOT NULL AUTO_INCREMENT,
  `slug` varchar(255) COLLATE utf8mb4_unicode_ci DEFAULT NULL,
  `id_school_year` int unsigned DEFAULT NULL,
  `id_study_class` int unsigned DEFAULT NULL,
  `id_teacher` int unsigned DEFAULT NULL,
  `id_extra` int unsigned DEFAULT NULL,
  `score` json DEFAULT NULL,
  `status` tinyint NOT NULL DEFAULT '1',
  `created_at` timestamp NULL DEFAULT NULL,
  `updated_at` timestamp NULL DEFAULT NULL,
  `deleted_at` timestamp NULL DEFAULT NULL,
  PRIMARY KEY (`id`),
  KEY `score_extracurriculars_id_extra_foreign` (`id_extra`),
  KEY `score_extracurriculars_id_study_class_foreign` (`id_study_class`),
  KEY `score_extracurriculars_id_teacher_foreign` (`id_teacher`),
  KEY `score_extracurriculars_id_school_year_foreign` (`id_school_year`),
  CONSTRAINT `score_extracurriculars_id_extra_foreign` FOREIGN KEY (`id_extra`) REFERENCES `extracurriculars` (`id`) ON DELETE CASCADE,
  CONSTRAINT `score_extracurriculars_id_school_year_foreign` FOREIGN KEY (`id_school_year`) REFERENCES `school_years` (`id`) ON DELETE CASCADE,
  CONSTRAINT `score_extracurriculars_id_study_class_foreign` FOREIGN KEY (`id_study_class`) REFERENCES `study_classes` (`id`) ON DELETE CASCADE,
  CONSTRAINT `score_extracurriculars_id_teacher_foreign` FOREIGN KEY (`id_teacher`) REFERENCES `teachers` (`id`) ON DELETE CASCADE
) ENGINE=InnoDB AUTO_INCREMENT=3 DEFAULT CHARSET=utf8mb4 COLLATE=utf8mb4_unicode_ci;
/*!40101 SET character_set_client = @saved_cs_client */;

--
-- Dumping data for table `score_extracurriculars`
--

LOCK TABLES `score_extracurriculars` WRITE;
/*!40000 ALTER TABLE `score_extracurriculars` DISABLE KEYS */;
INSERT INTO `score_extracurriculars` (`id`, `slug`, `id_school_year`, `id_study_class`, `id_teacher`, `id_extra`, `score`, `status`, `created_at`, `updated_at`, `deleted_at`) VALUES (1,NULL,3,1,2,2,'[{\"score\": \"baik\", \"description\": \"bagus\", \"id_student_class\": \"1\"}, {\"score\": \"baik\", \"description\": \"bagus\", \"id_student_class\": \"2\"}, {\"score\": \"baik\", \"description\": \"bagus\", \"id_student_class\": \"3\"}, {\"score\": \"baik\", \"description\": \"bagus\", \"id_student_class\": \"4\"}, {\"score\": \"baik\", \"description\": \"bagus\", \"id_student_class\": \"5\"}, {\"score\": \"baik\", \"description\": \"bagus\", \"id_student_class\": \"6\"}, {\"score\": \"baik\", \"description\": \"bagus\", \"id_student_class\": \"7\"}, {\"score\": \"baik\", \"description\": \"bagus\", \"id_student_class\": \"8\"}, {\"score\": \"baik\", \"description\": \"bagus\", \"id_student_class\": \"9\"}, {\"score\": \"baik\", \"description\": \"bagus\", \"id_student_class\": \"10\"}]',1,'2023-05-24 03:18:43','2023-07-01 10:05:36','2023-07-01 10:05:36'),(2,NULL,3,1,2,3,'[{\"score\": \"baik\", \"description\": \"bagus\", \"id_student_class\": \"1\"}, {\"score\": \"baik\", \"description\": \"bagus\", \"id_student_class\": \"2\"}, {\"score\": \"baik\", \"description\": \"bagus\", \"id_student_class\": \"3\"}, {\"score\": \"baik\", \"description\": \"bagus\", \"id_student_class\": \"4\"}, {\"score\": \"baik\", \"description\": \"bagus\", \"id_student_class\": \"5\"}, {\"score\": \"baik\", \"description\": \"bagus\", \"id_student_class\": \"6\"}, {\"score\": \"baik\", \"description\": \"bagus\", \"id_student_class\": \"7\"}, {\"score\": \"baik\", \"description\": \"bagus\", \"id_student_class\": \"8\"}, {\"score\": \"baik\", \"description\": \"bagus\", \"id_student_class\": \"9\"}, {\"score\": \"baik\", \"description\": \"bagus\", \"id_student_class\": \"10\"}]',1,'2023-05-24 03:18:59','2023-07-01 10:05:41','2023-07-01 10:05:41');
/*!40000 ALTER TABLE `score_extracurriculars` ENABLE KEYS */;
UNLOCK TABLES;

--
-- Table structure for table `score_kds`
--

DROP TABLE IF EXISTS `score_kds`;
/*!40101 SET @saved_cs_client     = @@character_set_client */;
/*!50503 SET character_set_client = utf8mb4 */;
CREATE TABLE `score_kds` (
  `id` bigint unsigned NOT NULL AUTO_INCREMENT,
  `slug` varchar(255) COLLATE utf8mb4_unicode_ci DEFAULT NULL,
  `type` enum('uts','uas') COLLATE utf8mb4_unicode_ci DEFAULT NULL,
  `id_school_year` int unsigned DEFAULT NULL,
  `id_student_class` bigint unsigned DEFAULT NULL,
  `assessment_score` json DEFAULT NULL,
  `averege_assesment` int DEFAULT NULL,
  `skill_score` json DEFAULT NULL,
  `averege_skill` int DEFAULT NULL,
  `score_uas` int DEFAULT NULL,
  `score_uts` int DEFAULT NULL,
  `final_assesment` int DEFAULT NULL,
  `final_skill` int DEFAULT NULL,
  `id_subject_teacher` bigint unsigned DEFAULT NULL,
  `id_study_class` int unsigned DEFAULT NULL,
  `status` tinyint NOT NULL DEFAULT '1',
  `created_at` timestamp NULL DEFAULT NULL,
  `updated_at` timestamp NULL DEFAULT NULL,
  `deleted_at` timestamp NULL DEFAULT NULL,
  PRIMARY KEY (`id`),
  KEY `score_kds_id_student_class_foreign` (`id_student_class`),
  KEY `score_kds_id_subject_teacher_foreign` (`id_subject_teacher`),
  KEY `score_kds_id_study_class_foreign` (`id_study_class`),
  KEY `score_kds_id_school_year_foreign` (`id_school_year`),
  CONSTRAINT `score_kds_id_school_year_foreign` FOREIGN KEY (`id_school_year`) REFERENCES `school_years` (`id`) ON DELETE CASCADE,
  CONSTRAINT `score_kds_id_student_class_foreign` FOREIGN KEY (`id_student_class`) REFERENCES `student_classes` (`id`) ON DELETE CASCADE,
  CONSTRAINT `score_kds_id_study_class_foreign` FOREIGN KEY (`id_study_class`) REFERENCES `study_classes` (`id`) ON DELETE CASCADE,
  CONSTRAINT `score_kds_id_subject_teacher_foreign` FOREIGN KEY (`id_subject_teacher`) REFERENCES `subject_teachers` (`id`) ON DELETE CASCADE
) ENGINE=InnoDB AUTO_INCREMENT=5 DEFAULT CHARSET=utf8mb4 COLLATE=utf8mb4_unicode_ci;
/*!40101 SET character_set_client = @saved_cs_client */;

--
-- Dumping data for table `score_kds`
--

LOCK TABLES `score_kds` WRITE;
/*!40000 ALTER TABLE `score_kds` DISABLE KEYS */;
/*!40000 ALTER TABLE `score_kds` ENABLE KEYS */;
UNLOCK TABLES;

--
-- Table structure for table `score_manual2s`
--

DROP TABLE IF EXISTS `score_manual2s`;
/*!40101 SET @saved_cs_client     = @@character_set_client */;
/*!50503 SET character_set_client = utf8mb4 */;
CREATE TABLE `score_manual2s` (
  `id` bigint unsigned NOT NULL AUTO_INCREMENT,
  `slug` varchar(255) COLLATE utf8mb4_unicode_ci DEFAULT NULL,
  `id_student_class` bigint unsigned DEFAULT NULL,
  `id_teacher` int unsigned NOT NULL,
  `id_course` int unsigned NOT NULL,
  `id_study_class` int unsigned NOT NULL,
  `id_school_year` int unsigned NOT NULL,
  `kkm` int DEFAULT NULL,
  `final_assegment` int DEFAULT NULL,
  `final_skill` int DEFAULT NULL,
  `predicate_assegment` varchar(255) COLLATE utf8mb4_unicode_ci DEFAULT NULL,
  `predicate_skill` varchar(255) COLLATE utf8mb4_unicode_ci DEFAULT NULL,
  `status` tinyint NOT NULL DEFAULT '1',
  `created_at` timestamp NULL DEFAULT NULL,
  `updated_at` timestamp NULL DEFAULT NULL,
  `deleted_at` timestamp NULL DEFAULT NULL,
  PRIMARY KEY (`id`),
  KEY `score_manual2s_id_student_class_foreign` (`id_student_class`),
  KEY `score_manual2s_id_teacher_foreign` (`id_teacher`),
  KEY `score_manual2s_id_course_foreign` (`id_course`),
  KEY `score_manual2s_id_study_class_foreign` (`id_study_class`),
  KEY `score_manual2s_id_school_year_foreign` (`id_school_year`),
  CONSTRAINT `score_manual2s_id_course_foreign` FOREIGN KEY (`id_course`) REFERENCES `courses` (`id`) ON DELETE CASCADE,
  CONSTRAINT `score_manual2s_id_school_year_foreign` FOREIGN KEY (`id_school_year`) REFERENCES `school_years` (`id`) ON DELETE CASCADE,
  CONSTRAINT `score_manual2s_id_student_class_foreign` FOREIGN KEY (`id_student_class`) REFERENCES `student_classes` (`id`) ON DELETE CASCADE,
  CONSTRAINT `score_manual2s_id_study_class_foreign` FOREIGN KEY (`id_study_class`) REFERENCES `study_classes` (`id`) ON DELETE CASCADE,
  CONSTRAINT `score_manual2s_id_teacher_foreign` FOREIGN KEY (`id_teacher`) REFERENCES `teachers` (`id`) ON DELETE CASCADE
) ENGINE=InnoDB DEFAULT CHARSET=utf8mb4 COLLATE=utf8mb4_unicode_ci;
/*!40101 SET character_set_client = @saved_cs_client */;

--
-- Dumping data for table `score_manual2s`
--

LOCK TABLES `score_manual2s` WRITE;
/*!40000 ALTER TABLE `score_manual2s` DISABLE KEYS */;
/*!40000 ALTER TABLE `score_manual2s` ENABLE KEYS */;
UNLOCK TABLES;

--
-- Table structure for table `score_manuals`
--

DROP TABLE IF EXISTS `score_manuals`;
/*!40101 SET @saved_cs_client     = @@character_set_client */;
/*!50503 SET character_set_client = utf8mb4 */;
CREATE TABLE `score_manuals` (
  `id` bigint unsigned NOT NULL AUTO_INCREMENT,
  `slug` varchar(255) COLLATE utf8mb4_unicode_ci DEFAULT NULL,
  `type` enum('uas','uts') COLLATE utf8mb4_unicode_ci DEFAULT NULL,
  `id_student_class` bigint unsigned DEFAULT NULL,
  `id_teacher` int unsigned NOT NULL,
  `id_course` int unsigned NOT NULL,
  `id_study_class` int unsigned NOT NULL,
  `id_school_year` int unsigned NOT NULL,
  `assigment_grade` int DEFAULT NULL,
  `daily_test_score` int DEFAULT NULL,
  `score_uts` int DEFAULT NULL,
  `score_uas` int DEFAULT NULL,
  `score_final` int DEFAULT NULL,
  `predicate` varchar(255) COLLATE utf8mb4_unicode_ci DEFAULT NULL,
  `description` text COLLATE utf8mb4_unicode_ci,
  `status` tinyint NOT NULL DEFAULT '1',
  `created_at` timestamp NULL DEFAULT NULL,
  `updated_at` timestamp NULL DEFAULT NULL,
  `deleted_at` timestamp NULL DEFAULT NULL,
  PRIMARY KEY (`id`),
  KEY `score_manuals_id_student_class_foreign` (`id_student_class`),
  KEY `score_manuals_id_teacher_foreign` (`id_teacher`),
  KEY `score_manuals_id_course_foreign` (`id_course`),
  KEY `score_manuals_id_study_class_foreign` (`id_study_class`),
  KEY `score_manuals_id_school_year_foreign` (`id_school_year`),
  CONSTRAINT `score_manuals_id_course_foreign` FOREIGN KEY (`id_course`) REFERENCES `courses` (`id`) ON DELETE CASCADE,
  CONSTRAINT `score_manuals_id_school_year_foreign` FOREIGN KEY (`id_school_year`) REFERENCES `school_years` (`id`) ON DELETE CASCADE,
  CONSTRAINT `score_manuals_id_student_class_foreign` FOREIGN KEY (`id_student_class`) REFERENCES `student_classes` (`id`) ON DELETE CASCADE,
  CONSTRAINT `score_manuals_id_study_class_foreign` FOREIGN KEY (`id_study_class`) REFERENCES `study_classes` (`id`) ON DELETE CASCADE,
  CONSTRAINT `score_manuals_id_teacher_foreign` FOREIGN KEY (`id_teacher`) REFERENCES `teachers` (`id`) ON DELETE CASCADE
) ENGINE=InnoDB DEFAULT CHARSET=utf8mb4 COLLATE=utf8mb4_unicode_ci;
/*!40101 SET character_set_client = @saved_cs_client */;

--
-- Dumping data for table `score_manuals`
--

LOCK TABLES `score_manuals` WRITE;
/*!40000 ALTER TABLE `score_manuals` DISABLE KEYS */;
/*!40000 ALTER TABLE `score_manuals` ENABLE KEYS */;
UNLOCK TABLES;

--
-- Table structure for table `score_merdekas`
--

DROP TABLE IF EXISTS `score_merdekas`;
/*!40101 SET @saved_cs_client     = @@character_set_client */;
/*!50503 SET character_set_client = utf8mb4 */;
CREATE TABLE `score_merdekas` (
  `id` bigint unsigned NOT NULL AUTO_INCREMENT,
  `slug` varchar(255) COLLATE utf8mb4_unicode_ci DEFAULT NULL,
  `type` enum('uts','uas') COLLATE utf8mb4_unicode_ci DEFAULT NULL,
  `id_student_class` bigint unsigned DEFAULT NULL,
  `id_course` int unsigned DEFAULT NULL,
  `id_study_class` int unsigned DEFAULT NULL,
  `id_teacher` int unsigned DEFAULT NULL,
  `id_school_year` int unsigned DEFAULT NULL,
  `score_formative` json DEFAULT NULL,
  `average_formative` int DEFAULT NULL,
  `score_summative` json DEFAULT NULL,
  `average_summative` int DEFAULT NULL,
  `score_uts` int DEFAULT NULL,
  `score_uas` int DEFAULT NULL,
  `final_score` int DEFAULT NULL,
  `status` tinyint NOT NULL DEFAULT '1',
  `created_at` timestamp NULL DEFAULT NULL,
  `updated_at` timestamp NULL DEFAULT NULL,
  `deleted_at` timestamp NULL DEFAULT NULL,
  PRIMARY KEY (`id`),
  KEY `score_merdekas_id_student_class_foreign` (`id_student_class`),
  KEY `score_merdekas_id_course_foreign` (`id_course`),
  KEY `score_merdekas_id_study_class_foreign` (`id_study_class`),
  KEY `score_merdekas_id_teacher_foreign` (`id_teacher`),
  KEY `score_merdekas_id_school_year_foreign` (`id_school_year`),
  CONSTRAINT `score_merdekas_id_course_foreign` FOREIGN KEY (`id_course`) REFERENCES `courses` (`id`) ON DELETE CASCADE,
  CONSTRAINT `score_merdekas_id_school_year_foreign` FOREIGN KEY (`id_school_year`) REFERENCES `school_years` (`id`) ON DELETE CASCADE,
  CONSTRAINT `score_merdekas_id_student_class_foreign` FOREIGN KEY (`id_student_class`) REFERENCES `student_classes` (`id`) ON DELETE CASCADE,
  CONSTRAINT `score_merdekas_id_study_class_foreign` FOREIGN KEY (`id_study_class`) REFERENCES `study_classes` (`id`) ON DELETE CASCADE,
  CONSTRAINT `score_merdekas_id_teacher_foreign` FOREIGN KEY (`id_teacher`) REFERENCES `teachers` (`id`) ON DELETE CASCADE
) ENGINE=InnoDB AUTO_INCREMENT=6 DEFAULT CHARSET=utf8mb4 COLLATE=utf8mb4_unicode_ci;
/*!40101 SET character_set_client = @saved_cs_client */;

--
-- Dumping data for table `score_merdekas`
--

LOCK TABLES `score_merdekas` WRITE;
/*!40000 ALTER TABLE `score_merdekas` DISABLE KEYS */;
INSERT INTO `score_merdekas` (`id`, `slug`, `type`, `id_student_class`, `id_course`, `id_study_class`, `id_teacher`, `id_school_year`, `score_formative`, `average_formative`, `score_summative`, `average_summative`, `score_uts`, `score_uas`, `final_score`, `status`, `created_at`, `updated_at`, `deleted_at`) VALUES (3,NULL,'uas',16,1,2,18,1,'[{\"score\": \"80\", \"id_competency\": \"14\"}]',80,'[\"70\", \"80\"]',75,0,70,76,1,'2023-06-25 13:57:50','2023-06-29 05:48:11','2023-06-29 05:48:11'),(4,NULL,'uas',71,1,4,13,3,NULL,90,'[\"80\"]',80,0,80,84,1,'2023-06-26 08:45:08','2023-06-29 05:48:11','2023-06-29 05:48:11'),(5,NULL,'uas',52,14,4,13,1,'[{\"score\": \"0\", \"id_competency\": \"87\"}]',0,'[\"0\"]',0,0,0,0,1,'2023-07-11 12:41:15','2023-07-11 12:41:15',NULL);
/*!40000 ALTER TABLE `score_merdekas` ENABLE KEYS */;
UNLOCK TABLES;

--
-- Table structure for table `score_p5_s`
--

DROP TABLE IF EXISTS `score_p5_s`;
/*!40101 SET @saved_cs_client     = @@character_set_client */;
/*!50503 SET character_set_client = utf8mb4 */;
CREATE TABLE `score_p5_s` (
  `id` bigint unsigned NOT NULL AUTO_INCREMENT,
  `slug` varchar(255) COLLATE utf8mb4_unicode_ci DEFAULT NULL,
  `id_student_class` bigint unsigned DEFAULT NULL,
  `id_school_year` int unsigned NOT NULL,
  `id_p5` int unsigned NOT NULL,
  `id_subject_teacher` bigint unsigned NOT NULL,
  `score` json NOT NULL,
  `description` text COLLATE utf8mb4_unicode_ci,
  `status` tinyint NOT NULL DEFAULT '1',
  `created_at` timestamp NULL DEFAULT NULL,
  `updated_at` timestamp NULL DEFAULT NULL,
  `deleted_at` timestamp NULL DEFAULT NULL,
  PRIMARY KEY (`id`),
  KEY `score_p5_s_id_student_class_foreign` (`id_student_class`),
  KEY `score_p5_s_id_p5_foreign` (`id_p5`),
  KEY `score_p5_s_id_subject_teacher_foreign` (`id_subject_teacher`),
  KEY `score_p5_s_id_school_year_foreign` (`id_school_year`),
  CONSTRAINT `score_p5_s_id_p5_foreign` FOREIGN KEY (`id_p5`) REFERENCES `p5_s` (`id`) ON DELETE CASCADE,
  CONSTRAINT `score_p5_s_id_school_year_foreign` FOREIGN KEY (`id_school_year`) REFERENCES `school_years` (`id`) ON DELETE CASCADE,
  CONSTRAINT `score_p5_s_id_student_class_foreign` FOREIGN KEY (`id_student_class`) REFERENCES `student_classes` (`id`) ON DELETE CASCADE,
  CONSTRAINT `score_p5_s_id_subject_teacher_foreign` FOREIGN KEY (`id_subject_teacher`) REFERENCES `subject_teachers` (`id`) ON DELETE CASCADE
) ENGINE=InnoDB AUTO_INCREMENT=2 DEFAULT CHARSET=utf8mb4 COLLATE=utf8mb4_unicode_ci;
/*!40101 SET character_set_client = @saved_cs_client */;

--
-- Dumping data for table `score_p5_s`
--

LOCK TABLES `score_p5_s` WRITE;
/*!40000 ALTER TABLE `score_p5_s` DISABLE KEYS */;
/*!40000 ALTER TABLE `score_p5_s` ENABLE KEYS */;
UNLOCK TABLES;

--
-- Table structure for table `student_classes`
--

DROP TABLE IF EXISTS `student_classes`;
/*!40101 SET @saved_cs_client     = @@character_set_client */;
/*!50503 SET character_set_client = utf8mb4 */;
CREATE TABLE `student_classes` (
  `id` bigint unsigned NOT NULL AUTO_INCREMENT,
  `slug` varchar(255) COLLATE utf8mb4_unicode_ci DEFAULT NULL,
  `id_student` bigint unsigned DEFAULT NULL,
  `id_study_class` int unsigned NOT NULL,
  `year` year DEFAULT NULL,
  `status` tinyint NOT NULL DEFAULT '1',
  `created_at` timestamp NULL DEFAULT NULL,
  `updated_at` timestamp NULL DEFAULT NULL,
  `deleted_at` timestamp NULL DEFAULT NULL,
  PRIMARY KEY (`id`),
  KEY `student_classes_id_student_foreign` (`id_student`),
  KEY `student_classes_id_study_class_foreign` (`id_study_class`),
  CONSTRAINT `student_classes_id_student_foreign` FOREIGN KEY (`id_student`) REFERENCES `users` (`id`) ON DELETE CASCADE,
  CONSTRAINT `student_classes_id_study_class_foreign` FOREIGN KEY (`id_study_class`) REFERENCES `study_classes` (`id`) ON DELETE CASCADE
) ENGINE=InnoDB AUTO_INCREMENT=296 DEFAULT CHARSET=utf8mb4 COLLATE=utf8mb4_unicode_ci;
/*!40101 SET character_set_client = @saved_cs_client */;

--
-- Dumping data for table `student_classes`
--

LOCK TABLES `student_classes` WRITE;
/*!40000 ALTER TABLE `student_classes` DISABLE KEYS */;
INSERT INTO `student_classes` (`id`, `slug`, `id_student`, `id_study_class`, `year`, `status`, `created_at`, `updated_at`, `deleted_at`) VALUES (16,'2612022-266Ic',26,1,2022,2,'2023-05-31 07:57:34','2023-06-24 11:51:54',NULL),(17,'2712022-T5BDQ',27,1,2022,2,'2023-05-31 07:57:34','2023-06-24 11:51:54',NULL),(18,'2812022-jl0RA',28,1,2022,2,'2023-05-31 07:57:34','2023-06-24 11:52:21',NULL),(19,'2912022-LKpFs',29,1,2022,2,'2023-05-31 07:57:34','2023-06-24 11:56:24',NULL),(20,'3012022-gL3L6',30,1,2022,2,'2023-05-31 07:57:34','2023-06-24 11:56:24',NULL),(21,'3112022-LOO3i',31,1,2022,2,'2023-05-31 07:57:34','2023-06-24 11:56:24',NULL),(22,'3212022-uNjfG',32,1,2022,2,'2023-05-31 07:57:34','2023-06-24 11:56:24',NULL),(23,'3312022-OiPnk',33,1,2022,2,'2023-05-31 07:57:34','2023-06-24 12:25:02',NULL),(24,'3412022-nQ5vn',34,1,2022,2,'2023-05-31 07:57:34','2023-06-25 07:24:47',NULL),(25,'3512022-ivWSj',35,1,2022,2,'2023-05-31 07:57:34','2023-06-25 07:24:47',NULL),(26,'3612022-UL40X',36,1,2022,2,'2023-05-31 07:57:42','2023-06-24 10:30:03',NULL),(27,'3712022-bDzAs',37,1,2022,2,'2023-05-31 07:57:42','2023-06-24 10:30:03',NULL),(28,'3812022-ovufY',38,1,2022,2,'2023-05-31 07:57:42','2023-06-24 10:30:03',NULL),(29,'3912022-nZiXQ',39,1,2022,2,'2023-05-31 07:57:42','2023-06-24 10:30:03',NULL),(30,'4012022-yA58h',40,1,2022,2,'2023-05-31 07:57:42','2023-06-24 10:30:03',NULL),(31,'4112022-ltn1r',41,1,2022,2,'2023-05-31 07:57:42','2023-06-24 10:30:03',NULL),(32,'4212022-PnxNV',42,1,2022,2,'2023-05-31 07:57:42','2023-06-24 10:30:03',NULL),(33,'4312022-D0uMk',43,1,2022,2,'2023-05-31 07:57:42','2023-06-24 10:30:03',NULL),(34,'4412022-HVraW',44,1,2022,2,'2023-05-31 07:57:42','2023-06-24 10:30:03',NULL),(35,'4512022-ZB2P3',45,1,2022,2,'2023-05-31 07:57:42','2023-06-24 10:30:03',NULL),(36,'4612022-lHzn7',46,1,2022,2,'2023-05-31 07:57:49','2023-06-25 07:24:47',NULL),(37,'4712022-H9Jnb',47,1,2022,2,'2023-05-31 07:57:49','2023-06-25 07:24:47',NULL),(38,'4812022-RpJvo',48,1,2022,2,'2023-05-31 07:57:49','2023-06-25 07:24:47',NULL),(39,'4912022-yS4ke',49,1,2022,2,'2023-05-31 07:57:49','2023-06-25 07:24:47',NULL),(40,'15122022-GrKzu',151,2,2022,2,'2023-05-31 08:16:26','2023-06-24 12:45:21',NULL),(41,'15222022-fMw0w',152,2,2022,2,'2023-05-31 08:16:26','2023-06-26 14:47:15',NULL),(42,'15322022-u7u6D',153,2,2022,2,'2023-05-31 08:16:26','2023-06-26 14:47:15',NULL),(43,'15422022-2LIPK',154,2,2022,2,'2023-05-31 08:16:26','2023-06-26 14:47:15',NULL),(44,'15522022-r2tBi',155,2,2022,2,'2023-05-31 08:16:26','2023-06-26 14:47:15',NULL),(45,'15622022-8B2Ct',156,2,2022,2,'2023-05-31 08:16:26','2023-06-26 14:47:15',NULL),(46,'15722022-Yk3WK',157,2,2022,2,'2023-05-31 08:16:26','2023-06-26 14:47:15',NULL),(47,'15822022-lQfct',158,2,2022,2,'2023-05-31 08:16:26','2023-06-26 14:47:15',NULL),(48,'15922022-uHiXr',159,2,2022,2,'2023-05-31 08:16:26','2023-06-26 14:47:15',NULL),(49,'16022022-hjg0s',160,2,2022,2,'2023-05-31 08:16:26','2023-06-26 14:47:15',NULL),(50,'16122022-UVfsG',161,2,2022,2,'2023-05-31 08:16:33','2023-06-26 14:47:15',NULL),(51,'16222022-mDaHa',162,2,2022,2,'2023-05-31 08:16:33','2023-06-26 14:47:15',NULL),(52,'16832022-E3DPC',168,3,2022,2,'2023-05-31 08:17:53','2023-06-26 14:46:56',NULL),(53,'16932022-uF1Z3',169,3,2022,2,'2023-05-31 08:17:53','2023-06-26 14:46:56',NULL),(54,'17032022-i8ysG',170,3,2022,2,'2023-05-31 08:17:53','2023-06-26 14:46:56',NULL),(55,'17132022-KsW7q',171,3,2022,2,'2023-05-31 08:17:53','2023-06-26 14:46:56',NULL),(56,'17232022-7vYL1',172,3,2022,2,'2023-05-31 08:17:53','2023-06-26 14:46:56',NULL),(57,'17332022-tc5DI',173,3,2022,2,'2023-05-31 08:17:53','2023-06-26 14:46:56',NULL),(58,'17432022-nP3Be',174,3,2022,2,'2023-05-31 08:17:53','2023-06-26 14:46:56',NULL),(59,'17532022-6sul3',175,3,2022,2,'2023-05-31 08:17:53','2023-06-26 14:46:56',NULL),(60,'17632022-REJQK',176,3,2022,2,'2023-05-31 08:17:53','2023-06-26 14:46:56',NULL),(61,'17732022-JGgGc',177,3,2022,2,'2023-05-31 08:17:53','2023-06-26 14:46:56',NULL),(62,'17832022-DXZVe',178,3,2022,2,'2023-05-31 08:18:00','2023-06-26 14:46:56',NULL),(63,'17932022-YNZ4M',179,3,2022,2,'2023-05-31 08:18:00','2023-06-26 14:46:56',NULL),(64,'18032022-JaXJt',180,3,2022,2,'2023-05-31 08:18:00','2023-06-26 14:46:57',NULL),(65,'18132022-e1b0U',181,3,2022,2,'2023-05-31 08:18:00','2023-06-26 14:46:57',NULL),(66,'18232022-r260b',182,3,2022,2,'2023-05-31 08:18:00','2023-06-26 14:46:57',NULL),(67,'18332022-xqUpS',183,3,2022,2,'2023-05-31 08:18:00','2023-06-26 14:46:57',NULL),(68,'18432022-xOVMe',184,3,2022,2,'2023-05-31 08:18:00','2023-06-26 14:46:57',NULL),(69,'18532022-PYhbm',185,3,2022,2,'2023-05-31 08:18:00','2023-06-26 14:46:57',NULL),(70,'18632022-I74Tj',186,3,2022,2,'2023-05-31 08:18:00','2023-06-26 14:46:57',NULL),(71,'18842022-HhaVH',188,4,2022,2,'2023-05-31 08:19:10','2023-06-26 14:46:36',NULL),(72,'18942022-LlGjW',189,4,2022,2,'2023-05-31 08:19:10','2023-06-26 14:46:36',NULL),(73,'19042022-VjXJK',190,4,2022,2,'2023-05-31 08:19:10','2023-06-26 14:46:36',NULL),(74,'19142022-VjM9t',191,4,2022,2,'2023-05-31 08:19:10','2023-06-26 14:46:36',NULL),(75,'19242022-aIgnx',192,4,2022,2,'2023-05-31 08:19:10','2023-06-26 14:46:36',NULL),(76,'19342022-T1Zh9',193,4,2022,2,'2023-05-31 08:19:10','2023-06-26 14:46:36',NULL),(77,'19442022-RBmNj',194,4,2022,2,'2023-05-31 08:19:10','2023-06-26 14:46:36',NULL),(78,'19542022-gMTfx',195,4,2022,2,'2023-05-31 08:19:10','2023-06-26 14:46:36',NULL),(79,'19642022-FkGoh',196,4,2022,2,'2023-05-31 08:19:10','2023-06-26 14:46:36',NULL),(80,'19742022-nqMkt',197,4,2022,2,'2023-05-31 08:19:10','2023-06-26 14:46:36',NULL),(81,'19842022-wKC4g',198,4,2022,2,'2023-05-31 08:19:16','2023-06-26 14:46:36',NULL),(82,'19942022-gAwbZ',199,4,2022,2,'2023-05-31 08:19:16','2023-06-26 14:46:36',NULL),(83,'20042022-NC0nj',200,4,2022,2,'2023-05-31 08:19:16','2023-06-26 14:46:36',NULL),(84,'20142022-1uH6x',201,4,2022,2,'2023-05-31 08:19:16','2023-06-26 14:46:36',NULL),(85,'20242022-I3Jy7',202,4,2022,2,'2023-05-31 08:19:16','2023-06-26 14:46:36',NULL),(86,'20342022-LlUOn',203,4,2022,2,'2023-05-31 08:19:16','2023-06-26 14:46:36',NULL),(87,'20442022-V6TIo',204,4,2022,2,'2023-05-31 08:19:16','2023-06-26 14:46:36',NULL),(88,'20542022-rQMgS',205,4,2022,2,'2023-05-31 08:19:16','2023-06-26 14:46:36',NULL),(89,'20642022-9czmQ',206,4,2022,2,'2023-05-31 08:19:16','2023-06-26 14:46:36',NULL),(90,'20742022-WaexW',207,4,2022,2,'2023-05-31 08:19:16','2023-06-26 14:46:36',NULL),(91,'20842022-WPa4C',208,4,2022,2,'2023-05-31 08:19:23','2023-06-26 14:46:36',NULL),(92,'20942022-zhRkU',209,4,2022,2,'2023-05-31 08:19:23','2023-06-26 14:46:36',NULL),(93,'21042022-FZzFv',210,4,2022,2,'2023-05-31 08:19:23','2023-06-26 14:46:36',NULL),(94,'21142022-yfitu',211,4,2022,2,'2023-05-31 08:19:23','2023-06-26 14:46:36',NULL),(95,'21242022-8V2iD',212,4,2022,2,'2023-05-31 08:19:23','2023-06-26 14:46:36',NULL),(96,'21342022-xCBNa',213,4,2022,2,'2023-05-31 08:19:23','2023-06-26 14:46:36',NULL),(97,'23352022-I90Zv',233,5,2022,2,'2023-05-31 08:20:35','2023-06-26 14:46:06',NULL),(98,'23452022-l7UWi',234,5,2022,2,'2023-05-31 08:20:35','2023-06-26 14:46:06',NULL),(99,'23552022-iuWlD',235,5,2022,2,'2023-05-31 08:20:35','2023-06-26 14:46:06',NULL),(100,'23652022-5t84C',236,5,2022,2,'2023-05-31 08:20:35','2023-06-26 14:46:06',NULL),(101,'23752022-j4Ryx',237,5,2022,2,'2023-05-31 08:20:35','2023-06-26 14:46:06',NULL),(102,'23852022-quayv',238,5,2022,2,'2023-05-31 08:20:35','2023-06-26 14:46:06',NULL),(103,'23952022-tHbro',239,5,2022,2,'2023-05-31 08:20:35','2023-06-26 14:46:06',NULL),(104,'24052022-DSY2R',240,5,2022,2,'2023-05-31 08:20:35','2023-06-26 14:46:06',NULL),(105,'24152022-ETpk2',241,5,2022,2,'2023-05-31 08:20:35','2023-06-26 14:46:06',NULL),(106,'24252022-p2fIm',242,5,2022,2,'2023-05-31 08:20:35','2023-06-26 14:46:06',NULL),(107,'24352022-plzLy',243,5,2022,2,'2023-05-31 08:20:46','2023-06-26 14:46:06',NULL),(108,'24452022-06FgX',244,5,2022,2,'2023-05-31 08:20:46','2023-06-26 14:46:06',NULL),(109,'24552022-vMUyb',245,5,2022,2,'2023-05-31 08:20:46','2023-06-26 14:46:06',NULL),(110,'24652022-icVCn',246,5,2022,2,'2023-05-31 08:20:46','2023-06-26 14:46:06',NULL),(111,'24752022-khyNb',247,5,2022,2,'2023-05-31 08:20:46','2023-06-26 14:46:06',NULL),(112,'24852022-OIpNw',248,5,2022,2,'2023-05-31 08:20:46','2023-06-26 14:46:06',NULL),(113,'24952022-4OlRB',249,5,2022,2,'2023-05-31 08:20:46','2023-06-26 14:46:06',NULL),(114,'25052022-wW5D4',250,5,2022,2,'2023-05-31 08:20:46','2023-06-26 14:46:06',NULL),(115,'25152022-6F6rr',251,5,2022,2,'2023-05-31 08:20:46','2023-06-26 14:46:06',NULL),(116,'30562022-3GUrk',305,6,2022,0,'2023-05-31 08:26:13','2023-06-26 14:45:44',NULL),(117,'30662022-RDOxE',306,6,2022,0,'2023-05-31 08:26:13','2023-06-26 14:45:44',NULL),(118,'30762022-tFwQh',307,6,2022,0,'2023-05-31 08:26:13','2023-06-26 14:45:44',NULL),(119,'30862022-cvTKg',308,6,2022,0,'2023-05-31 08:26:13','2023-06-26 14:45:44',NULL),(120,'30962022-nSmFQ',309,6,2022,0,'2023-05-31 08:26:13','2023-06-26 14:45:44',NULL),(121,'31062022-cUgPH',310,6,2022,0,'2023-05-31 08:26:13','2023-06-26 14:45:44',NULL),(122,'31162022-M9jJ3',311,6,2022,0,'2023-05-31 08:26:13','2023-06-26 14:45:44',NULL),(123,'31262022-enMb0',312,6,2022,0,'2023-05-31 08:26:13','2023-06-26 14:45:44',NULL),(124,'31362022-mZD0p',313,6,2022,0,'2023-05-31 08:26:13','2023-06-26 14:45:44',NULL),(125,'31462022-fdJk7',314,6,2022,0,'2023-05-31 08:26:13','2023-06-26 14:45:44',NULL),(126,'31562022-6tO6h',315,6,2022,0,'2023-05-31 08:26:13','2023-06-26 14:45:44',NULL),(127,'31662022-D19iW',316,6,2022,0,'2023-05-31 08:26:13','2023-06-26 14:45:44',NULL),(128,'31762022-oADLd',317,6,2022,0,'2023-05-31 08:26:13','2023-06-26 14:45:44',NULL),(129,'31862022-wrl7Y',318,6,2022,0,'2023-05-31 08:26:13','2023-06-26 14:45:44',NULL),(130,'31962022-PFrDE',319,6,2022,0,'2023-05-31 08:26:13','2023-06-26 14:45:44',NULL),(131,'32062022-2aOub',320,6,2022,0,'2023-05-31 08:26:13','2023-06-26 14:45:44',NULL),(132,'32162022-FjLNo',321,6,2022,0,'2023-05-31 08:26:13','2023-06-26 14:45:44',NULL),(133,'32262022-jPNJs',322,6,2022,0,'2023-05-31 08:26:13','2023-06-26 14:45:44',NULL),(134,'32362022-Yc6nY',323,6,2022,0,'2023-05-31 08:26:13','2023-06-26 14:45:44',NULL),(135,'32462022-TUKtN',324,6,2022,0,'2023-05-31 08:26:13','2023-06-26 14:45:44',NULL),(136,'32562022-fh95i',325,6,2022,0,'2023-05-31 08:26:13','2023-06-26 14:45:44',NULL),(137,'32662022-jXueF',326,6,2022,0,'2023-05-31 08:26:13','2023-06-26 14:45:44',NULL),(138,'32762022-Qq5Ao',327,6,2022,0,'2023-05-31 08:26:13','2023-06-26 14:45:44',NULL),(139,'32862022-Suh2e',328,6,2022,0,'2023-05-31 08:26:13','2023-06-26 14:45:44',NULL),(140,'32962022-ivub0',329,6,2022,0,'2023-05-31 08:26:13','2023-06-26 14:45:44',NULL),(141,'33062022-4semb',330,6,2022,0,'2023-05-31 08:26:13','2023-06-26 14:45:44',NULL),(142,'33162022-5qOmw',331,6,2022,0,'2023-05-31 08:26:13','2023-06-26 14:45:44',NULL),(143,'3612022-UL40X',36,2,2022,2,'2023-06-24 10:30:03','2023-06-26 14:47:15',NULL),(144,'3712022-bDzAs',37,2,2022,2,'2023-06-24 10:30:03','2023-06-26 14:47:15',NULL),(145,'3812022-ovufY',38,2,2022,2,'2023-06-24 10:30:03','2023-06-26 14:47:15',NULL),(146,'3912022-nZiXQ',39,2,2022,2,'2023-06-24 10:30:03','2023-06-26 14:47:15',NULL),(147,'4012022-yA58h',40,2,2022,2,'2023-06-24 10:30:03','2023-06-26 14:47:15',NULL),(148,'4112022-ltn1r',41,2,2022,2,'2023-06-24 10:30:03','2023-06-26 14:47:15',NULL),(149,'4212022-PnxNV',42,2,2022,2,'2023-06-24 10:30:03','2023-06-26 14:47:15',NULL),(150,'4312022-D0uMk',43,2,2022,2,'2023-06-24 10:30:03','2023-06-26 14:47:15',NULL),(151,'4412022-HVraW',44,2,2022,2,'2023-06-24 10:30:03','2023-06-26 14:47:15',NULL),(152,'4512022-ZB2P3',45,2,2022,2,'2023-06-24 10:30:03','2023-06-26 14:47:15',NULL),(153,'2612022-266Ic',26,2,2023,1,'2023-06-24 11:51:54','2023-06-24 11:51:54',NULL),(154,'2712022-T5BDQ',27,2,2023,1,'2023-06-24 11:51:54','2023-06-24 11:51:54',NULL),(155,'2812022-jl0RA',28,2,2023,1,'2023-06-24 11:52:21','2023-06-24 11:52:21',NULL),(156,'2912022-LKpFs',29,2,2023,1,'2023-06-24 11:56:24','2023-06-24 11:56:24',NULL),(157,'3012022-gL3L6',30,2,2023,1,'2023-06-24 11:56:24','2023-06-24 11:56:24',NULL),(158,'3112022-LOO3i',31,2,2023,1,'2023-06-24 11:56:24','2023-06-24 11:56:24',NULL),(159,'3212022-uNjfG',32,2,2023,1,'2023-06-24 11:56:24','2023-06-24 11:56:24',NULL),(160,'3312022-OiPnk',33,2,2023,1,'2023-06-24 12:25:02','2023-06-24 12:25:02',NULL),(161,'15122022-GrKzu',151,3,2023,1,'2023-06-24 12:45:21','2023-06-24 12:45:21',NULL),(162,'2612022-266Ic',26,2,2023,2,'2023-06-25 07:24:47','2023-06-25 07:24:47',NULL),(163,'2712022-T5BDQ',27,2,2023,2,'2023-06-25 07:24:47','2023-06-25 07:24:47',NULL),(164,'2812022-jl0RA',28,2,2023,2,'2023-06-25 07:24:47','2023-06-25 07:24:47',NULL),(165,'2912022-LKpFs',29,2,2023,2,'2023-06-25 07:24:47','2023-06-25 07:24:47',NULL),(166,'3012022-gL3L6',30,2,2023,2,'2023-06-25 07:24:47','2023-06-25 07:24:47',NULL),(167,'3112022-LOO3i',31,2,2023,2,'2023-06-25 07:24:47','2023-06-25 07:24:47',NULL),(168,'3212022-uNjfG',32,2,2023,2,'2023-06-25 07:24:47','2023-06-25 07:24:47',NULL),(169,'3312022-OiPnk',33,2,2023,2,'2023-06-25 07:24:47','2023-06-25 07:24:47',NULL),(170,'3412022-nQ5vn',34,2,2023,1,'2023-06-25 07:24:47','2023-06-25 07:24:47',NULL),(171,'3512022-ivWSj',35,2,2023,1,'2023-06-25 07:24:47','2023-06-25 07:24:47',NULL),(172,'3612022-UL40X',36,2,2023,2,'2023-06-25 07:24:47','2023-06-25 07:24:47',NULL),(173,'3712022-bDzAs',37,2,2023,2,'2023-06-25 07:24:47','2023-06-25 07:24:47',NULL),(174,'3812022-ovufY',38,2,2023,2,'2023-06-25 07:24:47','2023-06-25 07:24:47',NULL),(175,'3912022-nZiXQ',39,2,2023,2,'2023-06-25 07:24:47','2023-06-25 07:24:47',NULL),(176,'4012022-yA58h',40,2,2023,2,'2023-06-25 07:24:47','2023-06-25 07:24:47',NULL),(177,'4112022-ltn1r',41,2,2023,2,'2023-06-25 07:24:47','2023-06-25 07:24:47',NULL),(178,'4212022-PnxNV',42,2,2023,2,'2023-06-25 07:24:47','2023-06-25 07:24:47',NULL),(179,'4312022-D0uMk',43,2,2023,2,'2023-06-25 07:24:47','2023-06-25 07:24:47',NULL),(180,'4412022-HVraW',44,2,2023,2,'2023-06-25 07:24:47','2023-06-25 07:24:47',NULL),(181,'4512022-ZB2P3',45,2,2023,2,'2023-06-25 07:24:47','2023-06-25 07:24:47',NULL),(182,'4612022-lHzn7',46,2,2023,1,'2023-06-25 07:24:47','2023-06-25 07:24:47',NULL),(183,'4712022-H9Jnb',47,2,2023,1,'2023-06-25 07:24:47','2023-06-25 07:24:47',NULL),(184,'4812022-RpJvo',48,2,2023,1,'2023-06-25 07:24:47','2023-06-25 07:24:47',NULL),(185,'4912022-yS4ke',49,2,2023,1,'2023-06-25 07:24:47','2023-06-25 07:24:47',NULL),(186,'23352022-I90Zv',233,6,2023,1,'2023-06-26 14:46:06','2023-06-26 14:46:06',NULL),(187,'23452022-l7UWi',234,6,2023,1,'2023-06-26 14:46:06','2023-06-26 14:46:06',NULL),(188,'23552022-iuWlD',235,6,2023,1,'2023-06-26 14:46:06','2023-06-26 14:46:06',NULL),(189,'23652022-5t84C',236,6,2023,1,'2023-06-26 14:46:06','2023-06-26 14:46:06',NULL),(190,'23752022-j4Ryx',237,6,2023,1,'2023-06-26 14:46:06','2023-06-26 14:46:06',NULL),(191,'23852022-quayv',238,6,2023,1,'2023-06-26 14:46:06','2023-06-26 14:46:06',NULL),(192,'23952022-tHbro',239,6,2023,1,'2023-06-26 14:46:06','2023-06-26 14:46:06',NULL),(193,'24052022-DSY2R',240,6,2023,1,'2023-06-26 14:46:06','2023-06-26 14:46:06',NULL),(194,'24152022-ETpk2',241,6,2023,1,'2023-06-26 14:46:06','2023-06-26 14:46:06',NULL),(195,'24252022-p2fIm',242,6,2023,1,'2023-06-26 14:46:06','2023-06-26 14:46:06',NULL),(196,'24352022-plzLy',243,6,2023,1,'2023-06-26 14:46:06','2023-06-26 14:46:06',NULL),(197,'24452022-06FgX',244,6,2023,1,'2023-06-26 14:46:06','2023-06-26 14:46:06',NULL),(198,'24552022-vMUyb',245,6,2023,1,'2023-06-26 14:46:06','2023-06-26 14:46:06',NULL),(199,'24652022-icVCn',246,6,2023,1,'2023-06-26 14:46:06','2023-06-26 14:46:06',NULL),(200,'24752022-khyNb',247,6,2023,1,'2023-06-26 14:46:06','2023-06-26 14:46:06',NULL),(201,'24852022-OIpNw',248,6,2023,1,'2023-06-26 14:46:06','2023-06-26 14:46:06',NULL),(202,'24952022-4OlRB',249,6,2023,1,'2023-06-26 14:46:06','2023-06-26 14:46:06',NULL),(203,'25052022-wW5D4',250,6,2023,1,'2023-06-26 14:46:06','2023-06-26 14:46:06',NULL),(204,'25152022-6F6rr',251,6,2023,1,'2023-06-26 14:46:06','2023-06-26 14:46:06',NULL),(205,'18842022-HhaVH',188,5,2023,1,'2023-06-26 14:46:36','2023-06-26 14:46:36',NULL),(206,'18942022-LlGjW',189,5,2023,1,'2023-06-26 14:46:36','2023-06-26 14:46:36',NULL),(207,'19042022-VjXJK',190,5,2023,1,'2023-06-26 14:46:36','2023-06-26 14:46:36',NULL),(208,'19142022-VjM9t',191,5,2023,1,'2023-06-26 14:46:36','2023-06-26 14:46:36',NULL),(209,'19242022-aIgnx',192,5,2023,1,'2023-06-26 14:46:36','2023-06-26 14:46:36',NULL),(210,'19342022-T1Zh9',193,5,2023,1,'2023-06-26 14:46:36','2023-06-26 14:46:36',NULL),(211,'19442022-RBmNj',194,5,2023,1,'2023-06-26 14:46:36','2023-06-26 14:46:36',NULL),(212,'19542022-gMTfx',195,5,2023,1,'2023-06-26 14:46:36','2023-06-26 14:46:36',NULL),(213,'19642022-FkGoh',196,5,2023,1,'2023-06-26 14:46:36','2023-06-26 14:46:36',NULL),(214,'19742022-nqMkt',197,5,2023,1,'2023-06-26 14:46:36','2023-06-26 14:46:36',NULL),(215,'19842022-wKC4g',198,5,2023,1,'2023-06-26 14:46:36','2023-06-26 14:46:36',NULL),(216,'19942022-gAwbZ',199,5,2023,1,'2023-06-26 14:46:36','2023-06-26 14:46:36',NULL),(217,'20042022-NC0nj',200,5,2023,1,'2023-06-26 14:46:36','2023-06-26 14:46:36',NULL),(218,'20142022-1uH6x',201,5,2023,1,'2023-06-26 14:46:36','2023-06-26 14:46:36',NULL),(219,'20242022-I3Jy7',202,5,2023,1,'2023-06-26 14:46:36','2023-06-26 14:46:36',NULL),(220,'20342022-LlUOn',203,5,2023,1,'2023-06-26 14:46:36','2023-06-26 14:46:36',NULL),(221,'20442022-V6TIo',204,5,2023,1,'2023-06-26 14:46:36','2023-06-26 14:46:36',NULL),(222,'20542022-rQMgS',205,5,2023,1,'2023-06-26 14:46:36','2023-06-26 14:46:36',NULL),(223,'20642022-9czmQ',206,5,2023,1,'2023-06-26 14:46:36','2023-06-26 14:46:36',NULL),(224,'20742022-WaexW',207,5,2023,1,'2023-06-26 14:46:36','2023-06-26 14:46:36',NULL),(225,'20842022-WPa4C',208,5,2023,1,'2023-06-26 14:46:36','2023-06-26 14:46:36',NULL),(226,'20942022-zhRkU',209,5,2023,1,'2023-06-26 14:46:36','2023-06-26 14:46:36',NULL),(227,'21042022-FZzFv',210,5,2023,1,'2023-06-26 14:46:36','2023-06-26 14:46:36',NULL),(228,'21142022-yfitu',211,5,2023,1,'2023-06-26 14:46:36','2023-06-26 14:46:36',NULL),(229,'21242022-8V2iD',212,5,2023,1,'2023-06-26 14:46:36','2023-06-26 14:46:36',NULL),(230,'21342022-xCBNa',213,5,2023,1,'2023-06-26 14:46:36','2023-06-26 14:46:36',NULL),(231,'16832022-E3DPC',168,4,2023,1,'2023-06-26 14:46:56','2023-06-26 14:46:56',NULL),(232,'16932022-uF1Z3',169,4,2023,1,'2023-06-26 14:46:56','2023-06-26 14:46:56',NULL),(233,'17032022-i8ysG',170,4,2023,1,'2023-06-26 14:46:56','2023-06-26 14:46:56',NULL),(234,'17132022-KsW7q',171,4,2023,1,'2023-06-26 14:46:56','2023-06-26 14:46:56',NULL),(235,'17232022-7vYL1',172,4,2023,1,'2023-06-26 14:46:56','2023-06-26 14:46:56',NULL),(236,'17332022-tc5DI',173,4,2023,1,'2023-06-26 14:46:56','2023-06-26 14:46:56',NULL),(237,'17432022-nP3Be',174,4,2023,1,'2023-06-26 14:46:56','2023-06-26 14:46:56',NULL),(238,'17532022-6sul3',175,4,2023,1,'2023-06-26 14:46:56','2023-06-26 14:46:56',NULL),(239,'17632022-REJQK',176,4,2023,1,'2023-06-26 14:46:56','2023-06-26 14:46:56',NULL),(240,'17732022-JGgGc',177,4,2023,1,'2023-06-26 14:46:56','2023-06-26 14:46:56',NULL),(241,'17832022-DXZVe',178,4,2023,1,'2023-06-26 14:46:56','2023-06-26 14:46:56',NULL),(242,'17932022-YNZ4M',179,4,2023,1,'2023-06-26 14:46:56','2023-06-26 14:46:56',NULL),(243,'18032022-JaXJt',180,4,2023,1,'2023-06-26 14:46:57','2023-06-26 14:46:57',NULL),(244,'18132022-e1b0U',181,4,2023,1,'2023-06-26 14:46:57','2023-06-26 14:46:57',NULL),(245,'18232022-r260b',182,4,2023,1,'2023-06-26 14:46:57','2023-06-26 14:46:57',NULL),(246,'18332022-xqUpS',183,4,2023,1,'2023-06-26 14:46:57','2023-06-26 14:46:57',NULL),(247,'18432022-xOVMe',184,4,2023,1,'2023-06-26 14:46:57','2023-06-26 14:46:57',NULL),(248,'18532022-PYhbm',185,4,2023,1,'2023-06-26 14:46:57','2023-06-26 14:46:57',NULL),(249,'18632022-I74Tj',186,4,2023,1,'2023-06-26 14:46:57','2023-06-26 14:46:57',NULL),(250,'15122022-GrKzu',151,3,2023,2,'2023-06-26 14:47:15','2023-06-26 14:47:15',NULL),(251,'15222022-fMw0w',152,3,2023,1,'2023-06-26 14:47:15','2023-06-26 14:47:15',NULL),(252,'15322022-u7u6D',153,3,2023,1,'2023-06-26 14:47:15','2023-06-26 14:47:15',NULL),(253,'15422022-2LIPK',154,3,2023,1,'2023-06-26 14:47:15','2023-06-26 14:47:15',NULL),(254,'15522022-r2tBi',155,3,2023,1,'2023-06-26 14:47:15','2023-06-26 14:47:15',NULL),(255,'15622022-8B2Ct',156,3,2023,1,'2023-06-26 14:47:15','2023-06-26 14:47:15',NULL),(256,'15722022-Yk3WK',157,3,2023,1,'2023-06-26 14:47:15','2023-06-26 14:47:15',NULL),(257,'15822022-lQfct',158,3,2023,1,'2023-06-26 14:47:15','2023-06-26 14:47:15',NULL),(258,'15922022-uHiXr',159,3,2023,1,'2023-06-26 14:47:15','2023-06-26 14:47:15',NULL),(259,'16022022-hjg0s',160,3,2023,1,'2023-06-26 14:47:15','2023-06-26 14:47:15',NULL),(260,'16122022-UVfsG',161,3,2023,1,'2023-06-26 14:47:15','2023-06-26 14:47:15',NULL),(261,'16222022-mDaHa',162,3,2023,1,'2023-06-26 14:47:15','2023-06-26 14:47:15',NULL),(262,'3612022-UL40X',36,3,2023,1,'2023-06-26 14:47:15','2023-06-26 14:47:15',NULL),(263,'3712022-bDzAs',37,3,2023,1,'2023-06-26 14:47:15','2023-06-26 14:47:15',NULL),(264,'3812022-ovufY',38,3,2023,1,'2023-06-26 14:47:15','2023-06-26 14:47:15',NULL),(265,'3912022-nZiXQ',39,3,2023,1,'2023-06-26 14:47:15','2023-06-26 14:47:15',NULL),(266,'4012022-yA58h',40,3,2023,1,'2023-06-26 14:47:15','2023-06-26 14:47:15',NULL),(267,'4112022-ltn1r',41,3,2023,1,'2023-06-26 14:47:15','2023-06-26 14:47:15',NULL),(268,'4212022-PnxNV',42,3,2023,1,'2023-06-26 14:47:15','2023-06-26 14:47:15',NULL),(269,'4312022-D0uMk',43,3,2023,1,'2023-06-26 14:47:15','2023-06-26 14:47:15',NULL),(270,'4412022-HVraW',44,3,2023,1,'2023-06-26 14:47:15','2023-06-26 14:47:15',NULL),(271,'4512022-ZB2P3',45,3,2023,1,'2023-06-26 14:47:15','2023-06-26 14:47:15',NULL),(272,'2612022-266Ic',26,2,2023,2,'2023-06-26 14:47:41','2023-06-26 14:47:41',NULL),(273,'2712022-T5BDQ',27,2,2023,2,'2023-06-26 14:47:41','2023-06-26 14:47:41',NULL),(274,'2812022-jl0RA',28,2,2023,2,'2023-06-26 14:47:41','2023-06-26 14:47:41',NULL),(275,'2912022-LKpFs',29,2,2023,2,'2023-06-26 14:47:41','2023-06-26 14:47:41',NULL),(276,'3012022-gL3L6',30,2,2023,2,'2023-06-26 14:47:41','2023-06-26 14:47:41',NULL),(277,'3112022-LOO3i',31,2,2023,2,'2023-06-26 14:47:41','2023-06-26 14:47:41',NULL),(278,'3212022-uNjfG',32,2,2023,2,'2023-06-26 14:47:41','2023-06-26 14:47:41',NULL),(279,'3312022-OiPnk',33,2,2023,2,'2023-06-26 14:47:41','2023-06-26 14:47:41',NULL),(280,'3412022-nQ5vn',34,2,2023,2,'2023-06-26 14:47:41','2023-06-26 14:47:41',NULL),(281,'3512022-ivWSj',35,2,2023,2,'2023-06-26 14:47:41','2023-06-26 14:47:41',NULL),(282,'3612022-UL40X',36,2,2023,2,'2023-06-26 14:47:41','2023-06-26 14:47:41',NULL),(283,'3712022-bDzAs',37,2,2023,2,'2023-06-26 14:47:41','2023-06-26 14:47:41',NULL),(284,'3812022-ovufY',38,2,2023,2,'2023-06-26 14:47:41','2023-06-26 14:47:41',NULL),(285,'3912022-nZiXQ',39,2,2023,2,'2023-06-26 14:47:41','2023-06-26 14:47:41',NULL),(286,'4012022-yA58h',40,2,2023,2,'2023-06-26 14:47:41','2023-06-26 14:47:41',NULL),(287,'4112022-ltn1r',41,2,2023,2,'2023-06-26 14:47:41','2023-06-26 14:47:41',NULL),(288,'4212022-PnxNV',42,2,2023,2,'2023-06-26 14:47:41','2023-06-26 14:47:41',NULL),(289,'4312022-D0uMk',43,2,2023,2,'2023-06-26 14:47:41','2023-06-26 14:47:41',NULL),(290,'4412022-HVraW',44,2,2023,2,'2023-06-26 14:47:41','2023-06-26 14:47:41',NULL),(291,'4512022-ZB2P3',45,2,2023,2,'2023-06-26 14:47:41','2023-06-26 14:47:41',NULL),(292,'4612022-lHzn7',46,2,2023,2,'2023-06-26 14:47:41','2023-06-26 14:47:41',NULL),(293,'4712022-H9Jnb',47,2,2023,2,'2023-06-26 14:47:41','2023-06-26 14:47:41',NULL),(294,'4812022-RpJvo',48,2,2023,2,'2023-06-26 14:47:41','2023-06-26 14:47:41',NULL),(295,'4912022-yS4ke',49,2,2023,2,'2023-06-26 14:47:41','2023-06-26 14:47:41',NULL);
/*!40000 ALTER TABLE `student_classes` ENABLE KEYS */;
UNLOCK TABLES;

--
-- Table structure for table `study_classes`
--

DROP TABLE IF EXISTS `study_classes`;
/*!40101 SET @saved_cs_client     = @@character_set_client */;
/*!50503 SET character_set_client = utf8mb4 */;
CREATE TABLE `study_classes` (
  `id` int unsigned NOT NULL AUTO_INCREMENT,
  `slug` varchar(255) COLLATE utf8mb4_unicode_ci DEFAULT NULL,
  `name` varchar(255) COLLATE utf8mb4_unicode_ci NOT NULL,
  `id_major` int unsigned NOT NULL,
  `id_level` int unsigned NOT NULL,
  `status` tinyint NOT NULL DEFAULT '1',
  `created_at` timestamp NULL DEFAULT NULL,
  `updated_at` timestamp NULL DEFAULT NULL,
  `deleted_at` timestamp NULL DEFAULT NULL,
  PRIMARY KEY (`id`),
  KEY `study_classes_id_level_foreign` (`id_level`),
  KEY `study_classes_id_major_foreign` (`id_major`),
  CONSTRAINT `study_classes_id_level_foreign` FOREIGN KEY (`id_level`) REFERENCES `levels` (`id`) ON DELETE CASCADE,
  CONSTRAINT `study_classes_id_major_foreign` FOREIGN KEY (`id_major`) REFERENCES `majors` (`id`) ON DELETE CASCADE
) ENGINE=InnoDB AUTO_INCREMENT=9 DEFAULT CHARSET=utf8mb4 COLLATE=utf8mb4_unicode_ci;
/*!40101 SET character_set_client = @saved_cs_client */;

--
-- Dumping data for table `study_classes`
--

LOCK TABLES `study_classes` WRITE;
/*!40000 ALTER TABLE `study_classes` DISABLE KEYS */;
INSERT INTO `study_classes` (`id`, `slug`, `name`, `id_major`, `id_level`, `status`, `created_at`, `updated_at`, `deleted_at`) VALUES (1,'1-k5dDy','I ( satu )',2,1,1,'2023-05-16 07:31:18','2023-07-04 20:00:15',NULL),(2,'kelas-2-pByjP','II ( dua )',1,2,1,'2023-05-16 07:31:36','2023-07-04 20:00:42',NULL),(3,'kelas-3-jCGkB','Kelas 3',3,3,1,'2023-05-16 07:32:02','2023-05-24 07:10:50',NULL),(4,'kelas-4-2hSB4','Kelas 4',4,4,1,'2023-05-16 07:32:15','2023-05-24 07:10:57',NULL),(5,'kelas-5-JOnei','Kelas 5',5,5,1,'2023-05-16 07:32:47','2023-05-24 07:11:02',NULL),(6,'kelas-6-ln2a1','kelas 6',6,6,1,'2023-05-16 07:32:57','2023-05-24 07:11:07',NULL);
/*!40000 ALTER TABLE `study_classes` ENABLE KEYS */;
UNLOCK TABLES;

--
-- Table structure for table `sub_elements`
--

DROP TABLE IF EXISTS `sub_elements`;
/*!40101 SET @saved_cs_client     = @@character_set_client */;
/*!50503 SET character_set_client = utf8mb4 */;
CREATE TABLE `sub_elements` (
  `id` int unsigned NOT NULL AUTO_INCREMENT,
  `slug` varchar(255) CHARACTER SET utf8mb4 COLLATE utf8mb4_unicode_ci DEFAULT NULL,
  `name` varchar(255) CHARACTER SET utf8mb4 COLLATE utf8mb4_unicode_ci DEFAULT NULL,
  `id_dimension` int unsigned NOT NULL,
  `id_element` int unsigned DEFAULT NULL,
  `status` tinyint NOT NULL DEFAULT '1',
  `created_at` timestamp NULL DEFAULT NULL,
  `updated_at` timestamp NULL DEFAULT NULL,
  `deleted_at` timestamp NULL DEFAULT NULL,
  PRIMARY KEY (`id`),
  KEY `sub_elements_id_dimension_foreign` (`id_dimension`),
  KEY `sub_elements_id_element_foreign` (`id_element`)
) ENGINE=InnoDB AUTO_INCREMENT=39 DEFAULT CHARSET=utf8mb4 COLLATE=utf8mb4_unicode_ci;
/*!40101 SET character_set_client = @saved_cs_client */;

--
-- Dumping data for table `sub_elements`
--

LOCK TABLES `sub_elements` WRITE;
/*!40000 ALTER TABLE `sub_elements` DISABLE KEYS */;
INSERT INTO `sub_elements` (`id`, `slug`, `name`, `id_dimension`, `id_element`, `status`, `created_at`, `updated_at`, `deleted_at`) VALUES (1,'mengenal-dan-mencintai-tuhan-yang-maha-esa','Mengenal dan Mencintai Tuhan Yang Maha Esa',1,NULL,1,NULL,NULL,NULL),(2,'pemahaman-agama-kepercayaan','Pemahaman Agama/ Kepercayaan',1,NULL,1,NULL,NULL,NULL),(3,'pelaksanaan-ritual-ibadah','Pelaksanaan Ritual Ibadah',1,NULL,1,NULL,NULL,NULL),(4,'integritas','Integritas',1,NULL,1,NULL,NULL,NULL),(5,'merawat-diri-secara-fisik-mental-dan-spiritual','Merawat Diri secara Fisik, Mental, dan Spiritual',1,NULL,1,NULL,NULL,NULL),(6,'mengutamakan-persamaan-dengan-orang-lain-dan-menghargai-perbedaan','Mengutamakan persamaan dengan orang lain dan menghargai perbedaan',1,NULL,1,NULL,NULL,NULL),(7,'berempati-kepada-orang-lain','Berempati kepada orang lain',1,NULL,1,NULL,NULL,NULL),(8,'memahami-keterhu-bungan-ekosistem-bumi','Memahami Keterhu-bungan Ekosistem Bumi',1,NULL,1,NULL,NULL,NULL),(9,'menjaga-lingkungan-alam-sekitar','Menjaga Lingkungan Alam Sekitar',1,NULL,1,NULL,NULL,NULL),(10,'melaksanakan-hak-dan-kewajiban-sebagai-warga-negara-indonesia','Melaksanakan Hak dan Kewajiban sebagai Warga Negara Indonesia',1,NULL,1,NULL,NULL,NULL),(11,'mengenali-kualitas-dan-minat-diri-serta-tantangan-yang-dihadapi','Mengenali kualitas dan minat diri serta tantangan yang dihadapi',2,NULL,1,NULL,NULL,NULL),(12,'mengembangkan-refleksi-diri','Mengembangkan refleksi diri',2,NULL,1,NULL,NULL,NULL),(13,'regulasi-emosi','Regulasi emosi',2,NULL,1,NULL,NULL,NULL),(14,'penetapan-tujuan-belajar-prestasi-dan-pengembangan-diri-serta-rencana-strategis-untuk-mencapainya','Penetapan tujuan belajar, prestasi, dan pengembangan diri serta rencana strategis untuk mencapainya',2,NULL,1,NULL,NULL,NULL),(15,'menunjukkan-inisiatif-dan-bekerja-secara-mandiri','Menunjukkan inisiatif dan bekerja secara mandiri',2,NULL,1,NULL,NULL,NULL),(16,'mengembangkan-pengendalian-dan-disiplin-diri','Mengembangkan pengendalian dan disiplin diri',2,NULL,1,NULL,NULL,NULL),(17,'percaya-diri-tangguh-resilient-dan-adaptif','Percaya diri, tangguh (resilient), dan adaptif',2,NULL,1,NULL,NULL,NULL),(18,'kerja-sama','Kerja sama',3,NULL,1,NULL,NULL,NULL),(19,'komunikasi-untuk-mencapai-tujuan-bersama','Komunikasi untuk mencapai tujuan bersama',3,NULL,1,NULL,NULL,NULL),(20,'saling-ketergantungan-positif','Saling ketergantungan positif',3,NULL,1,NULL,NULL,NULL),(21,'koordinasi-sosial','Koordinasi Sosial',3,NULL,1,NULL,NULL,NULL),(22,'tanggap-terhadap-lingkungan-sosial','Tanggap terhadap lingkungan Sosial',3,NULL,1,NULL,NULL,NULL),(23,'persepsi-sosial','Persepsi sosial',3,NULL,1,NULL,NULL,NULL),(24,'mendalami-budaya-dan-identitas-budaya','Mendalami budaya dan identitas budaya',4,NULL,1,NULL,NULL,NULL),(25,'mengeksplorasi-dan-membandingkan-pengetahuan-budaya-kepercayaan-serta-praktiknya','mengeksplorasi dan membandingkan pengetahuan budaya, kepercayaan, serta praktiknya',4,NULL,1,NULL,NULL,NULL),(26,'menumbuhkan-rasa-menghormati-terhadap-keanekaragaman-budaya','Menumbuhkan rasa menghormati terhadap keanekaragaman budaya',4,NULL,1,NULL,NULL,NULL),(27,'berkomunikasi-antar-budaya','Berkomunikasi antar budaya',4,NULL,1,NULL,NULL,NULL),(28,'mempertimbangkan-dan-menumbuhkan-berbagai-perspektif','Mempertimbangkan dan menumbuhkan berbagai perspektif',4,NULL,1,NULL,NULL,NULL),(29,'refleksi-terhadap-pengalaman-kebinekaan','Refleksi terhadap pengalaman kebinekaan',4,NULL,1,NULL,NULL,NULL),(30,'menghilangkan-stereotip-dan-prasangka','Menghilangkan stereotip dan prasangka',4,NULL,1,NULL,NULL,NULL),(31,'menyelaraskan-perbedaan-budaya-aktif-membangun-masyarakat-yang-inklusif-adil-dan-berkelanjutan','Menyelaraskan perbedaan budaya Aktif membangun masyarakat yang inklusif, adil, dan berkelanjutan',4,NULL,1,NULL,NULL,NULL),(32,'berpartisipasi-dalam-proses-pengambilan-keputusan-bersama','Berpartisipasi dalam proses pengambilan keputusan bersama',4,NULL,1,NULL,NULL,NULL),(33,'memahami-peran-individu-dalam-demokrasi','Memahami peran individu dalam demokrasi ',4,NULL,1,NULL,NULL,NULL),(34,'mengajukan-pertanyaan','Mengajukan pertanyaan',5,NULL,1,NULL,NULL,NULL),(35,'mengidentifikasi-mengklarifikasi-dan-mengolah-informasi-dan-gagasan','Mengidentifikasi, mengklarifikasi, dan mengolah informasi dan gagasan',5,NULL,1,NULL,NULL,NULL),(36,'elemen-menganalisis-dan-mengevaluasi-penalaran-dan-prosedurnya','Elemen menganalisis dan mengevaluasi penalaran dan prosedurnya',5,NULL,1,NULL,NULL,NULL),(37,'merefleksi-dan-mengevaluasi-pemikirannya-sendiri','Merefleksi dan mengevaluasi pemikirannya sendiri',5,NULL,1,NULL,NULL,NULL),(38,'pelajar-kreatif-mampu-bereksperimen-dengan-berbagai-pilihan-secara-kreatif-ketika-menghadapi-perubahan-situasi-dan-kondisi','pelajar kreatif mampu bereksperimen dengan berbagai pilihan secara kreatif Ketika menghadapi perubahan situasi dan kondisi',6,NULL,1,NULL,NULL,NULL);
/*!40000 ALTER TABLE `sub_elements` ENABLE KEYS */;
UNLOCK TABLES;

--
-- Table structure for table `subject_teachers`
--

DROP TABLE IF EXISTS `subject_teachers`;
/*!40101 SET @saved_cs_client     = @@character_set_client */;
/*!50503 SET character_set_client = utf8mb4 */;
CREATE TABLE `subject_teachers` (
  `id` bigint unsigned NOT NULL AUTO_INCREMENT,
  `slug` varchar(255) COLLATE utf8mb4_unicode_ci DEFAULT NULL,
  `id_teacher` int unsigned NOT NULL,
  `id_course` int unsigned NOT NULL,
  `id_school_year` int unsigned NOT NULL,
  `id_study_class` json NOT NULL,
  `status` tinyint NOT NULL DEFAULT '1',
  `created_at` timestamp NULL DEFAULT NULL,
  `updated_at` timestamp NULL DEFAULT NULL,
  `deleted_at` timestamp NULL DEFAULT NULL,
  PRIMARY KEY (`id`),
  KEY `subject_teachers_id_teacher_foreign` (`id_teacher`),
  KEY `subject_teachers_id_course_foreign` (`id_course`),
  KEY `subject_teachers_id_school_year_foreign` (`id_school_year`),
  CONSTRAINT `subject_teachers_id_course_foreign` FOREIGN KEY (`id_course`) REFERENCES `courses` (`id`) ON DELETE CASCADE,
  CONSTRAINT `subject_teachers_id_school_year_foreign` FOREIGN KEY (`id_school_year`) REFERENCES `school_years` (`id`) ON DELETE CASCADE,
  CONSTRAINT `subject_teachers_id_teacher_foreign` FOREIGN KEY (`id_teacher`) REFERENCES `teachers` (`id`) ON DELETE CASCADE
) ENGINE=InnoDB AUTO_INCREMENT=132 DEFAULT CHARSET=utf8mb4 COLLATE=utf8mb4_unicode_ci;
/*!40101 SET character_set_client = @saved_cs_client */;

--
-- Dumping data for table `subject_teachers`
--

LOCK TABLES `subject_teachers` WRITE;
/*!40000 ALTER TABLE `subject_teachers` DISABLE KEYS */;
INSERT INTO `subject_teachers` (`id`, `slug`, `id_teacher`, `id_course`, `id_school_year`, `id_study_class`, `status`, `created_at`, `updated_at`, `deleted_at`) VALUES (1,NULL,2,1,3,'[\"1\"]',1,'2023-05-16 08:15:32','2023-05-31 07:24:41','2023-05-31 07:24:41'),(2,NULL,3,1,3,'[\"2\"]',1,'2023-05-16 08:17:02','2023-05-31 07:24:45','2023-05-31 07:24:45'),(3,NULL,4,1,3,'[\"3\"]',1,'2023-05-16 08:17:11','2023-05-31 07:24:51','2023-05-31 07:24:51'),(4,NULL,5,1,3,'[\"4\"]',1,'2023-05-16 08:17:20','2023-05-31 07:24:55','2023-05-31 07:24:55'),(5,NULL,6,1,3,'[\"5\"]',1,'2023-05-16 08:17:29','2023-05-31 07:24:59','2023-05-31 07:24:59'),(6,NULL,7,1,3,'[\"6\"]',1,'2023-05-16 08:17:38','2023-05-31 07:25:03','2023-05-31 07:25:03'),(7,NULL,2,2,3,'[\"1\"]',1,'2023-05-16 08:18:28','2023-05-31 07:25:42','2023-05-31 07:25:42'),(8,NULL,3,2,3,'[\"2\"]',1,'2023-05-16 08:18:35','2023-05-31 07:25:45','2023-05-31 07:25:45'),(9,NULL,4,2,3,'[\"3\"]',1,'2023-05-16 08:18:44','2023-05-31 07:25:48','2023-05-31 07:25:48'),(10,NULL,5,2,3,'[\"4\"]',1,'2023-05-16 08:18:56','2023-05-31 07:25:51','2023-05-31 07:25:51'),(11,NULL,6,2,3,'[\"5\"]',1,'2023-05-16 08:19:45','2023-05-31 07:25:54','2023-05-31 07:25:54'),(12,NULL,7,2,3,'[\"6\"]',1,'2023-05-16 08:19:54','2023-05-31 07:25:58','2023-05-31 07:25:58'),(15,NULL,9,3,3,'[\"1\", \"2\", \"3\", \"4\", \"5\", \"6\"]',1,'2023-05-23 07:17:19','2023-05-31 07:26:10','2023-05-31 07:26:10'),(16,NULL,4,5,1,'[\"6\"]',1,'2023-05-24 04:58:40','2023-05-24 04:59:41','0000-00-00 00:00:00'),(17,NULL,4,4,1,'[\"6\"]',1,'2023-05-24 05:00:34','2023-05-31 07:26:56','2023-05-31 07:26:56'),(18,NULL,3,6,1,'[\"6\"]',1,'2023-05-24 06:45:14','2023-05-31 07:27:10','2023-05-31 07:27:10'),(19,NULL,5,6,1,'[\"5\"]',1,'2023-05-24 06:45:46','2023-05-31 07:27:14','2023-05-31 07:27:14'),(20,NULL,2,7,1,'[\"6\"]',1,'2023-05-25 03:19:41','2023-05-31 07:27:25','2023-05-31 07:27:25'),(21,NULL,9,1,3,'[\"1\"]',1,'2023-05-30 02:16:12','2023-05-30 02:20:22','2023-05-30 02:20:22'),(22,NULL,11,1,3,'[\"1\"]',1,'2023-06-06 04:24:00','2023-06-29 05:48:11','2023-06-29 05:48:11'),(23,NULL,12,1,3,'[\"3\"]',1,'2023-06-06 04:24:10','2023-06-29 05:48:11','2023-06-29 05:48:11'),(24,NULL,13,1,3,'[\"4\"]',1,'2023-06-06 04:24:26','2023-06-29 05:48:11','2023-06-29 05:48:11'),(25,NULL,15,1,3,'[\"5\"]',1,'2023-06-06 04:24:48','2023-06-29 05:48:11','2023-06-29 05:48:11'),(26,NULL,17,1,3,'[\"6\"]',1,'2023-06-06 04:25:12','2023-06-29 05:48:11','2023-06-29 05:48:11'),(27,NULL,11,3,3,'[\"1\"]',1,'2023-06-06 04:26:59','2023-06-29 05:49:19','2023-06-29 05:49:19'),(28,NULL,12,3,3,'[\"3\"]',1,'2023-06-06 04:28:37','2023-06-29 05:49:19','2023-06-29 05:49:19'),(29,NULL,13,3,3,'[\"4\"]',1,'2023-06-06 04:28:49','2023-06-29 05:49:19','2023-06-29 05:49:19'),(30,NULL,15,3,3,'[\"5\"]',1,'2023-06-06 04:31:15','2023-06-29 05:49:19','2023-06-29 05:49:19'),(31,NULL,17,3,3,'[\"6\"]',1,'2023-06-06 04:31:28','2023-06-29 05:49:19','2023-06-29 05:49:19'),(32,NULL,11,7,3,'[\"1\"]',1,'2023-06-06 06:49:03','2023-06-28 10:26:52','2023-06-28 10:26:52'),(33,NULL,12,7,3,'[\"3\"]',1,'2023-06-06 06:49:20','2023-06-28 10:26:52','2023-06-28 10:26:52'),(34,NULL,13,7,3,'[\"4\"]',1,'2023-06-06 06:49:36','2023-06-28 10:26:52','2023-06-28 10:26:52'),(35,NULL,15,7,3,'[\"5\"]',1,'2023-06-06 06:49:52','2023-06-28 10:26:52','2023-06-28 10:26:52'),(36,NULL,17,7,3,'[\"6\"]',1,'2023-06-06 06:50:05','2023-06-28 10:26:52','2023-06-28 10:26:52'),(37,NULL,16,4,3,'[\"1\"]',1,'2023-06-06 06:50:56','2023-06-29 05:49:11','2023-06-29 05:49:11'),(38,NULL,16,4,3,'[\"2\"]',1,'2023-06-06 06:51:08','2023-06-29 05:49:11','2023-06-29 05:49:11'),(39,NULL,16,4,3,'[\"3\"]',1,'2023-06-06 06:51:31','2023-06-29 05:49:11','2023-06-29 05:49:11'),(40,NULL,16,4,3,'[\"4\"]',1,'2023-06-06 06:51:44','2023-06-29 05:49:11','2023-06-29 05:49:11'),(41,NULL,16,4,3,'[\"5\", \"6\"]',1,'2023-06-06 06:52:15','2023-06-29 05:49:11','2023-06-29 05:49:11'),(42,NULL,14,8,3,'[\"1\"]',1,'2023-06-20 10:56:25','2023-06-29 05:49:01','2023-06-29 05:49:01'),(43,NULL,14,8,3,'[\"2\"]',1,'2023-06-20 10:56:43','2023-06-29 05:49:01','2023-06-29 05:49:01'),(44,NULL,14,8,1,'[\"3\", \"1\", \"2\", \"4\", \"5\", \"6\"]',1,'2023-06-20 10:57:13','2023-06-29 05:49:01','2023-06-29 05:49:01'),(45,NULL,14,8,1,'[\"4\"]',1,'2023-06-20 10:57:27','2023-06-29 05:49:01','2023-06-29 05:49:01'),(46,NULL,14,8,1,'[\"5\"]',1,'2023-06-20 10:57:44','2023-06-29 05:49:01','2023-06-29 05:49:01'),(47,NULL,14,8,3,'[\"6\"]',1,'2023-06-20 10:57:58','2023-06-29 05:49:01','2023-06-29 05:49:01'),(48,NULL,18,1,1,'[\"2\", \"3\"]',1,'2023-06-24 10:00:36','2023-06-29 05:48:11','2023-06-29 05:48:11'),(49,NULL,18,3,1,'[\"2\", \"3\"]',1,'2023-06-24 10:02:56','2023-06-29 05:49:19','2023-06-29 05:49:19'),(50,NULL,18,11,1,'[\"2\"]',1,'2023-06-24 11:00:55','2023-06-29 05:47:22','2023-06-29 05:47:22'),(51,NULL,14,2,1,'[\"1\", \"2\", \"3\", \"4\", \"5\", \"6\"]',1,'2023-06-25 07:30:45','2023-06-25 07:30:45',NULL),(52,NULL,15,9,1,'[\"5\"]',1,'2023-06-27 07:57:16','2023-06-29 05:48:52','2023-06-29 05:48:52'),(53,NULL,11,1,1,'[\"1\"]',1,'2023-06-28 06:22:39','2023-06-29 05:48:11','2023-06-29 05:48:11'),(54,NULL,12,1,1,'[\"2\"]',1,'2023-06-28 06:22:39','2023-06-29 05:48:11','2023-06-29 05:48:11'),(55,NULL,13,1,1,'[\"4\"]',1,'2023-06-28 06:22:39','2023-06-29 05:48:11','2023-06-29 05:48:11'),(56,NULL,15,1,1,'[\"5\"]',1,'2023-06-28 06:22:39','2023-06-29 05:48:11','2023-06-29 05:48:11'),(57,NULL,17,1,1,'[\"6\"]',1,'2023-06-28 06:22:39','2023-06-29 05:48:11','2023-06-29 05:48:11'),(58,NULL,11,12,1,'[\"1\"]',1,'2023-06-28 06:28:06','2023-06-29 05:48:34','2023-06-29 05:48:34'),(59,NULL,12,12,1,'[\"2\"]',1,'2023-06-28 06:28:06','2023-06-29 05:48:34','2023-06-29 05:48:34'),(60,NULL,18,12,1,'[\"3\"]',1,'2023-06-28 06:28:06','2023-06-29 05:48:34','2023-06-29 05:48:34'),(61,NULL,13,12,1,'[\"4\"]',1,'2023-06-28 06:28:06','2023-06-29 05:48:34','2023-06-29 05:48:34'),(62,NULL,15,12,1,'[\"5\"]',1,'2023-06-28 06:28:06','2023-06-29 05:48:34','2023-06-29 05:48:34'),(63,NULL,17,12,1,'[\"6\"]',1,'2023-06-28 06:28:06','2023-06-29 05:48:34','2023-06-29 05:48:34'),(64,NULL,11,3,1,'[\"1\"]',1,'2023-06-28 06:31:48','2023-06-29 05:49:19','2023-06-29 05:49:19'),(65,NULL,12,3,1,'[\"2\"]',1,'2023-06-28 06:31:48','2023-06-29 05:49:19','2023-06-29 05:49:19'),(66,NULL,13,3,1,'[\"4\"]',1,'2023-06-28 06:31:48','2023-06-29 05:49:19','2023-06-29 05:49:19'),(67,NULL,15,3,1,'[\"5\"]',1,'2023-06-28 06:31:48','2023-06-29 05:49:19','2023-06-29 05:49:19'),(68,NULL,17,3,1,'[\"6\"]',1,'2023-06-28 06:31:48','2023-06-29 05:49:19','2023-06-29 05:49:19'),(69,NULL,16,13,1,'[\"1\", \"2\", \"3\", \"4\", \"5\", \"6\"]',1,'2023-06-28 06:36:50','2023-06-29 05:48:24','2023-06-29 05:48:24'),(70,NULL,11,14,1,'[\"1\"]',1,'2023-06-30 07:25:27','2023-06-30 07:25:27',NULL),(71,NULL,18,14,1,'[\"2\"]',1,'2023-06-30 07:25:27','2023-06-30 07:25:27',NULL),(72,NULL,12,14,1,'[\"3\"]',1,'2023-06-30 07:25:27','2023-06-30 07:25:27',NULL),(73,NULL,13,14,1,'[\"4\"]',1,'2023-06-30 07:25:27','2023-06-30 07:25:27',NULL),(74,NULL,15,14,1,'[\"5\"]',1,'2023-06-30 07:25:27','2023-06-30 07:25:27',NULL),(75,NULL,17,14,1,'[\"6\"]',1,'2023-06-30 07:25:27','2023-06-30 07:25:27',NULL),(76,NULL,11,15,1,'[\"1\"]',1,'2023-06-30 07:27:18','2023-06-30 07:27:18',NULL),(77,NULL,18,15,1,'[\"2\"]',1,'2023-06-30 07:27:18','2023-06-30 07:27:18',NULL),(78,NULL,12,15,1,'[\"3\"]',1,'2023-06-30 07:27:18','2023-06-30 07:27:18',NULL),(79,NULL,13,15,1,'[\"4\"]',1,'2023-06-30 07:27:18','2023-06-30 07:27:18',NULL),(80,NULL,15,15,1,'[\"5\"]',1,'2023-06-30 07:27:18','2023-06-30 07:27:18',NULL),(81,NULL,17,15,1,'[\"6\"]',1,'2023-06-30 07:27:18','2023-06-30 07:27:18',NULL),(82,NULL,11,16,1,'[\"1\"]',1,'2023-06-30 07:28:49','2023-06-30 07:28:49',NULL),(83,NULL,18,16,1,'[\"2\"]',1,'2023-06-30 07:28:49','2023-06-30 07:28:49',NULL),(84,NULL,12,16,1,'[\"3\"]',1,'2023-06-30 07:28:49','2023-06-30 07:28:49',NULL),(85,NULL,13,16,1,'[\"4\"]',1,'2023-06-30 07:28:49','2023-06-30 07:28:49',NULL),(86,NULL,15,16,1,'[\"5\"]',1,'2023-06-30 07:28:49','2023-06-30 07:28:49',NULL),(87,NULL,17,16,1,'[\"6\"]',1,'2023-06-30 07:28:49','2023-06-30 07:28:49',NULL),(88,NULL,11,17,1,'[\"1\"]',1,'2023-06-30 07:30:34','2023-06-30 07:30:57','2023-06-30 07:30:57'),(89,NULL,18,17,1,'[\"2\"]',1,'2023-06-30 07:30:34','2023-06-30 07:31:11','2023-06-30 07:31:11'),(90,NULL,12,17,1,'[\"3\"]',1,'2023-06-30 07:30:34','2023-06-30 07:31:23','2023-06-30 07:31:23'),(91,NULL,13,17,1,'[\"4\"]',1,'2023-06-30 07:30:34','2023-06-30 07:30:34',NULL),(92,NULL,15,17,1,'[\"5\"]',1,'2023-06-30 07:30:34','2023-06-30 07:30:34',NULL),(93,NULL,17,17,1,'[\"6\"]',1,'2023-06-30 07:30:34','2023-06-30 07:44:54','2023-06-30 07:44:54'),(94,NULL,11,18,1,'[\"1\"]',1,'2023-06-30 07:32:58','2023-06-30 07:33:48','2023-06-30 07:33:48'),(95,NULL,18,18,1,'[\"2\"]',1,'2023-06-30 07:32:58','2023-06-30 07:33:43','2023-06-30 07:33:43'),(96,NULL,12,18,1,'[\"3\"]',1,'2023-06-30 07:32:58','2023-06-30 07:33:36','2023-06-30 07:33:36'),(97,NULL,13,18,1,'[\"4\"]',1,'2023-06-30 07:32:58','2023-06-30 07:33:29','2023-06-30 07:33:29'),(98,NULL,15,18,1,'[\"5\"]',1,'2023-06-30 07:32:58','2023-06-30 07:33:21','2023-06-30 07:33:21'),(99,NULL,17,18,1,'[\"6\"]',1,'2023-06-30 07:32:58','2023-06-30 07:33:11','2023-06-30 07:33:11'),(100,NULL,16,18,1,'[\"1\", \"2\", \"3\", \"4\", \"5\", \"6\"]',1,'2023-06-30 07:34:54','2023-06-30 07:34:54',NULL),(101,NULL,11,19,1,'[\"1\"]',1,'2023-06-30 07:36:25','2023-07-01 10:34:03','2023-07-01 10:34:03'),(102,NULL,18,19,1,'[\"2\"]',1,'2023-06-30 07:36:25','2023-07-01 10:34:10','2023-07-01 10:34:10'),(103,NULL,12,19,1,'[\"3\"]',1,'2023-06-30 07:36:25','2023-06-30 07:36:25',NULL),(104,NULL,13,19,1,'[\"4\"]',1,'2023-06-30 07:36:25','2023-07-01 10:34:14','2023-07-01 10:34:14'),(105,NULL,15,19,1,'[\"5\"]',1,'2023-06-30 07:36:25','2023-07-01 10:34:21','2023-07-01 10:34:21'),(106,NULL,17,19,1,'[\"6\"]',1,'2023-06-30 07:36:25','2023-06-30 07:36:25',NULL),(107,NULL,12,20,1,'[\"3\"]',1,'2023-06-30 07:39:05','2023-07-01 08:32:09','2023-07-01 08:32:09'),(108,NULL,17,20,1,'[\"6\"]',1,'2023-06-30 07:39:20','2023-06-30 07:39:20',NULL),(109,NULL,12,21,1,'[\"3\"]',1,'2023-06-30 07:40:34','2023-07-01 08:32:31','2023-07-01 08:32:31'),(110,NULL,17,21,1,'[\"6\"]',1,'2023-06-30 07:40:50','2023-06-30 07:40:50',NULL),(111,NULL,11,22,1,'[\"1\"]',1,'2023-07-01 09:57:28','2023-07-01 09:57:28',NULL),(112,NULL,18,22,1,'[\"2\"]',1,'2023-07-01 09:57:28','2023-07-01 09:57:28',NULL),(113,NULL,12,22,1,'[\"3\"]',1,'2023-07-01 09:57:28','2023-07-01 09:57:28',NULL),(114,NULL,13,22,1,'[\"4\"]',1,'2023-07-01 09:57:28','2023-07-01 09:57:28',NULL),(115,NULL,15,22,1,'[\"5\"]',1,'2023-07-01 09:57:28','2023-07-01 09:57:28',NULL),(116,NULL,17,22,1,'[\"6\"]',1,'2023-07-01 09:57:28','2023-07-01 09:57:28',NULL),(117,NULL,11,24,1,'[\"1\"]',1,'2023-07-01 10:01:04','2023-07-01 10:01:34','2023-07-01 10:01:34'),(118,NULL,18,24,1,'[\"2\"]',1,'2023-07-01 10:01:04','2023-07-01 10:01:04',NULL),(119,NULL,12,24,1,'[\"3\"]',1,'2023-07-01 10:01:04','2023-07-01 10:01:45','2023-07-01 10:01:45'),(120,NULL,13,24,1,'[\"4\"]',1,'2023-07-01 10:01:04','2023-07-01 10:01:04',NULL),(121,NULL,15,24,1,'[\"5\"]',1,'2023-07-01 10:01:04','2023-07-01 10:01:04',NULL),(122,NULL,17,24,1,'[\"6\"]',1,'2023-07-01 10:01:04','2023-07-01 10:02:40','2023-07-01 10:02:40'),(123,NULL,13,25,1,'[\"4\"]',1,'2023-07-01 10:04:56','2023-07-01 10:04:56',NULL),(124,NULL,11,26,1,'[\"1\"]',1,'2023-07-01 10:35:40','2023-07-01 10:35:40',NULL),(125,NULL,18,26,1,'[\"2\"]',1,'2023-07-01 10:35:56','2023-07-01 10:35:56',NULL),(126,NULL,13,26,1,'[\"4\"]',1,'2023-07-01 10:37:08','2023-07-01 10:37:08',NULL),(127,NULL,15,26,1,'[\"5\"]',1,'2023-07-01 10:37:31','2023-07-01 10:37:31',NULL),(128,NULL,11,27,1,'[\"1\"]',1,'2023-07-01 10:38:20','2023-07-01 10:38:20',NULL),(129,NULL,18,27,1,'[\"2\"]',1,'2023-07-01 10:38:30','2023-07-01 10:38:30',NULL),(130,NULL,13,27,1,'[\"4\"]',1,'2023-07-01 10:38:40','2023-07-01 10:38:40',NULL),(131,NULL,15,27,1,'[\"5\"]',1,'2023-07-01 10:38:50','2023-07-01 10:38:50',NULL);
/*!40000 ALTER TABLE `subject_teachers` ENABLE KEYS */;
UNLOCK TABLES;

--
-- Table structure for table `teacher_notes`
--

DROP TABLE IF EXISTS `teacher_notes`;
/*!40101 SET @saved_cs_client     = @@character_set_client */;
/*!50503 SET character_set_client = utf8mb4 */;
CREATE TABLE `teacher_notes` (
  `id` bigint unsigned NOT NULL AUTO_INCREMENT,
  `slug` varchar(255) COLLATE utf8mb4_unicode_ci DEFAULT NULL,
  `id_student_class` bigint unsigned DEFAULT NULL,
  `id_school_year` int unsigned NOT NULL,
  `id_teacher` int unsigned DEFAULT NULL,
  `promotion` enum('Y','N') COLLATE utf8mb4_unicode_ci NOT NULL,
  `description` text COLLATE utf8mb4_unicode_ci,
  `status` tinyint NOT NULL DEFAULT '1',
  `created_at` timestamp NULL DEFAULT NULL,
  `updated_at` timestamp NULL DEFAULT NULL,
  `deleted_at` timestamp NULL DEFAULT NULL,
  PRIMARY KEY (`id`),
  KEY `teacher_notes_id_student_class_foreign` (`id_student_class`),
  KEY `teacher_notes_id_teacher_foreign` (`id_teacher`),
  KEY `teacher_notes_id_school_year_foreign` (`id_school_year`),
  CONSTRAINT `teacher_notes_id_school_year_foreign` FOREIGN KEY (`id_school_year`) REFERENCES `school_years` (`id`) ON DELETE CASCADE,
  CONSTRAINT `teacher_notes_id_student_class_foreign` FOREIGN KEY (`id_student_class`) REFERENCES `student_classes` (`id`) ON DELETE CASCADE,
  CONSTRAINT `teacher_notes_id_teacher_foreign` FOREIGN KEY (`id_teacher`) REFERENCES `teachers` (`id`) ON DELETE CASCADE
) ENGINE=InnoDB AUTO_INCREMENT=11 DEFAULT CHARSET=utf8mb4 COLLATE=utf8mb4_unicode_ci;
/*!40101 SET character_set_client = @saved_cs_client */;

--
-- Dumping data for table `teacher_notes`
--

LOCK TABLES `teacher_notes` WRITE;
/*!40000 ALTER TABLE `teacher_notes` DISABLE KEYS */;
/*!40000 ALTER TABLE `teacher_notes` ENABLE KEYS */;
UNLOCK TABLES;

--
-- Table structure for table `teachers`
--

DROP TABLE IF EXISTS `teachers`;
/*!40101 SET @saved_cs_client     = @@character_set_client */;
/*!50503 SET character_set_client = utf8mb4 */;
CREATE TABLE `teachers` (
  `id` int unsigned NOT NULL AUTO_INCREMENT,
  `slug` varchar(255) COLLATE utf8mb4_unicode_ci DEFAULT NULL,
  `nip` varchar(255) COLLATE utf8mb4_unicode_ci DEFAULT NULL,
  `nik` varchar(255) COLLATE utf8mb4_unicode_ci DEFAULT NULL,
  `nuptk` varchar(255) COLLATE utf8mb4_unicode_ci DEFAULT NULL,
  `name` varchar(255) COLLATE utf8mb4_unicode_ci NOT NULL,
  `gender` enum('male','female') COLLATE utf8mb4_unicode_ci NOT NULL,
  `religion` varchar(255) COLLATE utf8mb4_unicode_ci DEFAULT NULL,
  `file` varchar(255) COLLATE utf8mb4_unicode_ci DEFAULT NULL,
  `phone` varchar(255) COLLATE utf8mb4_unicode_ci DEFAULT NULL,
  `email` varchar(255) COLLATE utf8mb4_unicode_ci DEFAULT NULL,
  `place_of_birth` varchar(255) COLLATE utf8mb4_unicode_ci DEFAULT NULL,
  `date_of_birth` date DEFAULT NULL,
  `address` text COLLATE utf8mb4_unicode_ci,
  `type` enum('homeroom','teacher','other') COLLATE utf8mb4_unicode_ci NOT NULL,
  `id_class` int unsigned DEFAULT NULL,
  `password` varchar(255) COLLATE utf8mb4_unicode_ci NOT NULL,
  `last_login` datetime DEFAULT NULL,
  `status` tinyint NOT NULL DEFAULT '1',
  `created_at` timestamp NULL DEFAULT NULL,
  `updated_at` timestamp NULL DEFAULT NULL,
  `deleted_at` timestamp NULL DEFAULT NULL,
  PRIMARY KEY (`id`),
  KEY `teachers_id_class_foreign` (`id_class`),
  CONSTRAINT `teachers_id_class_foreign` FOREIGN KEY (`id_class`) REFERENCES `study_classes` (`id`) ON DELETE CASCADE
) ENGINE=InnoDB AUTO_INCREMENT=19 DEFAULT CHARSET=utf8mb4 COLLATE=utf8mb4_unicode_ci;
/*!40101 SET character_set_client = @saved_cs_client */;

--
-- Dumping data for table `teachers`
--

LOCK TABLES `teachers` WRITE;
/*!40000 ALTER TABLE `teachers` DISABLE KEYS */;
INSERT INTO `teachers` (`id`, `slug`, `nip`, `nik`, `nuptk`, `name`, `gender`, `religion`, `file`, `phone`, `email`, `place_of_birth`, `date_of_birth`, `address`, `type`, `id_class`, `password`, `last_login`, `status`, `created_at`, `updated_at`, `deleted_at`) VALUES (2,'rifki-al-ghifari-p0kyk',NULL,NULL,NULL,'rifki al ghifari','male','islam',NULL,'089626040243','rifki@mail.com','temanggung','2000-05-03',NULL,'homeroom',1,'$2y$10$.zBOHhxiX0el2BbgLa9yxucmpY23c90G3BCdG.cyCKg/hxvJ/28WK',NULL,1,'2023-05-16 07:44:11','2023-05-31 07:27:51','2023-05-31 07:27:51'),(3,'budi-prihatin-pMdI6',NULL,NULL,NULL,'budi prihatin','male','lainnya',NULL,'085729966652','budi@mail.com','pingit','1987-05-01',NULL,'homeroom',2,'$2y$10$DbZj1IXU6yytaoG6CXQXae8EZeWhc1d2HNcJPwKRqj321sXRPjobC',NULL,1,'2023-05-16 07:46:23','2023-05-31 07:27:55','2023-05-31 07:27:55'),(4,'kepin-waluyo-GLfiO',NULL,NULL,NULL,'kepin waluyo','male','protestan',NULL,'089894','kepin@mail.com','temanggung','1988-05-12',NULL,'homeroom',3,'$2y$10$5X2kKiAzNTQwy4LZ1RU0AenKp99KVnSGXdvrqwPf0GMKRl/z6zR9O',NULL,1,'2023-05-16 07:48:38','2023-05-31 07:28:01','2023-05-31 07:28:01'),(5,'maul-al-hisyam-Rh5PM',NULL,NULL,NULL,'maul al hisyam','male','hindu',NULL,'085668877988','maul@mail.com','brebes','1990-05-01',NULL,'homeroom',4,'$2y$10$AX0AenALpkFQhyfrILvfY.j9hIv/3J3n7yuBzaV5eBLgkeYPXnajq',NULL,1,'2023-05-16 07:54:49','2023-05-31 07:28:04','2023-05-31 07:28:04'),(6,'dino-al-radiansyah-O7pju',NULL,NULL,NULL,'Dino Al Radiansyah','male','konghucu',NULL,'087499870809','dino@mail.com','sala3','1991-05-01',NULL,'homeroom',5,'$2y$10$6y7oagMiSgHGdb92MArR3uabP7tbD/ENMH.9TUUw/Z0Kqz.VZXch.',NULL,1,'2023-05-16 07:55:53','2023-05-31 07:28:07','2023-05-31 07:28:07'),(7,'sangadji-pangeran-LG0KA',NULL,NULL,NULL,'Sangadji Pangeran','male','lainnya',NULL,'085729086099','adji@mail.com','jasan','1987-05-01',NULL,'homeroom',6,'$2y$10$8QkSEUq0DjgmUSBZkRSp5OcjTZS/m2T0SMK78gq3LHYdZ3rRh3D8W',NULL,1,'2023-05-16 07:57:23','2023-05-31 07:28:11','2023-05-31 07:28:11'),(8,'guru-qNYBm','2312324','12323','12323','guru','male','islam',NULL,'08756','guru@mail.com','cercec','1999-05-19','hdbvcw','teacher',NULL,'$2y$10$QK6bheQ5xDPHlKTT2ZjLuOgk5gvHM/reW/1Hg09oHzBfdy/SYCJUW',NULL,1,'2023-05-19 08:37:50','2023-05-31 07:28:14','2023-05-31 07:28:14'),(9,'andi-0C4DF','1234456','565656554332','8372822','andi','male','islam',NULL,'08975656556','andi@gmail.com','Temanggung','2000-12-20','Temanggung','teacher',1,'$2y$10$CcXG9XDP1pCGmMIfsM4SCelpb7e8YGUg7aAP4wiSEY4Spf0fFwNCG',NULL,1,'2023-05-23 04:33:22','2023-05-31 07:28:18','2023-05-31 07:28:18'),(10,'gerald-pangkali-RrFTT','3242323422','123123212','324242342422','gerald pangkali','male','budha',NULL,'89494934322','gerald@mail.com','london','2020-09-09','london wetan','teacher',NULL,'$2y$10$uXRMTqKoy7r4rUixhR1yvOpkqgadYvHuNBnDxRaOJkoPY.zewgV4m',NULL,1,'2023-05-25 02:30:27','2023-05-31 07:28:21','2023-05-31 07:28:21'),(11,'chomsatun-OmJIK','197409112008012014','331010909920001','4243752656300003','Chomsatun','female','Islam',NULL,'chomsatun494@gmail.com','chomsatun494@gmail.com','Kebumen','1974-09-11','KALIBAGOR','homeroom',1,'$2y$10$.5M5VqGA.kr1VjOW1DzeBeQU0f08RjF5xkaiUUquIk.YsqAUibY9q',NULL,1,'2023-05-31 07:54:11','2023-05-31 07:54:11',NULL),(12,'darsum-yKApP','196402072007011006','331010909920002','5539742643200062','Darsum','male','Islam',NULL,'darsum373@gmail.com','darsum373@gmail.com','Kebumen','1964-02-07','Jl. DAENDLES 69','homeroom',3,'$2y$10$sgi3yHQZiuTUQd/XUEcu6.KL0J2ZrHOy2aQUvmVMTp51Xm4m7p6aa',NULL,1,'2023-05-31 07:54:11','2023-05-31 07:54:11',NULL),(13,'fenty-wakhidayah-M6Zbj','199107042022212011','331010909920003','7036768670210003','Fenty Wakhidayah','female','Islam',NULL,'fwakhidayah@gmail.com','fwakhidayah@gmail.com','Kebumen','1991-07-04','JL MAWAR NO 21','homeroom',4,'$2y$10$dYW.fD3N7uHii70JDUhDceFy/Yhykjsf2d80XLYNjz.3LCsB9UHrm',NULL,1,'2023-05-31 07:54:11','2023-05-31 07:54:11',NULL),(14,'m-syaefudin-bashori-ffeTT','0','331010909920004','8540756657200002','M. Syaefudin Bashori','male','Islam',NULL,'msyaifudin862@gmail.com','msyaifudin862@gmail.com','Lamongan','1978-02-08','KALIBAGOR','teacher',NULL,'$2y$10$Mqin4xx8ykmCfymNH6eqPeeMOIXPcFzf9KZ6hniHiAmnJGOM3mWBa',NULL,1,'2023-05-31 07:54:11','2023-05-31 07:54:11',NULL),(15,'marfuah-5WwhG','196807252007012028','331010909920005','2057746649300043','Marfuah','female','Islam',NULL,'marf8024@gmail.com','marf8024@gmail.com','Kebumen','1968-07-25','MENTAUN WETAN','homeroom',5,'$2y$10$5RtAMY1Lsg000/JJZIx9EeHp7HuUrJJVX2abjJbzf9gH.4jOUjgzO',NULL,1,'2023-05-31 07:54:11','2023-05-31 07:54:11',NULL),(16,'ratino-Gk7X7','196502051986081003','331010909920006','5537743644200062','Ratino','male','Islam',NULL,'ratino332@gmail.com','ratino332@gmail.com','KEBUMEN','1965-02-05','BOCOR','teacher',NULL,'$2y$10$yIUPScU5j/8x0haTetz89eAsYOIUvelSuWFiEMyN.Va4r/0.NjwY2',NULL,1,'2023-05-31 07:54:11','2023-05-31 07:54:11',NULL),(17,'septiyana-rizki-azizah-yee8i','199609072020122023','331010909920007','4239774675230033','SEPTIYANA RIZKI AZIZAH','female','Islam',NULL,'08962717171','septi4662@gmail.com','KEBUMEN','1996-09-07','KALIBAGOR','homeroom',6,'$2y$10$gzPoWnk2DoB91.b4bLawaey8nCYs7fVAFgrOBkBEZdg/X3tZrlkOa',NULL,1,'2023-05-31 07:54:11','2023-07-03 11:44:18',NULL),(18,'mutia-elistiani-spd-hRQK5',NULL,'3305066312950001','5555773675230023','Mutia Elistiani, S.Pd.','female','islam',NULL,'08962717171','mutiaelistiani32@admin.sd.belajar.id','Kebumen','1995-12-23','Bulus Pesantren','homeroom',2,'$2y$10$yx8rON2KkUT0YyQ3wM9b3OM1HUfnPkmeAEKmADTbbibwCfCW.ZkwC',NULL,1,'2023-06-24 09:55:55','2023-07-01 08:16:25',NULL);
/*!40000 ALTER TABLE `teachers` ENABLE KEYS */;
UNLOCK TABLES;

--
-- Table structure for table `temas`
--

DROP TABLE IF EXISTS `temas`;
/*!40101 SET @saved_cs_client     = @@character_set_client */;
/*!50503 SET character_set_client = utf8mb4 */;
CREATE TABLE `temas` (
  `id` int unsigned NOT NULL AUTO_INCREMENT,
  `slug` varchar(255) COLLATE utf8mb4_unicode_ci DEFAULT NULL,
  `type` enum('paud','smp') COLLATE utf8mb4_unicode_ci NOT NULL,
  `name` varchar(255) COLLATE utf8mb4_unicode_ci DEFAULT NULL,
  `status` tinyint NOT NULL DEFAULT '1',
  `created_at` timestamp NULL DEFAULT NULL,
  `updated_at` timestamp NULL DEFAULT NULL,
  `deleted_at` timestamp NULL DEFAULT NULL,
  PRIMARY KEY (`id`)
) ENGINE=InnoDB AUTO_INCREMENT=13 DEFAULT CHARSET=utf8mb4 COLLATE=utf8mb4_unicode_ci;
/*!40101 SET character_set_client = @saved_cs_client */;

--
-- Dumping data for table `temas`
--

LOCK TABLES `temas` WRITE;
/*!40000 ALTER TABLE `temas` DISABLE KEYS */;
INSERT INTO `temas` (`id`, `slug`, `type`, `name`, `status`, `created_at`, `updated_at`, `deleted_at`) VALUES (1,'gaya-hidup-berkelanjutan','smp','Gaya Hidup Berkelanjutan',1,NULL,NULL,NULL),(2,'kearifan-lokal','smp','Kearifan Lokal',1,NULL,NULL,NULL),(3,'bhinneka-tunggal-ika','smp','Bhinneka Tunggal Ika',1,NULL,NULL,NULL),(4,'bangunlah-jiwa-dan-raganya','smp','Bangunlah Jiwa dan Raganya',1,NULL,NULL,NULL),(5,'suara-demokrasi','smp','Suara Demokrasi',1,NULL,NULL,NULL),(6,'rekayasa-dan-teknologi','smp','Rekayasa dan Teknologi',1,NULL,NULL,NULL),(7,'kewirausahaan','smp','Kewirausahaan',1,NULL,NULL,NULL),(8,'kebekerjaan','smp','Kebekerjaan',1,NULL,NULL,NULL),(9,'aku-sayang-bumi-gaya-hidup-berkelanjutan','paud','Aku Sayang Bumi \"Gaya Hidup Berkelanjutan\"',2,NULL,NULL,NULL),(10,'aku-cinta-indonesia-kearifan-lokal','paud','Aku Cinta Indonesia \"Kearifan Lokal\"',2,NULL,NULL,NULL),(11,'kita-semua-bersaudara-bhinneka-tunggal-ika','paud','Kita Semua Bersaudara \"Bhinneka Tunggal Ika\"',2,NULL,NULL,NULL),(12,'imajinasi-dan-kreativitasku-rekayasa-dan-teknologi','paud','Imajinasi dan Kreativitasku \"Rekayasa dan Teknologi\"',2,NULL,NULL,NULL);
/*!40000 ALTER TABLE `temas` ENABLE KEYS */;
UNLOCK TABLES;

--
-- Table structure for table `template_configurations`
--

DROP TABLE IF EXISTS `template_configurations`;
/*!40101 SET @saved_cs_client     = @@character_set_client */;
/*!50503 SET character_set_client = utf8mb4 */;
CREATE TABLE `template_configurations` (
  `id` tinyint unsigned NOT NULL AUTO_INCREMENT,
  `slug` varchar(255) COLLATE utf8mb4_unicode_ci DEFAULT NULL,
  `id_major` int unsigned DEFAULT NULL,
  `type` enum('uas','uts') COLLATE utf8mb4_unicode_ci NOT NULL,
  `template` varchar(255) COLLATE utf8mb4_unicode_ci DEFAULT NULL,
  `id_school_year` int unsigned DEFAULT NULL,
  `status` tinyint NOT NULL DEFAULT '1',
  `created_at` timestamp NULL DEFAULT NULL,
  `updated_at` timestamp NULL DEFAULT NULL,
  `deleted_at` timestamp NULL DEFAULT NULL,
  PRIMARY KEY (`id`),
  KEY `template_configurations_id_major_foreign` (`id_major`),
  KEY `template_configurations_id_school_year_foreign` (`id_school_year`),
  CONSTRAINT `template_configurations_id_major_foreign` FOREIGN KEY (`id_major`) REFERENCES `majors` (`id`) ON DELETE CASCADE,
  CONSTRAINT `template_configurations_id_school_year_foreign` FOREIGN KEY (`id_school_year`) REFERENCES `school_years` (`id`) ON DELETE CASCADE
) ENGINE=InnoDB AUTO_INCREMENT=13 DEFAULT CHARSET=utf8mb4 COLLATE=utf8mb4_unicode_ci;
/*!40101 SET character_set_client = @saved_cs_client */;

--
-- Dumping data for table `template_configurations`
--

LOCK TABLES `template_configurations` WRITE;
/*!40000 ALTER TABLE `template_configurations` DISABLE KEYS */;
INSERT INTO `template_configurations` (`id`, `slug`, `id_major`, `type`, `template`, `id_school_year`, `status`, `created_at`, `updated_at`, `deleted_at`) VALUES (1,NULL,1,'uts','merdeka',1,1,'2023-05-16 08:20:55','2023-07-11 11:01:25',NULL),(2,NULL,1,'uas','merdeka',3,1,'2023-05-21 11:41:26','2023-06-25 07:21:54',NULL),(3,NULL,2,'uas','merdeka',3,1,'2023-05-24 07:11:46','2023-05-25 04:20:40',NULL),(4,NULL,3,'uas','k13',3,1,'2023-05-24 07:11:46','2023-05-24 07:11:46',NULL),(5,NULL,4,'uas','merdeka',3,1,'2023-05-24 07:11:46','2023-05-25 03:29:42',NULL),(6,NULL,5,'uas','merdeka',3,1,'2023-05-24 07:11:46','2023-06-25 07:21:54',NULL),(7,NULL,6,'uas','k13',3,1,'2023-05-24 07:11:46','2023-05-24 07:11:46',NULL),(8,NULL,2,'uas','merdeka',1,1,'2023-06-25 13:34:11','2023-06-25 13:34:11',NULL),(9,NULL,3,'uas','k13',1,1,'2023-06-25 13:34:11','2023-07-04 19:44:23',NULL),(10,NULL,4,'uas','merdeka',1,1,'2023-06-25 13:34:11','2023-06-25 13:34:11',NULL),(11,NULL,5,'uas','merdeka',1,1,'2023-06-25 13:34:11','2023-06-25 13:34:11',NULL),(12,NULL,6,'uas','k13',1,1,'2023-06-25 13:34:11','2023-07-04 19:44:23',NULL);
/*!40000 ALTER TABLE `template_configurations` ENABLE KEYS */;
UNLOCK TABLES;

--
-- Table structure for table `type_competence_achievements`
--

DROP TABLE IF EXISTS `type_competence_achievements`;
/*!40101 SET @saved_cs_client     = @@character_set_client */;
/*!50503 SET character_set_client = utf8mb4 */;
CREATE TABLE `type_competence_achievements` (
  `id` tinyint unsigned NOT NULL AUTO_INCREMENT,
  `slug` varchar(255) COLLATE utf8mb4_unicode_ci DEFAULT NULL,
  `name` varchar(255) COLLATE utf8mb4_unicode_ci DEFAULT NULL,
  `status` tinyint NOT NULL DEFAULT '1',
  `created_at` timestamp NULL DEFAULT NULL,
  `updated_at` timestamp NULL DEFAULT NULL,
  `deleted_at` timestamp NULL DEFAULT NULL,
  PRIMARY KEY (`id`)
) ENGINE=InnoDB AUTO_INCREMENT=4 DEFAULT CHARSET=utf8mb4 COLLATE=utf8mb4_unicode_ci;
/*!40101 SET character_set_client = @saved_cs_client */;

--
-- Dumping data for table `type_competence_achievements`
--

LOCK TABLES `type_competence_achievements` WRITE;
/*!40000 ALTER TABLE `type_competence_achievements` DISABLE KEYS */;
INSERT INTO `type_competence_achievements` (`id`, `slug`, `name`, `status`, `created_at`, `updated_at`, `deleted_at`) VALUES (1,'capaian-pembelajaran','Capaian Pembelajaran ',0,NULL,NULL,NULL),(2,'tujuan-pembelajaran','Tujuan Pembelajaran ',1,NULL,NULL,NULL),(3,'alur-tujuan-pembelajaran','Alur Tujuan Pembelajaran ',1,NULL,NULL,NULL);
/*!40000 ALTER TABLE `type_competence_achievements` ENABLE KEYS */;
UNLOCK TABLES;

--
-- Table structure for table `users`
--

DROP TABLE IF EXISTS `users`;
/*!40101 SET @saved_cs_client     = @@character_set_client */;
/*!50503 SET character_set_client = utf8mb4 */;
CREATE TABLE `users` (
  `id` bigint unsigned NOT NULL AUTO_INCREMENT,
  `slug` varchar(255) COLLATE utf8mb4_unicode_ci DEFAULT NULL,
  `nis` varchar(255) COLLATE utf8mb4_unicode_ci DEFAULT NULL,
  `nisn` varchar(255) COLLATE utf8mb4_unicode_ci DEFAULT NULL,
  `name` varchar(255) COLLATE utf8mb4_unicode_ci NOT NULL,
  `gender` enum('male','female') COLLATE utf8mb4_unicode_ci NOT NULL,
  `religion` varchar(255) COLLATE utf8mb4_unicode_ci DEFAULT NULL,
  `file` varchar(255) COLLATE utf8mb4_unicode_ci DEFAULT NULL,
  `phone` varchar(255) COLLATE utf8mb4_unicode_ci DEFAULT NULL,
  `email` varchar(255) COLLATE utf8mb4_unicode_ci DEFAULT NULL,
  `place_of_birth` varchar(255) COLLATE utf8mb4_unicode_ci DEFAULT NULL,
  `date_of_birth` date DEFAULT NULL,
  `address` text COLLATE utf8mb4_unicode_ci,
  `family_status` enum('kandung','angkat') COLLATE utf8mb4_unicode_ci NOT NULL,
  `child_off` varchar(255) COLLATE utf8mb4_unicode_ci DEFAULT NULL,
  `school_from` varchar(255) COLLATE utf8mb4_unicode_ci DEFAULT NULL,
  `accepted_grade` int unsigned DEFAULT NULL,
  `accepted_date` date DEFAULT NULL,
  `password` varchar(255) COLLATE utf8mb4_unicode_ci NOT NULL,
  `entry_year` varchar(255) COLLATE utf8mb4_unicode_ci DEFAULT NULL,
  `last_login` datetime DEFAULT NULL,
  `status` tinyint NOT NULL DEFAULT '1',
  `created_at` timestamp NULL DEFAULT NULL,
  `updated_at` timestamp NULL DEFAULT NULL,
  `deleted_at` timestamp NULL DEFAULT NULL,
  PRIMARY KEY (`id`),
  KEY `users_accepted_grade_foreign` (`accepted_grade`),
  CONSTRAINT `users_accepted_grade_foreign` FOREIGN KEY (`accepted_grade`) REFERENCES `study_classes` (`id`) ON DELETE CASCADE
) ENGINE=InnoDB AUTO_INCREMENT=332 DEFAULT CHARSET=utf8mb4 COLLATE=utf8mb4_unicode_ci;
/*!40101 SET character_set_client = @saved_cs_client */;

--
-- Dumping data for table `users`
--

LOCK TABLES `users` WRITE;
/*!40000 ALTER TABLE `users` DISABLE KEYS */;
INSERT INTO `users` (`id`, `slug`, `nis`, `nisn`, `name`, `gender`, `religion`, `file`, `phone`, `email`, `place_of_birth`, `date_of_birth`, `address`, `family_status`, `child_off`, `school_from`, `accepted_grade`, `accepted_date`, `password`, `entry_year`, `last_login`, `status`, `created_at`, `updated_at`, `deleted_at`) VALUES (1,'sulpi-alpianto-9lj8D','112233','101112','sulpi alpianto','male','islam',NULL,'085729081092','sulpi@mail.com','temanggung','2006-09-12','temanggung','kandung',NULL,NULL,1,NULL,'$2y$10$IyfVqvFvHwOOKsHyUKGqXOFLs.NC3cFZ2SsgrmtGN.zT0gltRNT2m','2020',NULL,1,'2023-05-23 06:40:09','2023-05-31 07:29:09','2023-05-31 07:29:09'),(2,'sangadji-eO4xd','112234','101113','sangadji','male','islam',NULL,'085729081093','sang@mail.com','temanggung','2006-09-13','temanggung','kandung',NULL,NULL,1,NULL,'$2y$10$rbKr474IqxsAIXq/Bun24uYaJYNI80lISWkJzc2aEs/a7HJdIeOky',NULL,NULL,1,'2023-05-23 06:40:09','2023-05-31 07:29:14','2023-05-31 07:29:14'),(3,'budi-prihantanto-A8dJ1','112235','101114','budi prihantanto','male','islam',NULL,'085729081092','prih@mail.com','temanggung','2006-09-14','temanggung','kandung',NULL,NULL,1,NULL,'$2y$10$o6KIafQgXYCaTalRCuUFmuvqYBqHvpLHiliS4/IQknMjQibgDEaaK',NULL,NULL,1,'2023-05-23 06:40:09','2023-05-31 07:29:18','2023-05-31 07:29:18'),(4,'aldino-radialsyah-KvDYV','112236','101115','aldino radialsyah','male','islam',NULL,'085729081093','aldi@mail.com','temanggung','2006-09-15','temanggung','kandung',NULL,NULL,1,NULL,'$2y$10$2spvAXAitszp4Q57K85ThurjlgQetMiC3e/TJ5e3OanryR2gBBMcm',NULL,NULL,1,'2023-05-23 06:40:09','2023-05-31 07:29:21','2023-05-31 07:29:21'),(5,'hisyam-maul-ndbKI','112237','101116','hisyam maul','male','islam',NULL,'085729081092','maul@mail.com','temanggung','2006-09-16','temanggung','kandung',NULL,NULL,1,NULL,'$2y$10$HLD683.E8WbZ6ArGrrXY5eo7wb7BrbpFyuhlFFfeSJYSDCHViZ.wG',NULL,NULL,1,'2023-05-23 06:40:09','2023-05-31 07:29:25','2023-05-31 07:29:25'),(6,'denok-vinay-Y8cpf','112238','101117','denok vinay','male','islam',NULL,'085729081093','denok@mail.com','temanggung','2006-09-17','temanggung','kandung',NULL,NULL,1,NULL,'$2y$10$46Tr4hZ2BL/oTAhjLMRDduyyr2yBd0gjSYEqZ3KlqM.NDjEQxwiQS',NULL,NULL,1,'2023-05-23 06:40:09','2023-05-31 07:29:28','2023-05-31 07:29:28'),(7,'patim-nur-putriani-8W9Dr','112239','101118','patim nur putriani','male','islam',NULL,'085729081092','patim@mail.com','temanggung','2006-09-18','temanggung','kandung',NULL,NULL,1,NULL,'$2y$10$ev4Kty2/FAqCi2WO/HZe7.uIFmtmnwI0n3Y45wADXiZizvIhkOh8S',NULL,NULL,1,'2023-05-23 06:40:09','2023-05-31 07:29:33','2023-05-31 07:29:33'),(8,'anggi-nur-janah-SJAOo','112240','101119','anggi nur janah','male','islam',NULL,'085729081093','anggi@mail.com','temanggung','2006-09-19','temanggung','kandung',NULL,NULL,1,NULL,'$2y$10$8qHHIK/Yjf41Wbn7.4X1zOR6El.4jcxk0C8/0HMGP5CzZEIQQop/O',NULL,NULL,1,'2023-05-23 06:40:09','2023-05-31 07:29:37','2023-05-31 07:29:37'),(9,'nopek-wakhyu-pFLsG','112241','101120','nopek wakhyu','female','islam',NULL,'085729081092','nopek@mail.com','temanggung','2006-09-20','temanggung','kandung',NULL,NULL,1,NULL,'$2y$10$3bqB2V3j9Q0vE3w2Tf.3EObSYwd3qs/qJSNVk8Q/zVQkI2t8Kwnwi',NULL,NULL,1,'2023-05-23 06:40:09','2023-05-31 07:29:41','2023-05-31 07:29:41'),(10,'raven-hampton-G0bug',NULL,NULL,'Raven Hampton','male',NULL,NULL,'5369811777','ravenmail.com',NULL,'1998-03-19',NULL,'kandung',NULL,NULL,NULL,NULL,'$2y$10$s3zqA/AqAEqlq3AlF5Gioe8wumFfyHxG8yAVcY5rZzJUc.PdNffr.','2016',NULL,1,'2023-05-23 07:07:21','2023-05-31 07:29:44','2023-05-31 07:29:44'),(11,'jaime-murphy-1U6Sp','Officia ipsam quis a','Ex eum magni volupta','Jaime Murphy','male','islam',NULL,'089626040299','test@mail.com','Nobis in lorem rem a','2014-04-02','Et nulla vel ipsum','kandung',NULL,NULL,NULL,NULL,'$2y$10$aPJwIdzM1nGSftQ9m9fTNulPOIn7/RAImk.Ez8u2/1JQJXAGtoRYS','1989',NULL,1,'2023-05-24 01:56:11','2023-05-31 07:29:48','2023-05-31 07:29:48'),(12,'hocimin-jRVjH','42141324','123456789101112','hocimin','male','budha',NULL,'08988298312','hocimin@mail.com','london','2004-04-30','london wetan','kandung',NULL,NULL,1,NULL,'$2y$10$NObMi9578IdyvcYvJ0tkM.xgHatVjqroUz9wIxzD/w75bw7Bc0xgO',NULL,NULL,1,'2023-05-25 01:32:04','2023-05-31 07:29:51','2023-05-31 07:29:51'),(13,'drogba-W5d7A','12313','12434242','drogba','male','islam',NULL,'08995848636','drogba@mail.com','london','2008-01-01','london wetan','kandung',NULL,NULL,NULL,NULL,'$2y$10$ynK/L.B/xzjcR9WgHuJyPeYLOZm9AlijfVUkPe5TUaw.D8O9TLNCS','2016',NULL,1,'2023-05-26 03:20:23','2023-05-31 07:29:54','2023-05-31 07:29:54'),(26,'adeva-bilqis-andhiana-GoPIo','3244','3167366907','ADEVA BILQIS ANDHIANA','male','islam',NULL,'081327648565','ADEVABILQISANDHIANA@mail.com','KEBUMEN','2016-02-07','SUMBERADI','kandung',NULL,NULL,1,NULL,'$2y$10$bno9f6GdGPBcXxgvvaEgr.JYJl6a4f58xA8TjpPZvH90LGPAJg9j.','2022',NULL,1,'2023-05-31 07:56:22','2023-07-01 10:47:40',NULL),(27,'adisa-ava-argani-pwKfh','3245','0164312788','ADISA AVA ARGANI','female','Islam',NULL,'087837840081','ADISAAVAARGANI@mail.com','KEBUMEN','2016-01-17','KALIBAGOR','kandung',NULL,NULL,1,NULL,'$2y$10$izSESvLy2Y1KqFiyIBqOU.FjLihUkL1asMMeVo31Kqwa133h3Wr2W',NULL,NULL,1,'2023-05-31 07:56:23','2023-05-31 07:56:23',NULL),(28,'adwha-kamania-gerasti-Ehk4u','3246','3165367363','ADWHA KAMANIA GERASTI','female','Islam',NULL,'085708158719','ADWHAKAMANIAGERASTI@mail.com','TRENGGALEK','2016-03-08','PENAGAN','kandung',NULL,NULL,1,NULL,'$2y$10$/0V3kdQuTDsghrn7WJKIIuVTyiyg8DP8XV6/1jO4/gOjXYUlBwbrG',NULL,NULL,1,'2023-05-31 07:56:23','2023-05-31 07:56:23',NULL),(29,'ahmad-fauzan-baihaqi-8vhgd','3247','3150128148','AHMAD FAUZAN BAIHAQI','male','Islam',NULL,'081280988499','AHMADFAUZANBAIHAQI@mail.com','BEKASI','2015-10-11','KALIBAGOR','kandung',NULL,NULL,1,NULL,'$2y$10$qnDTMDgRG7M82rXxm9T0Vuet3TTYG2m.oq6Cd5G5B/XdxSOgM.Y2G',NULL,NULL,1,'2023-05-31 07:56:23','2023-05-31 07:56:23',NULL),(30,'alfin-choerul-nizam-kpBYQ','3248','3154109739','ALFIN CHOERUL NIZAM','male','Islam',NULL,'083878897727','ALFINCHOERULNIZAM@mail.com','KEBUMEN','2015-12-08','KALIBAGOR','kandung',NULL,NULL,1,NULL,'$2y$10$xdmUxnQY7E.MoB22HgZzbeDh5Id3OyMoG174UeziI.tmgtESHfrjS',NULL,NULL,1,'2023-05-31 07:56:23','2023-05-31 07:56:23',NULL),(31,'alifa-ayudia-inara-7QCoP','3249','3159957289','ALIFA AYUDIA INARA','female','Islam',NULL,'083813053159','ALIFAAYUDIAINARA@mail.com','KEBUMEN','2015-11-03','GRANTUNG I','kandung',NULL,NULL,1,NULL,'$2y$10$4fsDoADDK.Bf21Y57lh.Ke1L39G8zRLjEVX9opJem6Hi5YoOZTysO',NULL,NULL,1,'2023-05-31 07:56:23','2023-05-31 07:56:23',NULL),(32,'alya-erlita-ZqQ04','3250','3155881088','ALYA ERLITA','female','Islam',NULL,'0895358182184','ALYAERLITA@mail.com','PACITAN','2015-09-22','KALIBAGOR','kandung',NULL,NULL,1,NULL,'$2y$10$X1dkxod2xQltAokkbD8b/eUWfh6JZpirtVgLEMShQXLhp6quJFwo.',NULL,NULL,1,'2023-05-31 07:56:23','2023-05-31 07:56:23',NULL),(33,'beryl-hamizan-rabbani-EzGQ5','3251','0157866207','BERYL HAMIZAN RABBANI','male','Islam',NULL,'089526370582','BERYLHAMIZANRABBANI@mail.com','KEBUMEN','2015-11-02','Kalibagor','kandung',NULL,NULL,1,NULL,'$2y$10$lK7TV2IA7vHdtEfl5jbJluyn5w/QxFsrzsUnVJF/pZdR6RRTRr8qm',NULL,NULL,1,'2023-05-31 07:56:23','2023-05-31 07:56:23',NULL),(34,'fara-aulia-putri-yQh5Q','3252','3161606763','FARA AULIA PUTRI','female','Islam',NULL,'0895384630503','FARAAULIAPUTRI@mail.com','KEBUMEN','2016-03-13','KALIBAGOR','kandung',NULL,NULL,1,NULL,'$2y$10$/kHYxjsazC3s12C3STNgp.6dLGIIl07kLshvegh/HIntS0zKleqdW',NULL,NULL,1,'2023-05-31 07:56:23','2023-05-31 07:56:23',NULL),(35,'fathiya-nadhifa-azzahra-BrAjK','3253','0169444479','FATHIYA NADHIFA AZZAHRA','female','Islam',NULL,'089648712087','FATHIYANADHIFAAZZAHRA@mail.com','KEBUMEN','2016-04-12','KALIBAGOR','kandung',NULL,NULL,1,NULL,'$2y$10$7A7n6Yy7sOjNOs59QC39DuQdPktxyXS/oS6m40iDQNKeXev9t9YZ6',NULL,NULL,1,'2023-05-31 07:56:23','2023-05-31 07:56:23',NULL),(36,'hasna-humairah-wafa-NVjEN','3255','3166680779','HASNA HUMAIRAH WAFA','female','Islam',NULL,'08122792886','HASNAHUMAIRAHWAFA@mail.com','KEBUMEN','2016-01-18','-','kandung',NULL,NULL,1,NULL,'$2y$10$Hx0doMxQWI593lStQQSObeOgr2U6WNsHYBTlqeeAMYZTPMVTk9gSS',NULL,NULL,1,'2023-05-31 07:56:23','2023-05-31 07:56:23',NULL),(37,'javier-aktam-khairullah-mtqPA','3256','3156365468','JAVIER AKTAM KHAIRULLAH','male','Islam',NULL,'087837569573','JAVIERAKTAMKHAIRULLAH@mail.com','WONOSOBO','2015-09-30','KALIBAGOR','kandung',NULL,NULL,1,NULL,'$2y$10$jnpoaUXTVilbv4kPnZaAM.rsKwIAtbkRYJK.qA0VotuKXBOIcYd.W',NULL,NULL,1,'2023-05-31 07:56:23','2023-05-31 07:56:23',NULL),(38,'kanaya-aulia-zahra-LwsGn','3257','3163191487','KANAYA AULIA ZAHRA','female','Islam',NULL,'09','KANAYAAULIAZAHRA@mail.com','KEBUMEN','2016-06-13','KALIBAGOR','kandung',NULL,NULL,1,NULL,'$2y$10$Gfgmf1JV1.IDbS9Xg/MzjeiwN4sSUqNMSnoKkC2USnCBL1ssHWa32',NULL,NULL,1,'2023-05-31 07:56:23','2023-05-31 07:56:23',NULL),(39,'khayla-athaya-VOBg0','3258','0162269487','KHAYLA ATHAYA','female','Islam',NULL,'082113009404','KHAYLAATHAYA@mail.com','KEBUMEN','2016-05-25','PASARSENEN','kandung',NULL,NULL,1,NULL,'$2y$10$1ZzBa6aW7OxLrxw/jvJi5OIIN7bDKkxNa78QuWYOT0Dj814GG.V9i',NULL,NULL,1,'2023-05-31 07:56:23','2023-05-31 07:56:23',NULL),(40,'laela-nur-syafangah-MIVcO','3259','3163291483','LAELA NUR SYAFANGAH','female','Islam',NULL,'087868268598','LAELANURSYAFANGAH@mail.com','KEBUMEN','2016-03-22','-','kandung',NULL,NULL,1,NULL,'$2y$10$gTXPu8WWtcieRNsbUO5Eyek82ZWioFnZpBFDtFEettPVfpFucLp72',NULL,NULL,1,'2023-05-31 07:56:24','2023-05-31 07:56:24',NULL),(41,'luthfie-sakhi-zaidan-KZvQy','3260','3167251633','LUTHFIE SAKHI ZAIDAN','male','Islam',NULL,'087736591618','LUTHFIESAKHIZAIDAN@mail.com','KEBUMEN','2016-04-23','KARANG PETALAN','kandung',NULL,NULL,1,NULL,'$2y$10$/wQ.kjRQUrdcTTjhMMozNe6/bs5Fzm3z5Ddb3W2.Yo5BupUIHm9Sa',NULL,NULL,1,'2023-05-31 07:56:24','2023-05-31 07:56:24',NULL),(42,'muhammad-rizki-4rwYG','3261','3168197772','MUHAMMAD RIZKI','male','Islam',NULL,'08','MUHAMMADRIZKI@mail.com','KEBUMEN','2016-05-20','Janggan','kandung',NULL,NULL,1,NULL,'$2y$10$yGGm44.b2JOZsOo/BjbP..f8qjyyYmE0H1CdlIoNFAlVzET.7ot12',NULL,NULL,1,'2023-05-31 07:56:24','2023-05-31 07:56:24',NULL),(43,'putri-utami-rahmadani-kxkZp','3262','3160409050','PUTRI UTAMI RAHMADANI','female','Islam',NULL,'08','PUTRIUTAMIRAHMADANI@mail.com','KEBUMEN','2016-06-09','Karangpetalan','kandung',NULL,NULL,1,NULL,'$2y$10$qPLETbReb7A1vzsItCU5fekTy.Cm35cReGeQsZxPjD1iSYiT0l7lq',NULL,NULL,1,'2023-05-31 07:56:24','2023-05-31 07:56:24',NULL),(44,'raffa-satria-pratama-MrDYm','3263','3164816738','RAFFA SATRIA PRATAMA','male','Islam',NULL,'09','RAFFASATRIAPRATAMA@mail.com','KEBUMEN','2016-01-30','Kalibagor','kandung',NULL,NULL,1,NULL,'$2y$10$owYe6h5cBiMlbct9Qo0wEuS.TwsuQvr7bu1k2KQrAIfS6VJzdyD7C',NULL,NULL,1,'2023-05-31 07:56:24','2023-05-31 07:56:24',NULL),(45,'reisha-dwi-wardhani-bpSqv','3264','3160610636','REISHA DWI WARDHANI','female','Islam',NULL,'083893862649','REISHADWIWARDHANI@mail.com','KEBUMEN','2016-01-11','Kalibagor','kandung',NULL,NULL,1,NULL,'$2y$10$maS8cqaChnIJc17PwcQTcOG9tHh7Q9RlZ91uOze3nZ97YYXpxvD76',NULL,NULL,1,'2023-05-31 07:56:24','2023-05-31 07:56:24',NULL),(46,'ridho-fahrezi-pVlig','3265','0156363508','RIDHO FAHREZI','male','Islam',NULL,'088221589840','RIDHOFAHREZI@mail.com','KEBUMEN','2015-10-13','KALIBAGOR','kandung',NULL,NULL,1,NULL,'$2y$10$JH9vnch5RBW1ro/y3R2gGeNP/y8uXhbr.pUBX.SOBL7uBgsJsXKfu',NULL,NULL,1,'2023-05-31 07:56:24','2023-05-31 07:56:24',NULL),(47,'shiha-layyini-putri-ismail-d4AR3','3266','3169010514','SHIHA LAYYINI PUTRI ISMAIL','female','Islam',NULL,'08','SHIHALAYYINIPUTRIISMAIL@mail.com','KEBUMEN','2016-01-21','Sitanjung','kandung',NULL,NULL,1,NULL,'$2y$10$2Yml1rdQjgzzi7Llf.ihz.ydU.SVVjzL/cJJzoSGorwwKrLdJ/Si6',NULL,NULL,1,'2023-05-31 07:56:24','2023-05-31 07:56:24',NULL),(48,'yasmin-syakira-shubha-If5yL','3267','3159145312','YASMIN SYAKIRA SHUBHA','female','Islam',NULL,'087738318908','YASMINSYAKIRSHUBHA@mail.com','KEBUMEN','2015-10-30','KARANG PETALAN','kandung',NULL,NULL,1,NULL,'$2y$10$k568.zchxC8iztk4SGyfhOw9jZvN7Q4qzLwUsuK93dSXjqRbXP52i',NULL,NULL,1,'2023-05-31 07:56:24','2023-05-31 07:56:24',NULL),(49,'yoga-setyo-wijayanto-VPuhF','3268','3162989084','YOGA SETYO WIJAYANTO','male','Islam',NULL,'082135899023','YOGASETYOWIJAYANTO@mail.com','KEBUMEN','2016-09-26','Kalibagor','kandung',NULL,NULL,1,NULL,'$2y$10$2Tgf2dXdnekQdu/0.mx5LuEyNjd8w3bN9Ug8q7FxAPP9AvRVgbDG2',NULL,NULL,1,'2023-05-31 07:56:24','2023-05-31 07:56:24',NULL),(151,'abid-naqiba-rajendra-XiOVU','3228','0143343554','ABID NAQIBA RAJENDRA','male','Islam',NULL,'085701315644','ABIDNAQIBARAJENDRA@mail.com','TEMANGGUNG','2014-10-24','Kalibagor','kandung',NULL,NULL,2,NULL,'$2y$10$EwHHfbw5tkeebDlD.TDRK.aG5HpZpxB3utBX7yS.Xz9ry.GGvccaq',NULL,NULL,1,'2023-05-31 08:15:10','2023-05-31 08:15:10',NULL),(152,'aliya-fatimatus-zahro-2bBaU','3229','3147908949','ALIYA FATIMATUS ZAHRO','female','Islam',NULL,'0895360916595','ALIYAFATIMATUSZAHRO@mail.com','KEBUMEN','2014-05-09','KALIBAGOR','kandung',NULL,NULL,2,NULL,'$2y$10$Ppv8o/7EcSN3BseWOWu0m.TwlayeBruqlNQYepPAAPckUlsYK5F1e',NULL,NULL,1,'2023-05-31 08:15:10','2023-05-31 08:15:10',NULL),(153,'arini-setia-ningrum-vZfCr','3230','0152334313','ARINI SETIA NINGRUM','female','Islam',NULL,'081382627504','ARINISETIANINGRUM@mail.com','KEBUMEN','2015-01-27','KALIBAGOR','kandung',NULL,NULL,2,NULL,'$2y$10$xAk0fhuP2p80.MPGLl7nJuUD7AKjN6SD3T9p4Bj6ShM2G7YHX1W4q',NULL,NULL,1,'2023-05-31 08:15:10','2023-05-31 08:15:10',NULL),(154,'fita-rahmawati-4oBEU','3231','3144991066','FITA RAHMAWATI','female','Islam',NULL,'085868174054','FITARAHMAWATI@mail.com','KEBUMEN','2014-05-22','Kalibagor','kandung',NULL,NULL,2,NULL,'$2y$10$DfYfBFd3DeyZtoBZYiAAGOljl9qLOh65PCqAHnZoeZVOYx75cuj1C',NULL,NULL,1,'2023-05-31 08:15:10','2023-05-31 08:15:10',NULL),(155,'galih-setiawan-nE3Hk','3232','0145626082','GALIH SETIAWAN','male','Islam',NULL,'083862091437','GALIHSETIAWAN@mail.com','KEBUMEN','2014-10-21','KALIBAGOR','kandung',NULL,NULL,2,NULL,'$2y$10$htRt3dvHFmAx1zvdOmF17.hJIcrkuMR0WD6mr.4lKWVUHH5FAnN/2',NULL,NULL,1,'2023-05-31 08:15:10','2023-05-31 08:15:10',NULL),(156,'isda-nurma-astiti-HcSso','3233','3153506161','ISDA NURMA ASTITI','female','Islam',NULL,'083812819364','ISDANURMAASTITI@mail.com','KEBUMEN','2015-05-02','KALIBAGOR','kandung',NULL,NULL,2,NULL,'$2y$10$4hjfSIURey4.uN1suqwDbeg0GRQJyeHUwU5S.uPBpY88Xu4cnpX82',NULL,NULL,1,'2023-05-31 08:15:10','2023-05-31 08:15:10',NULL),(157,'kahfi-dwi-priyadi-ilrex','3234','3152908176','KAHFI DWI PRIYADI','male','Islam',NULL,'082318426288','KAHFIDWIPRIYADI@mail.com','GARUT','2015-05-04','Kalibagor','kandung',NULL,NULL,2,NULL,'$2y$10$w3C.2yRQdxkh2EaoKLmouuI6257okE7xoMtp19cJpufd4PR1plTjq',NULL,NULL,1,'2023-05-31 08:15:10','2023-05-31 08:15:10',NULL),(158,'mikayla-aisyah-putri-9ygKC','3235','3155326736','MIKAYLA AISYAH PUTRI','female','Islam',NULL,'087877802141','MIKAYLAAISYAHPUTRI@mail.com','KEBUMEN','2015-02-10','KALIBAGOR','kandung',NULL,NULL,2,NULL,'$2y$10$KNsf5Pzo579.grDu1wb4Z.95kt8iURq7AYnHVOIXxNSAs4Ve/ujVC',NULL,NULL,1,'2023-05-31 08:15:10','2023-05-31 08:15:10',NULL),(159,'muhamad-arfa-maulana-QOQia','3237','0131329057','MUHAMAD ARFA MAULANA','male','Islam',NULL,'083895664851','MUHAMADARFAMAULANA@mail.com','KEBUMEN','2015-08-28','Kalibagor','kandung',NULL,NULL,2,NULL,'$2y$10$mra.lvRkou3KKQzbfUfOkO.reH6dctZjR2yLl9vwgURg5l3RY20dS',NULL,NULL,1,'2023-05-31 08:15:10','2023-05-31 08:15:10',NULL),(160,'nur-alya-natasya-vTQKX','3238','3158778582','NUR ALYA NATASYA','female','Islam',NULL,'082225733592','NURALYANATASYA@mail.com','KEBUMEN','2015-08-29','KALIBAGOR','kandung',NULL,NULL,2,NULL,'$2y$10$CH9MPhPNgGs61Un6FrG2O.roTVyUKYgOc2YjPq3mxkX3bmcrVNKie',NULL,NULL,1,'2023-05-31 08:15:10','2023-05-31 08:15:10',NULL),(161,'nurul-latifatul-hasana-eYLpX','3239','3150491475','NURUL LATIFATUL HASANA','female','Islam',NULL,'083162596096','NURULLATIFATULHASANA@mail.com','KEBUMEN','2015-05-12','KALIBAGOR','kandung',NULL,NULL,2,NULL,'$2y$10$hD4zQAWmfzPf3q35bdrxjeW3uLtLRZ6wbzEh/WRlKVpv9OmS9FT.y',NULL,NULL,1,'2023-05-31 08:15:11','2023-05-31 08:15:11',NULL),(162,'wulan-ayuning-tyas-uI3et','3240','0154794713','WULAN AYUNING TYAS','female','Islam',NULL,'085697102838','WULANAYUNINGTYAS@mail.com','KEBUMEN','2015-04-17','Kalibagor','kandung',NULL,NULL,2,NULL,'$2y$10$BfCbtifeiKfmANOUw.BaIuavW0DUxSa8S1Da1KhyIMf22CLVv0w9W',NULL,NULL,1,'2023-05-31 08:15:11','2023-05-31 08:15:11',NULL),(168,'ailan-ramdhan-subekti-gi7Uv','3210','3137853069','A\'ilan Ramdhan Subekti','male','Islam',NULL,'088802464450','A\'ilanRamdhanSubekti@mail.com','Kebumen','2013-07-24','Kalibagor','kandung',NULL,NULL,3,NULL,'$2y$10$rl0Kg4TDq9XTF4pfLMcvdOMAVIhSqB7h6n5ZwQ2e0M/hM8tynziP2',NULL,NULL,1,'2023-05-31 08:17:32','2023-05-31 08:17:32',NULL),(169,'ade-setyawan-5YpXQ','3241','3135519184','ADE SETYAWAN','male','Islam',NULL,'081325164286','ADESETYAWAN@mail.com','Kebumen','2013-09-06','Kalibagor','kandung',NULL,NULL,3,NULL,'$2y$10$5vBgw10ScZSoADGsM8coXu3x8TIrplaQWlFX4EXA5eXNawJWKiFsO',NULL,NULL,1,'2023-05-31 08:17:32','2023-05-31 08:17:32',NULL),(170,'ahmad-fadlan-syafiq-aH376','3211','0134365954','AHMAD FADLAN SYAFIQ','male','Islam',NULL,'0895360711756','AHMADFADLANSYAFIQ@mail.com','BEKASI','2013-05-17','Kalibagor','kandung',NULL,NULL,3,NULL,'$2y$10$np7B9yl7xPzR45W0C37yzuU2m0wFy5NvNHbkxtpZVcWk0qa0cF7.e',NULL,NULL,1,'2023-05-31 08:17:32','2023-05-31 08:17:32',NULL),(171,'aira-bilqis-putri-ismail-GwEf8','3212','0149365996','AIRA BILQIS PUTRI ISMA\'IL','female','Islam',NULL,'0895335299327','AIRABILQISPUTRIISMA\'IL@mail.com','KEBUMEN','2014-01-23','Kalibagor','kandung',NULL,NULL,3,NULL,'$2y$10$3JXOliLUnY.HPebVvWX4HeLRqUutfuv2DpJYHMpqeCllc86.xV7da',NULL,NULL,1,'2023-05-31 08:17:33','2023-05-31 08:17:33',NULL),(172,'alesha-najma-chumaira-oVhaw','3213','3135321080','Alesha Najma Chumaira','female','Islam',NULL,'087738318908','AleshaNajmaChumaira@mail.com','Kebumen','2013-05-12','Kalibagor','kandung',NULL,NULL,3,NULL,'$2y$10$kMdWgQ1HbphUcy.5CNQI8OQtd7Hv5krNwmJf0AktN1eDoNvgV6n.K',NULL,NULL,1,'2023-05-31 08:17:33','2023-05-31 08:17:33',NULL),(173,'dinda-nazwa-khairunisa-d1krb','3243','0147189373','DINDA NAZWA KHAIRUNISA','female','Islam',NULL,'09','DINDANAZWAKHAIRUNISA@mail.com','KEBUMEN','2014-12-05','Kalibagor','kandung',NULL,NULL,3,NULL,'$2y$10$EtG9w0MqGhRJPI.zVo/ihOra.zTpdacz9gRlDykBgs0Awal5cfGNC',NULL,NULL,1,'2023-05-31 08:17:33','2023-05-31 08:17:33',NULL),(174,'erlita-assifa-salsabila-tF1hb','3214','0131639073','ERLITA ASSIFA SALSABILA','female','Islam',NULL,'088225432950','ERLITAASSIFASALSABILA@mail.com','KEBUMEN','2013-12-11','KALIBAGOR','kandung',NULL,NULL,3,NULL,'$2y$10$M2.EfDjeOe.PImJ2/SVKQOxzIsYfKKN2jR3JomH09Z.3jzYQt9cry',NULL,NULL,1,'2023-05-31 08:17:33','2023-05-31 08:17:33',NULL),(175,'erlita-assifa-salsabita-vbxRd','3215','0138871987','ERLITA ASSIFA SALSABITA','female','Islam',NULL,'088225432950','ERLITAASSIFASALSABITA@mail.com','KEBUMEN','2013-12-11','KALIBAGOR','kandung',NULL,NULL,3,NULL,'$2y$10$HpXVkKlFWli2z0bjFndY6OPNvLl1NsOW4oiUbS.pTh9DHN3N418Zy',NULL,NULL,1,'2023-05-31 08:17:33','2023-05-31 08:17:33',NULL),(176,'faiz-raya-adhanto-Z2pFk','3216','0136961105','FAIZ RAYA ADHANTO','male','Islam',NULL,'085799815873','FAIZRAYAADHANTO@mail.com','KEBUMEN','2013-10-14','KALIBAGOR','kandung',NULL,NULL,3,NULL,'$2y$10$jgUt4yFDOQdn2JPA0eesLO/o0VQFI2O5h/dsBuL1cHVnfkR03wT1G',NULL,NULL,1,'2023-05-31 08:17:33','2023-05-31 08:17:33',NULL),(177,'farid-sutrisno-winarto-HzW4Z','3217','0136923419','FARID SUTRISNO WINARTO','male','Islam',NULL,'089607650899','FARIDSUTRISNOWINARTO@mail.com','KEBUMEN','2013-12-01','Wonosari','kandung',NULL,NULL,3,NULL,'$2y$10$v8cSNuOKElKJ.0ir8r/BDuqafQ48aH8oS0InBE/ZOprY.r6YZPyCu',NULL,NULL,1,'2023-05-31 08:17:33','2023-05-31 08:17:33',NULL),(178,'ilham-putra-prastyawan-Tc6Fe','3218','3145823858','Ilham Putra Prastyawan','male','Islam',NULL,'081327503815','IlhamPutraPrastyawan@mail.com','Kebumen','2014-06-15','Kalibagor','kandung',NULL,NULL,3,NULL,'$2y$10$2nnuvatcFviY0S6LIQpb1eN2phFsTgK.pv0xRuvjd6foqEJ1RhjE.',NULL,NULL,1,'2023-05-31 08:17:33','2023-05-31 08:17:33',NULL),(179,'inayatul-fauziah-w8Ahp','3219','0135024560','INAYATUL FAUZIAH','female','Islam',NULL,'087771833082','INAYATULFAUZIAH@mail.com','KEBUMEN','2013-11-25','Kalibagor','kandung',NULL,NULL,3,NULL,'$2y$10$FfXNCiJOmDP.U6gfZXw7NeCrYOb6gbDsF3f.PZA/oIhntegsxWSJS',NULL,NULL,1,'2023-05-31 08:17:33','2023-05-31 08:17:33',NULL),(180,'muhamad-iqbal-mubarok-9ZmVK','3220','0131630523','MUHAMAD IQBAL MUBAROK','male','Islam',NULL,'0895384025114','MUHAMADIQBALMUBAROK@mail.com','KEBUMEN','2013-12-22','KALIBAGOR','kandung',NULL,NULL,3,NULL,'$2y$10$3aYIOPDZdjK6yfNrroRu5egJEjEinhw3ksPDob8VP.YockatLgzim',NULL,NULL,1,'2023-05-31 08:17:33','2023-05-31 08:17:33',NULL),(181,'muhammad-afiqurohman-Mkxoy','3221','0136393774','MUHAMMAD AFIQUROHMAN','male','Islam',NULL,'083102827855','MUHAMMADAFIQUROHMAN@mail.com','KEBUMEN','2013-12-18','Kalibagor','kandung',NULL,NULL,3,NULL,'$2y$10$Gs/H9s44yak/g5E2SYabHuXfg3suYMr.a9QPbAdKkJNDKRbDFjzNi',NULL,NULL,1,'2023-05-31 08:17:33','2023-05-31 08:17:33',NULL),(182,'qonita-zalfa-naqiya-JVKB3','3223','0136469911','QONITA ZALFA NAQIYA','female','Islam',NULL,'087822772293','QONITAZALFANAQIYA@mail.com','KEBUMEN','2013-12-14','Kalibagor','kandung',NULL,NULL,3,NULL,'$2y$10$G9b.efsNz1F.ppHydQToheMZt17e5zBy49qhwCrQeJvzF9F1Xw8Jq',NULL,NULL,1,'2023-05-31 08:17:33','2023-05-31 08:17:33',NULL),(183,'qosirotu-huzna-Tvqp7','3224','0137696342','QOSIROTU HUZNA','female','Islam',NULL,'08817627460','QOSIROTUHUZNA@mail.com','KEBUMEN','2013-09-10','Kalibagor','kandung',NULL,NULL,3,NULL,'$2y$10$4kfWubdny/nWFOroZeSf8ud0CEDnv5x1QFk2/8ViozhS1.ncv75LW',NULL,NULL,1,'2023-05-31 08:17:33','2023-05-31 08:17:33',NULL),(184,'robby-perdhana-aZLTb','3225','0132564832','ROBBY PERDHANA','male','Islam',NULL,'083157280151','ROBBYPERDHANA@mail.com','KEBUMEN','2013-12-12','KALIBAGOR','kandung',NULL,NULL,3,NULL,'$2y$10$DWgzANADlWqbSGZDYhU2muF9ym5z5W3I9p1H7YJZBXf4GZu0SrDWK',NULL,NULL,1,'2023-05-31 08:17:33','2023-05-31 08:17:33',NULL),(185,'safika-nur-aisya-uVenf','3226','0137425568','SAFIKA NUR AISYA','female','Islam',NULL,'081776454716','SAFIKANURAISYA@mail.com','BANYUMAS','2013-05-07','Karangduren','kandung',NULL,NULL,3,NULL,'$2y$10$q.5eqzvwniXADg50nSU0HONumqXSEHr9Nuq6Sbj00KT58t6o4nb9C',NULL,NULL,1,'2023-05-31 08:17:34','2023-05-31 08:17:34',NULL),(186,'yassar-taamir-ahza-uxXKO','3227','0132319773','YASSAR TAAMIR AHZA','male','Islam',NULL,'081325170532','YASSARTAAMIRAHZA@mail.com','KEBUMEN','2013-02-23','Kalibagor','kandung',NULL,NULL,3,NULL,'$2y$10$6BzkZXaoOkuztW2oSaa7IuJZkfumeMzv9mLj7mQXKmPrkOh8PYpeS',NULL,NULL,1,'2023-05-31 08:17:34','2023-05-31 08:17:34',NULL),(188,'adelia-meysha-putri-6Yst7','3180','0137752817','ADELIA MEYSHA PUTRI','female','Islam',NULL,'0895350922322','ADELIAMEYSHAPUTRI@mail.com','KEBUMEN','2013-05-21','Kalibagor','kandung',NULL,NULL,4,NULL,'$2y$10$WPvOkxjzg7u3Cz6XlRDAVeaZ5z1HYWYKHtpeXzQ2MYR0c2xIF0m7O',NULL,NULL,1,'2023-05-31 08:18:53','2023-05-31 08:18:53',NULL),(189,'afika-ni-matul-husna-PUqV7','3181','0121927402','AFIKA NI \' MATUL HUSNA','female','Islam',NULL,'081280360755','AFIKANI@mail.com','KEBUMEN','2012-07-12','Kalibagor','kandung',NULL,NULL,4,NULL,'$2y$10$4eanL35ga/.3m8KyLJ/VROyalJy3Vyoan0JHxWvjcLRCyFm.NE1Ye',NULL,NULL,1,'2023-05-31 08:18:53','2023-05-31 08:18:53',NULL),(190,'ahmad-jibran-arroya-KqUrw','3182','0122906420','AHMAD JIBRAN ARROYA','male','Islam',NULL,'08985349670','AHMADJIBRANARROYA@mail.com','KEBUMEN','2012-11-16','Kalibagor','kandung',NULL,NULL,4,NULL,'$2y$10$zuweLtijpvFfmkWMikC96u4WDcwT0/.Rok9e7t7zaHzVFjnYKqBFm',NULL,NULL,1,'2023-05-31 08:18:53','2023-05-31 08:18:53',NULL),(191,'ahza-danish-setiawan-HYtad','3183','0136542644','AHZA DANISH SETIAWAN','male','Islam',NULL,'087748687656','AHZADANISHSETIAWAN@mail.com','KEBUMEN','2013-04-27','Kalibagor','kandung',NULL,NULL,4,NULL,'$2y$10$I5JoEGFQQbJL4.R5CY2BOuP0ukB.bFo/TnK4U7.dw6lrCX802ODg.',NULL,NULL,1,'2023-05-31 08:18:53','2023-05-31 08:18:53',NULL),(192,'alden-mahizan-al-akbar-4eR8Q','3184','0133338241','ALDEN MAHIZAN AL AKBAR','male','Islam',NULL,'085878748990','ALDENMAHIZANALAKBAR@mail.com','BATAM','2013-03-18','Kalibagor','kandung',NULL,NULL,4,NULL,'$2y$10$LcKKJ61Cq8CLD3stJOFrNerrkd.ENQcbTCn8waeGQD12QTVjiEW82',NULL,NULL,1,'2023-05-31 08:18:53','2023-05-31 08:18:53',NULL),(193,'alya-nur-alisha-mhkIb','3185','0136592086','ALYA NUR ALISHA','female','Islam',NULL,'083132459260','ALYANURALISHA@mail.com','KEBUMEN','2013-10-05','Kalibagor','kandung',NULL,NULL,4,NULL,'$2y$10$WKw8ketXMFXUWIcYieBnIe5uffuUZxeRShPMpxbNjaUgdgYAhzjPW',NULL,NULL,1,'2023-05-31 08:18:53','2023-05-31 08:18:53',NULL),(194,'arifki-aditya-saputra-UfX4p','3186','0135778489','ARIFKI ADITYA SAPUTRA','male','Islam',NULL,'0895413744244','ARIFKIADITYASAPUTRA@mail.com','KEBUMEN','2013-05-09','KALIBAGOR','kandung',NULL,NULL,4,NULL,'$2y$10$mHg8sk2cwUbj7laab0i2KOFujSS00D55Nv.15NvpI0uQ9zUBI4L/q',NULL,NULL,1,'2023-05-31 08:18:53','2023-05-31 08:18:53',NULL),(195,'asif-nur-rohman-FGYQE','3187','0138914315','ASIF NUR ROHMAN','male','Islam',NULL,'0895422868612','ASIFNURROHMAN@mail.com','KEBUMEN','2013-06-18','Kalibagor','kandung',NULL,NULL,4,NULL,'$2y$10$RltIdDdx/R8WB/H63h8Rde4apCzlHogqn1LJn1xP8FL3RlqhlCeVm',NULL,NULL,1,'2023-05-31 08:18:53','2023-05-31 08:18:53',NULL),(196,'azahra-qoriamelia-DI8fc','3188','3127938722','AZAHRA QORIAMELIA','female','Islam',NULL,'085803355395','AZAHRAQORIAMELIA@mail.com','KEBUMEN','2012-07-22','Kalibagor','kandung',NULL,NULL,4,NULL,'$2y$10$gvqdu0jxh9/EOs10wpZ6bup2b2K0uLzzjQ09deJIyxRmRASOxytna',NULL,NULL,1,'2023-05-31 08:18:53','2023-05-31 08:18:53',NULL),(197,'bagas-aryan-pratama-6VMlW','3189','3132107098','BAGAS ARYAN PRATAMA','male','Islam',NULL,'085643135933','BAGASARYANPRATAMA@mail.com','KEBUMEN','2013-04-30','Kalibagor','kandung',NULL,NULL,4,NULL,'$2y$10$lp1t/g.tG5a5Npks6LnSwuq4QrHXtXspELirKmzWKW4q3o4sakSO.',NULL,NULL,1,'2023-05-31 08:18:53','2023-05-31 08:18:53',NULL),(198,'dafa-raditya-kamil-NtoVv','3190','0133940694','DAFA RADITYA KAMIL','male','Islam',NULL,'081928316171','DAFARADITYAKAMIL@mail.com','KEBUMEN','2013-03-23','Kalibagor','kandung',NULL,NULL,4,NULL,'$2y$10$2cWTMk8un7Xpvi7F0e7qS.7x9TZnPpWzmx4P4ONaNG2.XIiRkSy/O',NULL,NULL,1,'2023-05-31 08:18:53','2023-05-31 08:18:53',NULL),(199,'erlina-dwi-rahayu-iGEXd','3191','0127881811','ERLINA DWI RAHAYU','female','Islam',NULL,'087871742777','ERLINADWIRAHAYU@mail.com','KEBUMEN','2012-09-18','Kalibagor','kandung',NULL,NULL,4,NULL,'$2y$10$lD/wTTKA8tTosxBEQdKFu.YtyGWNA.ZTnJYqYs0TTAK3IfnkoL2BG',NULL,NULL,1,'2023-05-31 08:18:53','2023-05-31 08:18:53',NULL),(200,'faiz-aditya-pratama-YvUCv','3192','0126487983','FAIZ ADITYA PRATAMA','male','Islam',NULL,'083173341394','FAIZADITYAPRATAMA@mail.com','KEBUMEN','2012-05-16','Kalibagor','kandung',NULL,NULL,4,NULL,'$2y$10$ThzFZ9cWeSehs7MffcKkg.y97/8s/PsX4TColtuTMfaD6kUhpf5Ku',NULL,NULL,1,'2023-05-31 08:18:54','2023-05-31 08:18:54',NULL),(201,'fazry-hafiz-maulana-hHUBU','3193','0139150857','FAZRY HAFIZ MAULANA','male','Islam',NULL,'081226494489','FAZRYHAFIZMAULANA@mail.com','KEBUMEN','2013-05-12','Kalibagor','kandung',NULL,NULL,4,NULL,'$2y$10$NXwnwSbtcu9ccDtHOeNlHeFk3s9vJcPAxi8yCj7STbnHcFKAn0B6O',NULL,NULL,1,'2023-05-31 08:18:54','2023-05-31 08:18:54',NULL),(202,'feby-aulia-putri-ebWfx','3194','0139050558','FEBY AULIA PUTRI','female','Islam',NULL,'085776605846','FEBYAULIAPUTRI@mail.com','KEBUMEN','2013-02-12','Kalibagor','kandung',NULL,NULL,4,NULL,'$2y$10$8kL/py/FHYrgFpBZ6zWq3uJGebFjhaTG0gnbKOwd7.5SO4v1uNRBC',NULL,NULL,1,'2023-05-31 08:18:54','2023-05-31 08:18:54',NULL),(203,'firman-irawan-zyU9y','3195','0132497420','FIRMAN IRAWAN','male','Islam',NULL,'083869928608','FIRMANIRAWAN@mail.com','KEBUMEN','2013-06-28','Kalibagor','kandung',NULL,NULL,4,NULL,'$2y$10$9zUKBOchKHAEi9fjOuN2yOuvVfWq9z8cCYvgxwuUjIa5pRuqqnFSK',NULL,NULL,1,'2023-05-31 08:18:54','2023-05-31 08:18:54',NULL),(204,'khalifah-khairunnisa-mjp1c','3196','0131963133','KHALIFAH KHAIRUNNISA','female','Islam',NULL,'0895382732486','KHALIFAHKHAIRUNNISA@mail.com','KEBUMEN','2013-04-14','Kalibagor','kandung',NULL,NULL,4,NULL,'$2y$10$Jv71JufGqaHfA.4HSEq3qOEbzDmQh1BpilUgQd/TJ3e7kSI3vDQlK',NULL,NULL,1,'2023-05-31 08:18:54','2023-05-31 08:18:54',NULL),(205,'nada-alifatul-farihah-y9LNj','3197','0136857805','Nada Alifatul Farihah','female','Islam',NULL,'083801051229','NadaAlifatulFarihah@mail.com','Kebumen','2013-07-16','Kalibagor','kandung',NULL,NULL,4,NULL,'$2y$10$rZgOHM48s3nWOLQ8P9WIYuEkgaN8hF3mFe5XJSu.5WhAYjGBdDb6u',NULL,NULL,1,'2023-05-31 08:18:54','2023-05-31 08:18:54',NULL),(206,'nailah-sahil-azzahra-IzOFS','3198','0125406049','NAILAH SAHIL AZZAHRA','female','Islam',NULL,'0895410453737','NAILAHSAHILAZZAHRA@mail.com','KEBUMEN','2012-09-22','Kalibagor','kandung',NULL,NULL,4,NULL,'$2y$10$POUNfY20N7xpmEqttpvE9O4zMARmLpvF54pG9ttYtSbJgK2QUI.aO',NULL,NULL,1,'2023-05-31 08:18:54','2023-05-31 08:18:54',NULL),(207,'nita-nur-oktavia-O4OLY','3199','0136476519','NITA NUR OKTAVIA','female','Islam',NULL,'089687534714','NITANUROKTAVIA@mail.com','KEBUMEN','2013-03-02','Kalibagor','kandung',NULL,NULL,4,NULL,'$2y$10$tt5cNABYzvTJGSdKndtFzOdiW5BNoKmYzV6dAy/YHpsKW772JPAd6',NULL,NULL,1,'2023-05-31 08:18:54','2023-05-31 08:18:54',NULL),(208,'rafa-saputra-yoPil','3200','0132192653','RAFA SAPUTRA','male','Islam',NULL,'0895384630503','RAFASAPUTRA@mail.com','KEBUMEN','2013-05-11','Kalibagor','kandung',NULL,NULL,4,NULL,'$2y$10$P1ctvp0qo3huXgM4Yx.0OOiojFibolEvk4KnGX63ji2Yex27.p79y',NULL,NULL,1,'2023-05-31 08:18:54','2023-05-31 08:18:54',NULL),(209,'rasyiidan-al-ahmad-simpati-adji-n08h1','3201','0127260748','RASYIIDAN AL AHMAD SIMPATI ADJI','male','Islam',NULL,'082136089151','RASYIIDAN@mail.com','BEKASI','2012-08-11','Kalibagor','kandung',NULL,NULL,4,NULL,'$2y$10$67GVZ953KW/NZNxhsuZ.HOeY.CBQjGtGzMUOBUqIk3Z4/6dbDGOw.',NULL,NULL,1,'2023-05-31 08:18:54','2023-05-31 08:18:54',NULL),(210,'sekar-dwi-ramadhan-oKX27','3202','0135796279','SEKAR DWI RAMADHAN','female','Islam',NULL,'081291789998','SEKAR@mail.com','JAKARTA','2013-07-19','Jl. Kalibaru Barat IV','kandung',NULL,NULL,4,NULL,'$2y$10$/yFZoiZgfhLDlUfv6H5IcONMOldo1aMYR.SB1xZvtgub/wNBL78Bi',NULL,NULL,1,'2023-05-31 08:18:54','2023-05-31 08:18:54',NULL),(211,'siti-alifah-nur-atizah-ngG7Z','3203','0138361874','SITI ALIFAH NUR ATIZAH','female','Islam',NULL,'083154538022','SITI@mail.com','KEBUMEN','2013-09-12','Kalibagor','kandung',NULL,NULL,4,NULL,'$2y$10$jD0ZzzlUdBHxvkRWIjs8U.XwxX9U.isNqeaTENyjq21ab2UZZzV7W',NULL,NULL,1,'2023-05-31 08:18:54','2023-05-31 08:18:54',NULL),(212,'ummu-nur-salimah-BuJ71','3204','0134736490','Ummu Nur Salimah','female','Islam',NULL,'088238904255','Ummu@mail.com','Kebumen','2013-02-01','Kalibagor','kandung',NULL,NULL,4,NULL,'$2y$10$mkVfxtRE8NwNAqhBgF50k.tINzPrpcFCAM23iHW4L9McWeAGrk.LG',NULL,NULL,1,'2023-05-31 08:18:54','2023-05-31 08:18:54',NULL),(213,'yudha-khoerul-azzam-I6MXj','3205','0121305936','YUDHA KHOERUL AZZAM','male','Islam',NULL,'089638580770','YUDHA@mail.com','BANDUNG','2012-10-09','Kp. Cibirubeet','kandung',NULL,NULL,4,NULL,'$2y$10$DLiNN0yHE8YRnH..Hp624uLbmWYkyK5wTwWJp0gLTbTanHkcUwr/q',NULL,NULL,1,'2023-05-31 08:18:54','2023-05-31 08:18:54',NULL),(233,'aisah-evi-novita-pXvG3','3157','0127441831','AISAH EVI NOVITA','female','Islam',NULL,'0895384045796','AISAH@mail.com','KEBUMEN','2012-11-13','Tlimbeng Lundong','kandung',NULL,NULL,5,NULL,'$2y$10$SU7zpSpZO9QmnSQImxwWv.oJKB6oTRWWtV99ROVvJzXExTpUhFvGC',NULL,NULL,1,'2023-05-31 08:20:16','2023-05-31 08:20:16',NULL),(234,'devi-oktavia-osj6Q','3158','0116548441','DEVI OKTAVIA','female','Islam',NULL,'085643420856','DEVI@mail.com','KEBUMEN','2011-10-06','JL KALIBAGOR','kandung',NULL,NULL,5,NULL,'$2y$10$.f2HNQqxke3QnGc4Nh9d/eU1yiZB0DEJOZ5KVOj3glwLNAN2mud8m',NULL,NULL,1,'2023-05-31 08:20:16','2023-05-31 08:20:16',NULL),(235,'imam-nur-rohman-AvC8V','3159','0118452931','Imam Nur Rohman','male','Islam',NULL,'082188299735','Imam@mail.com','Kebumen','2011-12-12','Kalibagor','kandung',NULL,NULL,5,NULL,'$2y$10$qR/4RsU90RzrOIxovO9fcewCIisVicFa7J/rgAf3RBiHJVl8xm1ri',NULL,NULL,1,'2023-05-31 08:20:16','2023-05-31 08:20:16',NULL),(236,'khanaya-ramadhani-VTosb','3160','0123295694','Khanaya Ramadhani','female','Islam',NULL,'087818191667','Khanaya@mail.com','Kebumen','2012-08-14','Kalibagor','kandung',NULL,NULL,5,NULL,'$2y$10$kIFMt3TKRa7P2iL0f3qTUugV2xsdRiGB9NwekFlhpXQbXxJFKJGRq',NULL,NULL,1,'2023-05-31 08:20:16','2023-05-31 08:20:16',NULL),(237,'kharisma-aprilia-AEAOD','3161','0129491691','Kharisma Aprilia','female','Islam',NULL,'08882990429','Kharisma@mail.com','Kebumen','2012-04-04','Kalibagor','kandung',NULL,NULL,5,NULL,'$2y$10$ORj.5E33eVHjOCN0mSO7WOuSL4idR804bW55w8ob2zLOGCJhKWr/y',NULL,NULL,1,'2023-05-31 08:20:16','2023-05-31 08:20:16',NULL),(238,'kharisma-fika-oktaviani-3SQwz','3162','0114406638','Kharisma Fika Oktaviani','female','Islam',NULL,'083839041367','Kharisma@mail.com','Kebumen','2011-10-19','Kalibagor','kandung',NULL,NULL,5,NULL,'$2y$10$8HZCbLjrD7hFCKe1/u7XIuMYM8HVz1cXtpEj.nkQp03IKfiUQIKGu',NULL,NULL,1,'2023-05-31 08:20:17','2023-05-31 08:20:17',NULL),(239,'kiandra-abi-bilfalaq-mulyanto-nY7AZ','3163','0128577056','KIANDRA ABI \' BILFALAQ MULYANTO','male','Islam',NULL,'081513989853','KIANDRA@mail.com','KEBUMEN','2012-08-13','Kalibagor','kandung',NULL,NULL,5,NULL,'$2y$10$b7pO8MS0D4Zbfx5SXcpO8.HHQ0t5Xyci3rwjZAnaQU0QVi/HllKZ2',NULL,NULL,1,'2023-05-31 08:20:17','2023-05-31 08:20:17',NULL),(240,'marcell-aditya-wily-nwhfb','3164','0123339272','MARCELL ADITYA WILY','male','Islam',NULL,'089617961244','MARCELL@mail.com','KEBUMEN','2012-03-10','Kalibagor','kandung',NULL,NULL,5,NULL,'$2y$10$0RIms9ZA6Mup2QYGpJC1m.kNnNKSp4uXqeBhg6TZwoQkgNkuXAw76',NULL,NULL,1,'2023-05-31 08:20:17','2023-05-31 08:20:17',NULL),(241,'najwa-salsabila-aYep3','3165','0116439014','Najwa Salsabila','female','Islam',NULL,'083861181566','Najwa@mail.com','Pemalang','2011-05-28','Kalibagor','kandung',NULL,NULL,5,NULL,'$2y$10$2KCyC1jji6.3u48TBIl4Zudx4kl8ajdim73UABfgJs3.RTsw3zXaS',NULL,NULL,1,'2023-05-31 08:20:17','2023-05-31 08:20:17',NULL),(242,'nia-safana-tvFxF','3166','0118292330','Nia Safana','female','Islam',NULL,'089526821499','Nia@mail.com','Kebumen','2011-12-27','Kalibagor','kandung',NULL,NULL,5,NULL,'$2y$10$qIvFiNnxK7fOJbmsGc.JluBm4kNoOj6PF/veNfjbXLtF46f6IE7W6',NULL,NULL,1,'2023-05-31 08:20:17','2023-05-31 08:20:17',NULL),(243,'nur-istingatun-marfuah-z8h5g','3167','0127267040','Nur Istingatun Marfu\'ah','female','Islam',NULL,'083895508757','Marfu\'ah@mail.com','Kebumen','2012-02-28','Kalibagor','kandung',NULL,NULL,5,NULL,'$2y$10$kq/D.PXv79ap8a3KfJqaW.n2yt8duAY/5rZst3dHP3kJwcSMZG6Jm',NULL,NULL,1,'2023-05-31 08:20:17','2023-05-31 08:20:17',NULL),(244,'nurin-khofifaeni-Vo2BT','3168','0126999548','Nurin Khofifaeni','female','Islam',NULL,'089614717748','Nurin@mail.com','Kebumen','2012-03-12','Kalibagor','kandung',NULL,NULL,5,NULL,'$2y$10$62Bmlj1B8EMCdWtAhQh4L.6tVLgdzUt52OcY5jL.bn/JZMxEotkMS',NULL,NULL,1,'2023-05-31 08:20:17','2023-05-31 08:20:17',NULL),(245,'rizah-fathur-rohmah-Iy4Zm','3169','0127556439','Rizah Fathur Rohmah','female','Islam',NULL,'085871634781','Rizah@mail.com','Kebumen','2012-03-15','Kalibagor','kandung',NULL,NULL,5,NULL,'$2y$10$O6vz7GLjyf.6WUxefFFqaOY3SjBGq/osnqUhuTkXdf.KORTwWLD5u',NULL,NULL,1,'2023-05-31 08:20:17','2023-05-31 08:20:17',NULL),(246,'tyas-titis-mahanani-1cxbE','3171','0115549216','Tyas Titis Mahanani','female','Islam',NULL,'081296077497','Mahanani@mail.com','Kebumen','2011-12-04','Kalibagor','kandung',NULL,NULL,5,NULL,'$2y$10$vEcFV0h8//s6rxslVpDndOUbz2sUiMf5LdKAaLQ3/KqacT8.dlaJ2',NULL,NULL,1,'2023-05-31 08:20:17','2023-05-31 08:20:17',NULL),(247,'ulva-alfariesya-ZJGPl','3172','0126625015','Ulva Alfariesya','female','Islam',NULL,'082135899023','Alfariesya@mail.com','Kebumen','2012-05-16','Kalibagor','kandung',NULL,NULL,5,NULL,'$2y$10$OF/JDEvcEX58kDIt78gnA.XzJDIie.u7vEDxgvPyMi6ookVfP0Cr.',NULL,NULL,1,'2023-05-31 08:20:17','2023-05-31 08:20:17',NULL),(248,'umroh-nur-fadilah-ZAlJd','3173','0111724216','UMROH NUR FADILAH','female','Islam',NULL,'0895424401818','UMROH@mail.com','KEBUMEN','2011-09-22','Kalibagor','kandung',NULL,NULL,5,NULL,'$2y$10$vI7dQCmtWlAVUIE41Xvo5ucbVi71XMVw43n7gkp72vNTNq3jwURzC',NULL,NULL,1,'2023-05-31 08:20:17','2023-05-31 08:20:17',NULL),(249,'vania-khanza-putri-WfJq2','3174','0122356738','Vania Khanza Putri','female','Islam',NULL,'083144793950','Vania@mail.com','Kebumen','2012-07-01','Kalibagor','kandung',NULL,NULL,5,NULL,'$2y$10$ZDvagExkdxtxqbQK71X1IObUH73iovLF6oLiO0zyHvX.mzvI7RSTy',NULL,NULL,1,'2023-05-31 08:20:17','2023-05-31 08:20:17',NULL),(250,'zada-maulana-hasan-l8Z6a','3175','0128137437','Zada Maulana Hasan','male','Islam',NULL,'081390886451','Zada@mail.com','Jakarta','2012-03-14','Jl. Cipinang Muara 1','kandung',NULL,NULL,5,NULL,'$2y$10$PDQ0o7nAlUAOjiKgjgoFuOm7e80Y5ju7WcbvJF1oD..TER8ccOA86',NULL,NULL,1,'2023-05-31 08:20:17','2023-05-31 08:20:17',NULL),(251,'zahra-lathifah-maisaroh-Pink0','3242','0124447184','ZAHRA LATHIFAH MAISAROH','female','Islam',NULL,'081334945745','ZAHRA@mail.com','Kebumen','2012-05-20','Kalibagor','kandung',NULL,NULL,5,NULL,'$2y$10$sEKv0D6GXVQpHmx02ERq7eNez.0JgWByRNY67gbD8tEg839jFjsNm',NULL,NULL,1,'2023-05-31 08:20:17','2023-05-31 08:20:17',NULL),(305,'afifa-silfi-kurnia-putri-6OajX','3131','0119932784','AFIFA SILFI KURNIA PUTRI','female','Islam',NULL,'085647580968','AFIFA@mail.com','Kebumen','2011-03-27','Kalibagor','kandung',NULL,NULL,6,NULL,'$2y$10$na9GYSaOCL445BXoL4rrF.b7Cn2ZzmCYixvDeKn6utA5GZdJyIvm.',NULL,NULL,1,'2023-05-31 08:25:42','2023-05-31 08:25:42',NULL),(306,'ahmad-chatib-hasani-1TeEN','3132','0105169279','AHMAD CHATIB HASANI','male','Islam',NULL,'085878281445','CHATIB@mail.com','Kebumen','2010-10-04','Kalibagor','kandung',NULL,NULL,6,NULL,'$2y$10$cYXr6Z2Zlc6y4wWGWJUJ7uMX4YMHc0xSJkQzRb0cAWZQC4ErhbTfW',NULL,NULL,1,'2023-05-31 08:25:42','2023-05-31 08:25:42',NULL),(307,'aji-himawan-nugroho-Hmkb0','3133','0111691083','AJI HIMAWAN NUGROHO','male','Islam',NULL,'088228833271','HIMAWAN@mail.com','Kebumen','2011-07-25','Kalibagor','kandung',NULL,NULL,6,NULL,'$2y$10$yLs7T7AGf1BVEA5BoNuVW.uwEHbGNXCg2VfI9HS9VUdMk5drMpRpm',NULL,NULL,1,'2023-05-31 08:25:42','2023-05-31 08:25:42',NULL),(308,'akmal-auda-il-wafa-65qqX','3134','0122805613','AKMAL AUDA \' IL WAFA','male','Islam',NULL,'088293106351','WAFA@mail.com','Kebumen','2012-01-01','Kalibagor','kandung',NULL,NULL,6,NULL,'$2y$10$V82dpk.F50hxhMN.tNgpMuj5ro0FDBF6.7Ax8uIdg4pqqpjMRoF6G',NULL,NULL,1,'2023-05-31 08:25:42','2023-05-31 08:25:42',NULL),(309,'alfika-agustin-QKdEO','3135','0111901798','ALFIKA AGUSTIN','female','Islam',NULL,'089685525860','ALFIKA@mail.com','Kebumen','2011-08-17','Kalibagor','kandung',NULL,NULL,6,NULL,'$2y$10$gCoypB8OkJpd7R6fDtz11u0d5CvH56o0Ds5XM9gAGzO56qAs4VE1q',NULL,NULL,1,'2023-05-31 08:25:42','2023-05-31 08:25:42',NULL),(310,'amelia-zahrosyita-ky2Ma','3177','0107901920','Amelia Zahrosyita','female','Islam',NULL,'083865424582','Amelia@mail.com','Jakarta','2010-08-09','Rawa Melati','kandung',NULL,NULL,6,NULL,'$2y$10$ef16C2aG0Jfp3XYz.9aeQupLxy33lw5c27xOhFXhELm.gnWeXJd2u',NULL,NULL,1,'2023-05-31 08:25:42','2023-05-31 08:25:42',NULL),(311,'ana-marifatul-ramadani-9cHZL','3137','0102285596','ANA MA\'RIFATUL RAMADANI','female','Islam',NULL,'087774582575','ANA@mail.com','Kebumen','2010-08-22','Kalibagor','kandung',NULL,NULL,6,NULL,'$2y$10$3nyj2v18V9AhoO3iAYZneOVBCTbFNr897UMXqvIdE/fRADRZ8RcAG',NULL,NULL,1,'2023-05-31 08:25:42','2023-05-31 08:25:42',NULL),(312,'andhika-pratama-UKIz3','3139','0103559033','ANDHIKA PRATAMA','male','Islam',NULL,'083186543564','ANDHIKA@mail.com','KEBUMEN','2010-09-16','Kalibagor','kandung',NULL,NULL,6,NULL,'$2y$10$SNHJ8yGE9vdHrv85OCyq1uXI9WvVZTQyJ1nE/CTvpKZDk8KY0xaUS',NULL,NULL,1,'2023-05-31 08:25:42','2023-05-31 08:25:42',NULL),(313,'andika-akbar-putra-6KBdR','3138','0104914893','ANDIKA AKBAR PUTRA','male','Islam',NULL,'08884009684','PUTRA@mail.com','Kebumen','2010-09-04','Kalibagor','kandung',NULL,NULL,6,NULL,'$2y$10$PrYJm6fyHHildD109NgUve03BzFu/AJZoJZQ4szlaAA1ctPjXW8wO',NULL,NULL,1,'2023-05-31 08:25:42','2023-05-31 08:25:42',NULL),(314,'askhia-nadsyifatul-malikha-Vdh5o','3140','0113609493','ASKHIA NADSYIFATUL MALIKHA','female','Islam',NULL,'08816659411','ASKHIA@mail.com','KEBUMEN','2011-07-17','Kalibagor','kandung',NULL,NULL,6,NULL,'$2y$10$DDfkOBEeYRqAzE0XU3Ui7eFhoDeBkU0/QnsZXyU5cMrrzG9Nhu0y.',NULL,NULL,1,'2023-05-31 08:25:42','2023-05-31 08:25:42',NULL),(315,'azkiya-keyda-syarifa-eQiwp','3141','0114253571','AZKIYA KEYDA SYARIFA','female','Islam',NULL,'085771995374','AZKIYA@mail.com','Kebumen','2011-01-15','Kalibagor','kandung',NULL,NULL,6,NULL,'$2y$10$HBOMm8JYZI..A6IM3RjvLOKBd2/cBFL4dVfwDjEYSDdALvoP8JKeq',NULL,NULL,1,'2023-05-31 08:25:43','2023-05-31 08:25:43',NULL),(316,'azzahrotun-niza-OEECY','3142','0116737876','AZZAHROTUN NIZA','female','Islam',NULL,'089527266263','AZZAHROTUN@mail.com','Kebumen','2011-06-04','Kalibagor','kandung',NULL,NULL,6,NULL,'$2y$10$FIbzwuOXhrKKS.zwpr1RAe3PG1vCpfFUJE0P.wVVC.JFFao9nCljy',NULL,NULL,1,'2023-05-31 08:25:43','2023-05-31 08:25:43',NULL),(317,'daffa-mussrifalno-R5EoD','3105','0102887532','DAFFA MUSSRIFALNO','male','Islam',NULL,'0859138741469','MUSSRIFALNO@mail.com','BEKASI','2010-07-31','Perum. Griya Bekasi 2 Blok B.25 NO.12A','kandung',NULL,NULL,6,NULL,'$2y$10$b1H8WK8/RLrM4Umoy69iLu7YJCzgHBvLNE1IA0zG72ymUHZO6QRGS',NULL,NULL,1,'2023-05-31 08:25:43','2023-05-31 08:25:43',NULL),(318,'dewi-nur-fianasari-BOYiH','3143','0117276656','DEWI NUR FIANASARI','female','Islam',NULL,'089681569817','FIANASARI@mail.com','KEBUMEN','2011-07-27','Kalibagor','kandung',NULL,NULL,6,NULL,'$2y$10$/4QRTTvpBQSZ4vO5SpM0cuiwz.XtrCoqOLrsV8V9GaTNbA7XSIGGG',NULL,NULL,1,'2023-05-31 08:25:43','2023-05-31 08:25:43',NULL),(319,'farhanu-rizqi-VFep6','3144','0118497164','FARHANU RIZQI','male','Islam',NULL,'089508983023','FARHANU@mail.com','Kebumen','2011-01-19','Kalibagor','kandung',NULL,NULL,6,NULL,'$2y$10$Yba/YmC.OveMSKA/vpHNZeL44o1lSS1YFIagpL7.0BezCMBbHrkB.',NULL,NULL,1,'2023-05-31 08:25:43','2023-05-31 08:25:43',NULL),(320,'febriana-mukaromah-YuRWT','3145','0108711327','FEBRIANA MUKAROMAH','female','Islam',NULL,'087825221692','MUKAROMAH@mail.com','WONOSOBO','2010-02-07','Wadaslintang','kandung',NULL,NULL,6,NULL,'$2y$10$DWwwQephlY.knZUq73cW3Otrs50HiibgrwObPvGSP2HId7K9EdXHi',NULL,NULL,1,'2023-05-31 08:25:43','2023-05-31 08:25:43',NULL),(321,'indri-selviana-zZoWu','3147','0118319663','INDRI SELVIANA','female','Islam',NULL,'083135730651','INDSEL@mail.com','KEBUMEN','2011-02-25','Kalibagor','kandung',NULL,NULL,6,NULL,'$2y$10$mx28OAXK5Y12GprLFbq8we/l5QivuBOLTZxVXdqPIDeQgEv.Rmv0u',NULL,NULL,1,'2023-05-31 08:25:43','2023-05-31 08:25:43',NULL),(322,'moh-fazri-saputra-jvfeo','3148','0115696234','MOH FAZRI SAPUTRA','male','Islam',NULL,'089654492278','MOH@mail.com','KEBUMEN','2011-10-30','Kalibagor','kandung',NULL,NULL,6,NULL,'$2y$10$50ayqvOvjO.BaylVVwFFqehveSwkWiv6SJ7K6nDDJlfyztQtPR4zK',NULL,NULL,1,'2023-05-31 08:25:43','2023-05-31 08:25:43',NULL),(323,'muhamad-alfin-ghifari-BG1EB','3149','0117815665','MUHAMAD ALFIN GHIFARI','male','Islam',NULL,'087718878931','GHIFARI@mail.com','KEBUMEN','2011-06-30','Kalibagor','kandung',NULL,NULL,6,NULL,'$2y$10$nv26Hsd.ioqMzVTf2wNwLu4Dn/uXV4dKv3GthFAmzRAYLi4dJgdA6',NULL,NULL,1,'2023-05-31 08:25:43','2023-05-31 08:25:43',NULL),(324,'muhamad-ilyas-gYB9M','3150','0115217820','MUHAMAD ILYAS','male','Islam',NULL,'081291789998','ILYAS@mail.com','KEBUMEN','2011-09-05','Kalibagor','kandung',NULL,NULL,6,NULL,'$2y$10$e/hDv46qRWKF1TvOj6sJJeleClmYkNoNjHq7ZyYckgIcdMlciwOd2',NULL,NULL,1,'2023-05-31 08:25:43','2023-05-31 08:25:43',NULL),(325,'muhammad-alfin-fadilah-SPwy4','3209','0116838130','MUHAMMAD ALFIN FADILAH','male','Islam',NULL,'088211281969','FADILAH@mail.com','KEBUMEN','2011-05-10','KALIBAGOR','kandung',NULL,NULL,6,NULL,'$2y$10$PPqdgCYMCiHZk3flX.QLU.Utstx3dahdohlHY2.ItJf66mYLKnXdm',NULL,NULL,1,'2023-05-31 08:25:43','2023-05-31 08:25:43',NULL),(326,'muhammad-rafli-hamdani-yWzzP','3151','0126908524','MUHAMMAD RAFLI HAMDANI','male','Islam',NULL,'085218225923','HAMDANI@mail.com','Jakarta','2012-01-20','Jl. Kalibagu Barat IIA','kandung',NULL,NULL,6,NULL,'$2y$10$k9m3vlm1pRjCa9j5ZQ6MtePhcpsVLGzBRcO79YyilfSpmsY3wBm5S',NULL,NULL,1,'2023-05-31 08:25:43','2023-05-31 08:25:43',NULL),(327,'nur-ika-rahmadhani-k2Ezr','3152','0117219383','NUR IKA RAHMADHANI','female','Islam',NULL,'089525776575','NURIKA@mail.com','KLATEN','2011-07-31','Kalibagor','kandung',NULL,NULL,6,NULL,'$2y$10$cv1oEzQ9IWRQBiGUztXcRO2OLILtmV0MVqIDnDfEmzCFwWod/wRjW',NULL,NULL,1,'2023-05-31 08:25:43','2023-05-31 08:25:43',NULL),(328,'ramadhani-choerunnisa-3kQIm','3153','0113737806','RAMADHANI CHOERUNNISA','female','Islam',NULL,'083109433620','CHOERUNNISA@mail.com','KEBUMEN','2011-08-29','Kalibagor','kandung',NULL,NULL,6,NULL,'$2y$10$5jPa0xlNFTfL83KHcA08xeIAB8wnG9kkCEZQTiGuzClGg50iWEo2u',NULL,NULL,1,'2023-05-31 08:25:44','2023-05-31 08:25:44',NULL),(329,'rheina-riska-nur-oktavia-neAxr','3154','0107752823','RHEINA RISKA NUR OKTAVIA','female','Islam',NULL,'088221830016','RHEINA@mail.com','KEBUMEN','2010-10-26','Panggel','kandung',NULL,NULL,6,NULL,'$2y$10$aDIoN4j0lkMDstR6nd3W..14ZUAhqZhpCXYDLvnmDX2825e5gjxYS',NULL,NULL,1,'2023-05-31 08:25:44','2023-05-31 08:25:44',NULL),(330,'silvana-aprilia-k5hsZ','3155','0115738172','SILVANA APRILIA','female','Islam',NULL,'09','SILVANA@mail.com','KEBUMEN','2011-04-16','Karangpetalan','kandung',NULL,NULL,6,NULL,'$2y$10$/XPbUPjNTGtD/GD9Ta85rOHJ3UOzuCFG.Fn9628J/MpDMMhb1qArW',NULL,NULL,1,'2023-05-31 08:25:44','2023-05-31 08:25:44',NULL),(331,'wahyu-ramdhani-putra-KpoCF','3156','0119176906','WAHYU RAMDHANI PUTRA','male','Islam',NULL,'09','WAHYU@mail.com','KEBUMEN','2011-08-20','Kalibagor','kandung',NULL,NULL,6,NULL,'$2y$10$S/iYOKHj.r.qBTz3MyEmX.C1QhVONzE07DFFzL1DcIKvhFgzd6wPa',NULL,NULL,1,'2023-05-31 08:25:44','2023-05-31 08:25:44',NULL);
/*!40000 ALTER TABLE `users` ENABLE KEYS */;
UNLOCK TABLES;

--
-- Dumping events for database 'sdn1kalibagorkbm_raport'
--

--
-- Dumping routines for database 'sdn1kalibagorkbm_raport'
--
/*!40103 SET TIME_ZONE=@OLD_TIME_ZONE */;

/*!40101 SET SQL_MODE=@OLD_SQL_MODE */;
/*!40014 SET FOREIGN_KEY_CHECKS=@OLD_FOREIGN_KEY_CHECKS */;
/*!40014 SET UNIQUE_CHECKS=@OLD_UNIQUE_CHECKS */;
/*!40101 SET CHARACTER_SET_CLIENT=@OLD_CHARACTER_SET_CLIENT */;
/*!40101 SET CHARACTER_SET_RESULTS=@OLD_CHARACTER_SET_RESULTS */;
/*!40101 SET COLLATION_CONNECTION=@OLD_COLLATION_CONNECTION */;
/*!40111 SET SQL_NOTES=@OLD_SQL_NOTES */;

-- Dump completed on 2023-07-15  4:01:02
